Unnamed: 0,year,price,km_driven,fuel,mileage(Ltr)
0,2014,450000,145500,Diesel,23.4
1,2014,370000,120000,Diesel,21.14
2,2006,158000,140000,Petrol,17.7
3,2010,225000,127000,Diesel,23.0
4,2007,130000,120000,Petrol,16.1
5,2017,440000,45000,Petrol,20.14
6,2007,96000,175000,LPG,17.3
8,2011,350000,90000,Diesel,23.59
9,2013,200000,169000,Diesel,20.0
10,2014,500000,68000,Diesel,19.01
11,2005,92000,100000,Petrol,17.3
12,2009,280000,140000,Diesel,19.3
13,2007,200000,80000,Petrol,19.3
14,2009,180000,90000,Petrol,18.9
15,2016,400000,40000,Petrol,18.15
16,2016,778000,70000,Diesel,24.52
17,2012,500000,53000,Diesel,23.0
18,2002,150000,80000,Petrol,19.7
19,2016,680000,100000,Diesel,22.54
20,2011,174000,100000,Diesel,21.0
21,2017,950000,50000,Diesel,25.5
22,2015,525000,40000,Diesel,26.59
23,2012,600000,72000,Diesel,21.5
24,2018,500000,35000,Petrol,20.3
25,2016,575000,45000,Petrol,21.4
26,2017,275000,28000,Petrol,24.7
27,2013,300000,70000,Diesel,18.2
28,2009,220000,120000,Petrol,18.9
29,2018,254999,25000,Petrol,16.8
30,2017,670000,70000,Diesel,24.3
31,2003,70000,50000,Petrol,19.3
32,2012,150000,35000,Petrol,14.0
33,2018,730000,2388,Petrol,18.6
34,2017,650000,16200,Diesel,24.3
36,2019,366000,15000,Petrol,23.95
37,2019,1149000,5000,Petrol,17.0
38,2016,150000,42000,Petrol,20.63
39,2011,425000,60000,Diesel,13.93
40,2012,150000,76000,Petrol,16.1
42,2018,925000,28900,Petrol,17.8
43,2013,425000,86300,Petrol,16.8
44,2018,675000,23300,Petrol,18.5
45,2018,819999,32600,Diesel,24.3
46,2018,390000,10300,Petrol,23.95
48,2013,700000,99000,Diesel,12.99
50,2015,425000,49800,Diesel,24.7
51,2013,1090000,151000,Diesel,13.5
52,2015,600000,54700,Diesel,26.0
53,2018,850000,64000,Petrol,20.65
54,2015,525000,63000,Diesel,27.3
56,2016,950000,99000,Diesel,12.99
61,2011,265000,120000,Diesel,21.12
62,2011,190000,110000,Petrol,20.36
63,2013,425000,60000,Diesel,21.27
64,2015,630000,147000,Diesel,26.59
65,2017,600000,25000,Petrol,18.16
66,2019,650000,30000,Petrol,21.4
67,2016,540000,40000,Diesel,22.0
68,2015,630000,135000,Diesel,25.1
69,2018,448000,30000,Petrol,20.51
70,2017,500000,80000,Diesel,21.66
71,2016,745000,70000,Diesel,24.3
72,2019,1025000,9850,Diesel,24.3
73,2011,235000,60000,Petrol,20.36
74,2016,630000,70000,Diesel,25.2
76,2013,450000,120000,Diesel,22.9
77,2012,450000,120000,Petrol,16.02
78,2003,50000,70000,Diesel,19.3
79,2013,450000,170000,Diesel,20.54
80,2016,1200000,140000,Diesel,12.99
81,2015,610000,90000,Diesel,22.77
83,2017,484999,10000,Petrol,23.1
84,2016,275000,49000,Petrol,19.02
85,2016,315000,32000,Petrol,24.7
86,2016,275000,38000,Petrol,24.7
87,2015,475000,78000,Diesel,19.3
88,2012,290000,28000,Petrol,19.81
89,2017,280000,32000,Petrol,14.0
90,2010,225000,44000,LPG,26.2
91,2015,455000,42000,Petrol,16.47
92,2015,351000,45000,Petrol,19.81
93,2012,535000,12000,Petrol,15.04
94,2009,175000,55500,Petrol,18.2
95,2013,525000,61500,Petrol,18.5
96,2016,600000,150000,Diesel,26.59
97,2016,565000,72000,Petrol,19.1
98,2008,120000,68000,Petrol,19.7
99,2017,725000,110000,Diesel,22.54
100,2009,185000,77000,Petrol,21.79
101,2010,200000,100000,Diesel,18.8
102,2019,615000,10000,Petrol,21.21
103,2016,270000,100000,Petrol,15.37
104,2018,610000,35000,Petrol,21.4
105,2014,625000,70000,Diesel,11.79
106,2020,400000,5000,Petrol,19.0
107,2017,866000,37800,Petrol,17.0
108,2010,700000,114000,Petrol,14.3
109,2010,300000,48000,Petrol,15.8
111,2016,375000,100000,Diesel,19.09
112,2013,522000,150000,Diesel,22.32
113,2013,451999,69000,Diesel,21.9
114,2009,300000,100000,Petrol,14.53
115,2020,475000,13000,Petrol,21.63
116,2016,780000,60000,Diesel,24.3
117,2017,595000,40000,Petrol,20.85
118,2017,440000,35000,Petrol,20.51
119,2010,300000,120000,Diesel,19.3
120,2014,400000,70000,Diesel,20.45
121,2016,1140000,50000,Diesel,19.67
122,2017,850000,76139,Diesel,23.0
123,2012,370000,175000,Diesel,19.3
124,2018,350000,25000,Petrol,23.01
125,2015,360000,40000,Petrol,23.1
126,2008,105000,65000,Petrol,19.7
127,2013,625000,90000,Diesel,20.77
128,2009,135000,80000,Petrol,17.92
129,2015,700000,110000,Diesel,20.77
130,2019,690000,1303,Petrol,17.8
143,2017,795000,41000,Petrol,18.0
144,2013,625000,39000,Petrol,14.28
147,2015,535000,40000,Diesel,26.21
149,2010,975000,72200,Petrol,10.8
150,2016,805000,49900,Petrol,16.3
152,2018,811000,11000,Petrol,17.0
153,2011,375000,49000,Petrol,15.04
154,2012,550000,95000,Petrol,16.3
155,2016,645000,11000,Petrol,14.3
157,2014,599000,46100,Petrol,16.02
159,2017,875000,18000,Petrol,15.6
160,2019,894999,9654,Petrol,19.56
161,2011,175000,11000,Petrol,23.95
162,2012,340000,24300,Petrol,21.21
164,2018,1025000,8000,Diesel,21.5
168,2009,450000,71000,Petrol,12.1
169,2016,850000,20000,Petrol,17.5
171,2011,300000,100000,Diesel,20.54
172,2018,575000,9500,Petrol,18.16
173,2011,160000,120000,Diesel,20.0
174,2015,515000,36600,Petrol,20.4
175,2015,390000,50000,Petrol,20.51
176,2016,550000,14000,Petrol,18.6
178,2010,220000,120000,Diesel,21.1
179,2015,425000,70000,Petrol,18.9
180,2019,480000,13000,Petrol,19.44
181,2014,400000,60000,Petrol,18.9
182,2014,487000,35000,Petrol,19.1
183,2016,386000,44000,Petrol,19.1
184,2005,100000,120000,Petrol,13.0
185,2010,300000,60000,Diesel,21.43
188,2016,450000,15000,Petrol,18.15
189,2017,490000,90000,Diesel,22.95
190,2009,345000,47000,Petrol,17.0
191,2005,85000,90000,Petrol,17.3
192,2010,215000,120600,Petrol,18.9
193,2010,320000,100000,Petrol,16.2
194,2016,459999,60000,Petrol,20.85
195,2005,65000,86000,Petrol,15.3
196,2020,720000,5000,Petrol,18.6
197,2017,800000,37000,Diesel,28.09
198,2019,520000,14000,Petrol,20.3
199,2015,580000,70000,Diesel,20.77
200,2012,235000,120000,Diesel,19.3
201,2015,600000,50000,Petrol,17.4
202,2014,290000,60000,Petrol,19.4
203,2016,360000,50000,CNG,26.6
204,2017,550000,50000,Petrol,20.85
205,2013,375000,70000,Petrol,18.5
206,2003,40000,90000,Petrol,19.3
207,2018,420000,35000,Petrol,20.51
208,2017,550000,20000,Petrol,21.21
209,2018,270000,20000,Petrol,24.7
210,2018,700000,7800,Petrol,22.0
211,2017,500000,20000,Petrol,20.4
212,2019,1250000,15000,Diesel,17.6
213,2013,320000,31377,Petrol,18.5
214,2018,700000,50000,Diesel,28.4
215,2015,290000,60000,Petrol,20.51
216,2012,550000,100000,Petrol,14.53
217,2012,265000,60000,Petrol,19.4
218,2018,830000,5000,Petrol,21.4
219,2017,800000,60000,Diesel,14.1
220,2011,160000,25000,Petrol,19.7
221,2018,335000,30000,Petrol,25.17
222,2017,329000,80000,Petrol,20.63
223,2017,775000,75000,Diesel,24.3
224,2020,524000,32000,Petrol,20.14
225,2015,245000,40000,Petrol,22.74
226,2012,275000,93000,Petrol,17.0
227,2018,520000,60000,Petrol,17.57
228,2008,130000,120000,Petrol,19.3
229,2014,550000,37000,Petrol,16.95
230,2018,910000,15000,Petrol,17.0
231,2015,300000,80000,Petrol,19.49
232,2016,350000,140000,Petrol,20.51
233,2013,900000,70000,Diesel,12.83
234,2013,300000,120000,Diesel,17.21
235,2010,250000,110000,Diesel,21.1
236,2017,1100000,37000,Diesel,19.67
237,2016,270000,44000,Petrol,25.17
238,2015,640000,80000,Diesel,20.77
239,2015,650000,125000,Diesel,15.1
240,2017,409999,13500,Petrol,15.37
241,2011,165000,75000,Petrol,17.92
242,2007,80000,120000,Petrol,13.2
243,2012,535000,120000,Diesel,15.1
244,2013,700000,70000,Diesel,12.99
245,2013,550000,70000,Diesel,23.4
246,2019,680000,15000,Petrol,19.0
247,2009,200000,53000,Petrol,20.36
248,2014,500000,120000,Diesel,23.4
249,2016,1000000,70000,Diesel,24.52
250,2008,110000,120000,Petrol,14.2
251,2012,320000,100000,Petrol,18.5
252,2005,75000,110000,Diesel,19.3
253,2015,350000,100000,Petrol,20.4
254,2013,170000,162500,Diesel,19.4
255,2017,800000,39000,Diesel,22.54
256,2017,500000,75000,Diesel,26.8
258,2019,1300000,40000,Diesel,17.3
259,2013,530000,92500,Diesel,22.32
260,2012,360000,158000,Diesel,23.4
261,2012,310000,120000,Diesel,19.3
262,2015,725000,50000,Diesel,26.0
263,2012,340000,110000,Diesel,19.3
264,2017,550000,2000,Diesel,25.4
265,2011,1150000,181000,Diesel,11.5
266,2016,380000,70000,Diesel,27.28
267,2013,350000,90000,Petrol,17.97
268,2019,610000,2000,Petrol,18.6
269,2015,525000,20000,Petrol,20.85
270,2011,480000,120000,Diesel,12.8
271,2017,780000,35000,Diesel,16.55
272,2012,320000,193000,Diesel,19.3
273,2014,375000,80000,Petrol,20.4
274,2019,300000,40000,Petrol,19.02
275,2015,500000,70000,Diesel,22.54
276,2011,404000,122358,Diesel,12.05
277,2015,500000,75000,Diesel,14.07
278,2017,350000,120000,Diesel,27.28
279,2015,380000,40000,Petrol,17.57
280,2008,114999,95200,Petrol,13.2
281,2014,335000,33033,Petrol,19.4
282,2015,465000,63063,Petrol,18.9
283,2012,290000,60000,Diesel,21.02
284,2005,110000,45000,Petrol,19.7
285,2011,450000,80000,Diesel,11.57
286,2009,400000,170000,Diesel,13.6
289,2016,220000,35000,Petrol,16.8
290,2017,450000,35000,Petrol,18.9
291,2017,450000,35000,Petrol,18.9
292,2013,290000,50000,Petrol,16.95
293,2016,520000,20000,Petrol,20.4
294,2011,265000,20000,Petrol,16.95
295,2012,330000,50000,Petrol,18.6
296,2012,330000,50000,Petrol,18.6
297,2014,509999,120000,Diesel,15.96
298,2014,500000,70000,Petrol,17.1
299,2015,525000,50000,Petrol,17.19
300,2019,675000,16500,Petrol,21.01
301,2010,300000,70000,Petrol,17.0
302,2005,90000,99361,Petrol,19.7
303,2017,650000,25000,Diesel,26.59
304,2014,409000,70000,Petrol,19.1
305,2015,395000,80000,Diesel,24.0
306,2010,215000,70000,Petrol,19.3
307,2014,400000,70000,Petrol,19.1
308,2012,120000,60000,Petrol,18.6
309,2018,645000,10000,Petrol,20.3
310,2006,81000,80000,Petrol,16.1
311,2017,1300000,30000,Diesel,25.6
312,2017,1250000,33000,Diesel,25.6
313,2013,535000,90000,Petrol,16.02
314,2014,555000,80100,Diesel,19.01
315,2014,725000,120000,Petrol,17.4
317,2016,229999,40000,Petrol,25.17
318,2013,800000,160000,Diesel,12.99
319,2017,409999,47000,Petrol,20.51
320,2018,1210000,25000,Diesel,21.38
321,2017,400000,26000,Petrol,23.84
322,2018,520000,29000,Diesel,24.0
323,2016,650000,50000,Petrol,21.4
324,2011,325000,58000,Petrol,16.1
325,2012,420000,120000,Petrol,17.4
326,2014,400000,50000,Petrol,20.4
327,2010,254999,80000,Petrol,17.0
328,2003,65000,60000,Petrol,17.3
329,2017,351000,36000,Petrol,23.1
330,2007,404000,120000,Diesel,12.8
331,2011,185000,185000,Diesel,21.1
332,2011,250000,50000,Diesel,23.08
333,2002,60000,100000,Petrol,17.3
334,2013,500000,50000,Petrol,17.1
335,2007,85000,80000,Petrol,18.2
336,2005,85000,60000,Petrol,19.3
337,2005,85000,80000,Petrol,19.7
338,2011,265000,90000,Diesel,19.3
339,2010,130000,162000,Petrol,19.0
340,2013,480000,110000,Diesel,20.77
341,2008,170000,120000,Diesel,17.8
342,2011,275000,45000,Diesel,23.08
343,2005,89000,90000,Petrol,18.9
344,2010,170000,90000,Diesel,20.0
345,2019,1090000,16500,Petrol,17.0
346,2017,1100000,67000,Diesel,17.01
347,2018,610000,52000,Petrol,22.0
348,2016,335000,40000,Petrol,20.63
349,2015,434999,40000,Petrol,18.9
351,2018,390000,13000,Petrol,20.71
352,2012,325000,40000,Petrol,18.5
353,2019,640000,10000,Petrol,17.0
354,2012,450000,9000,Petrol,16.95
355,2013,400000,70000,Diesel,23.59
356,2009,215000,60000,Petrol,20.36
357,2014,570000,40000,Diesel,20.45
358,2012,680000,93000,Diesel,15.1
359,2008,325000,80000,Diesel,12.8
360,2011,150000,50000,Petrol,15.64
361,2013,690000,68000,Petrol,14.5
363,2012,64000,18000,Petrol,25.4
364,2013,250000,120000,Diesel,23.08
365,2005,65000,35000,Petrol,18.9
366,2016,550000,60000,Diesel,26.59
367,2010,140000,70000,Petrol,20.36
368,2016,300000,30000,Petrol,25.17
369,2016,800000,70000,Petrol,16.34
373,2015,503000,110000,Diesel,14.1
376,2013,225000,58343,Petrol,21.79
377,2018,740000,38817,Diesel,27.39
378,2016,550000,56494,Petrol,18.2
379,2013,750000,79328,Diesel,12.99
380,2019,650000,5621,Petrol,22.0
381,2017,625000,25538,Petrol,16.78
382,2018,600000,69779,Petrol,22.0
383,2017,450000,56290,Diesel,24.0
386,2019,779000,7032,Petrol,19.0
387,2016,645000,11000,Petrol,14.3
389,2010,150000,106000,Petrol,20.36
390,2012,265000,162000,Diesel,19.3
391,2009,500000,120000,Petrol,11.1
392,2015,480000,90000,Diesel,26.59
393,2014,535000,70000,Diesel,22.32
395,2012,300000,100000,Diesel,21.5
398,2016,240000,50000,Petrol,22.74
399,2018,1085000,1000,Petrol,18.0
400,2017,750000,19000,Diesel,28.4
402,2020,409999,35000,CNG,20.88
403,2014,215000,80000,Petrol,23.95
404,2016,1290000,50000,Diesel,16.0
405,2010,150000,80000,Petrol,20.92
406,2013,219000,50000,Petrol,21.1
407,2018,325000,100000,Petrol,23.84
408,2013,260000,120000,Petrol,15.1
412,2015,503000,110000,Diesel,14.1
415,2013,225000,58343,Petrol,21.79
416,2018,740000,38817,Diesel,27.39
417,2016,550000,56494,Petrol,18.2
418,2013,750000,79328,Diesel,12.99
419,2019,650000,5621,Petrol,22.0
420,2017,625000,25538,Petrol,16.78
421,2018,600000,69779,Petrol,22.0
422,2017,450000,56290,Diesel,24.0
425,2019,779000,7032,Petrol,19.0
426,2016,645000,11000,Petrol,14.3
428,2019,700000,40000,Diesel,23.8
429,2017,950000,45000,Diesel,21.38
430,2010,160000,80000,Petrol,19.7
431,2015,409999,135000,Diesel,24.4
432,2015,840000,120000,Diesel,12.99
433,2013,450000,67000,Diesel,23.59
434,2017,900000,50000,Diesel,28.4
435,2008,570000,134000,Diesel,12.8
436,2011,254999,110000,Diesel,23.08
437,2009,130000,40000,Petrol,16.1
438,2013,530000,120000,Diesel,23.4
439,2015,520000,110000,Diesel,20.14
440,2011,229999,170000,Diesel,21.0
441,2004,81000,80000,Petrol,16.1
442,2016,600000,47000,Diesel,25.2
443,2015,409999,93000,Petrol,19.1
444,2010,120000,70000,Petrol,16.1
445,2014,320000,50000,Petrol,23.1
446,2015,292000,70000,Diesel,20.0
447,2012,390000,80000,Diesel,13.93
448,2016,550000,44000,Petrol,18.16
449,2014,385000,25000,Petrol,23.1
450,2016,800000,25000,Petrol,15.29
451,2019,675000,10000,Petrol,21.21
453,2018,950000,30000,Diesel,23.0
454,2015,610000,50000,Diesel,21.19
455,2012,525000,120000,Diesel,22.54
456,2019,700000,40000,Diesel,23.8
457,2015,375000,80000,Diesel,15.96
458,2015,580000,90000,Diesel,20.45
459,2015,434999,50000,Petrol,20.4
460,2020,350000,2136,Petrol,22.5
462,2015,600000,35000,Petrol,18.6
463,2015,1050000,120000,Diesel,12.99
464,2017,735000,70000,Diesel,27.39
465,2018,1050000,18000,Diesel,19.6
466,2016,420000,110000,Diesel,18.2
467,2017,800000,60000,Diesel,23.65
469,2016,600000,147000,Diesel,26.59
471,2011,500000,99500,Diesel,11.5
472,2011,200000,110000,Diesel,17.0
473,2016,370000,35000,Petrol,19.49
474,2010,260000,110000,Diesel,16.2
475,2016,280000,100000,Diesel,25.32
476,2014,610000,21000,Petrol,16.02
477,2013,300000,60000,Diesel,23.5
478,2010,140000,40000,Diesel,16.6
479,2008,229999,50000,Petrol,19.81
480,2010,200000,65000,Petrol,19.0
481,2011,200000,80000,Petrol,18.9
482,2015,560000,119000,Diesel,23.9
483,2016,750000,80000,Diesel,24.52
484,2017,585000,90000,Diesel,25.2
485,2016,760000,20000,Petrol,17.01
486,2014,430000,80000,Diesel,25.2
487,2020,480000,44665,Diesel,25.32
488,2019,643000,10000,Diesel,20.8
489,2018,500000,60000,Petrol,20.14
490,2016,425000,22000,Petrol,18.5
491,2014,250000,25000,Petrol,22.74
492,2016,285000,70000,Diesel,27.62
493,2008,160000,123000,Petrol,17.5
494,2011,250000,70000,Diesel,20.54
495,2013,170000,70000,Petrol,18.6
496,2013,409999,45000,Diesel,23.59
497,2015,400000,40000,Petrol,18.9
498,2019,700000,30000,Diesel,28.4
499,2007,350000,90000,Petrol,12.9
500,2016,660000,34000,Petrol,17.5
501,2017,268000,25000,Petrol,24.7
502,2016,270000,50000,Petrol,22.74
503,2013,300000,50000,Diesel,25.44
504,2017,450000,90000,Petrol,23.84
505,2012,220000,70000,Diesel,25.44
506,2009,250000,146000,Diesel,13.93
507,2012,300000,85000,Petrol,15.6
509,2016,561000,30000,Diesel,26.59
510,2018,755000,15000,Diesel,28.4
511,2017,235000,25000,Petrol,22.7
512,2011,165000,90000,Petrol,20.92
513,2008,190000,80000,Diesel,19.3
514,2011,110000,50000,Diesel,17.2
515,2012,320000,80000,Diesel,13.6
516,2010,330000,110000,Diesel,19.3
517,2016,540000,38000,Petrol,18.6
518,2013,180000,60000,Petrol,21.1
519,2016,270000,100000,Petrol,15.37
520,2012,450000,30000,Petrol,17.5
521,2014,450000,30000,Petrol,19.1
522,2015,200000,50000,Petrol,18.6
523,2017,425000,42000,Petrol,23.84
524,2016,400000,30000,Petrol,18.2
525,2009,125000,60000,Petrol,19.7
527,2015,900000,22000,Petrol,17.4
528,2012,450000,90000,Diesel,20.54
529,2011,210000,46000,Petrol,20.92
530,2018,801000,20000,Petrol,18.6
531,2014,317000,15000,Diesel,15.42
532,2015,600000,40000,Petrol,16.02
533,2014,330000,30000,Petrol,18.5
534,2017,320000,15000,Petrol,21.1
535,2010,160000,50000,Petrol,19.3
536,2007,120000,110000,Petrol,15.3
537,2009,130000,70000,Petrol,19.7
538,2015,220000,80000,Petrol,18.2
539,2008,229999,50000,Diesel,19.3
540,2015,340000,110000,Petrol,17.57
541,2013,200000,70000,Diesel,19.68
542,2002,140000,50000,Petrol,19.7
543,2013,1000000,190000,Diesel,12.99
544,2010,495000,100000,Diesel,13.6
545,2015,236000,60000,Petrol,22.74
546,2015,390000,40000,Petrol,20.51
547,2009,275000,90000,Diesel,19.3
548,2015,503000,110000,Diesel,14.1
549,2017,775000,32000,Diesel,24.3
551,2016,850000,58000,Diesel,19.67
552,2018,750000,5000,Diesel,24.3
553,2018,570000,25000,Petrol,18.6
554,2018,580000,32000,Petrol,18.9
555,2016,484999,30000,Petrol,18.7
556,2017,700000,43000,Petrol,15.4
557,2012,415000,60000,Petrol,17.7
558,2015,325000,50000,Petrol,19.34
559,2018,550000,14200,Petrol,18.16
560,2017,300000,10000,Petrol,21.1
561,2018,217000,25000,Petrol,22.7
562,2018,700000,19100,Petrol,19.0
563,2019,466000,25000,Petrol,20.3
564,2014,484999,54000,Diesel,23.0
565,2018,670000,35000,Diesel,22.71
566,2018,500000,20000,Petrol,18.9
567,2016,675000,52000,Diesel,23.65
568,2011,220000,120000,Diesel,23.0
570,2013,630000,120000,Diesel,20.77
571,2010,250000,90000,Diesel,18.8
572,2004,120000,120000,Petrol,18.9
573,2015,300000,101500,Diesel,21.14
574,2013,525000,75000,Diesel,22.32
575,2011,204999,97500,Petrol,19.3
576,2011,204999,97500,Petrol,19.3
577,2016,1100000,100000,Diesel,15.4
578,2012,480000,55735,Diesel,19.01
579,2014,605000,80000,Diesel,15.1
580,2016,250000,50000,Petrol,24.7
581,2013,245000,70000,Diesel,20.0
582,2012,210000,76000,Petrol,20.36
583,2020,730000,1500,Petrol,21.21
584,2012,500000,76000,Diesel,15.96
585,2015,400000,40000,Petrol,20.51
586,2015,280000,60000,Petrol,21.1
587,2009,561000,170000,Diesel,12.8
588,2013,950000,181491,Diesel,13.5
589,2016,375000,53319,Diesel,25.44
590,2017,700000,40906,Diesel,21.66
591,2012,375000,31711,Petrol,17.6
592,2012,270000,43755,Petrol,21.1
593,2016,300000,66693,Petrol,25.17
594,2010,225000,59549,Petrol,19.0
596,2010,200000,73730,Petrol,18.2
598,2013,500000,116104,Diesel,25.8
599,2015,500000,150546,Petrol,22.0
601,2015,555000,20000,Petrol,15.8
602,2018,580000,30000,Petrol,18.9
603,2011,337000,142000,Diesel,13.7
604,2011,175000,20000,Diesel,12.2
605,2009,180000,120000,Diesel,18.8
606,2011,200000,80000,Petrol,19.81
607,2016,260000,60000,Diesel,19.09
608,2016,350000,25000,Petrol,23.01
609,2011,409999,50000,Diesel,13.6
610,2017,655000,126000,Diesel,18.49
611,2015,370000,170000,Diesel,26.59
612,2013,200000,24000,Petrol,22.74
613,2017,800000,100000,Diesel,24.52
614,2019,550000,10000,Petrol,24.0
615,2012,300000,70000,Diesel,20.0
616,2017,220000,40000,Petrol,16.8
617,2011,196000,110000,Petrol,18.9
618,2008,135000,80000,Petrol,19.81
619,2015,299000,16500,Petrol,17.57
620,2017,300000,30000,Petrol,23.95
621,2017,720000,80000,Diesel,24.52
622,2016,650000,50000,Diesel,14.1
623,2016,300000,25000,Petrol,23.95
624,2019,750000,20000,Diesel,24.0
625,2016,260000,60000,Petrol,25.17
626,2011,300000,70000,Diesel,22.9
627,2014,600000,50000,Diesel,15.96
629,2015,250000,52000,Petrol,23.95
630,2014,420000,80000,Diesel,23.4
631,2015,235000,50000,Petrol,21.1
632,2016,1100000,60000,Diesel,15.4
633,2019,360000,25000,Petrol,23.95
634,2014,380000,50000,Diesel,24.0
635,2016,650000,125000,Diesel,22.77
636,2016,350000,80000,Petrol,20.51
637,2017,700000,70000,Diesel,15.96
638,2010,270000,90000,Diesel,23.0
639,2017,450000,50000,Diesel,22.95
640,2016,630000,101000,Diesel,16.55
641,2010,229999,168000,Diesel,14.0
642,2010,229999,168000,Diesel,14.0
643,2011,270000,40000,Petrol,18.9
645,2012,275000,20000,Petrol,18.9
649,2015,503000,110000,Diesel,14.1
652,2013,225000,58343,Petrol,21.79
653,2018,740000,38817,Diesel,27.39
654,2016,550000,56494,Petrol,18.2
655,2013,750000,79328,Diesel,12.99
656,2019,650000,5621,Petrol,22.0
657,2017,625000,25538,Petrol,16.78
658,2018,600000,69779,Petrol,22.0
659,2017,450000,56290,Diesel,24.0
662,2019,779000,7032,Petrol,19.0
663,2016,645000,11000,Petrol,14.3
665,2015,634000,165000,Diesel,18.49
666,2012,235000,98500,Petrol,19.0
667,2008,275000,98000,Petrol,20.36
668,2014,700000,40000,Diesel,16.55
669,2013,400000,90000,Diesel,20.3
670,2012,215000,90000,Petrol,19.7
671,2009,150000,110000,Diesel,17.1
672,2018,950000,77800,Diesel,25.1
673,2015,730000,100000,Diesel,18.49
674,2012,135000,120000,Diesel,19.0
675,2016,350000,80000,Petrol,19.1
676,2018,535000,21000,Petrol,18.15
677,2018,455000,100000,Petrol,19.0
678,2019,655000,25000,Petrol,21.21
679,2019,800000,30000,Diesel,23.0
680,2018,1100000,25000,Petrol,17.8
682,2012,1225000,160000,Diesel,11.5
683,2018,340000,51492,Petrol,18.15
684,2011,300000,72000,Diesel,20.54
685,2016,370000,60000,Petrol,18.16
686,2013,330000,136000,Diesel,15.96
687,2014,238000,60000,Petrol,17.92
688,2006,72000,110000,Petrol,19.3
689,2013,200000,90000,Petrol,17.92
690,2014,320000,91000,Diesel,22.71
691,2009,114999,90000,Petrol,17.92
692,2015,320000,50000,Petrol,20.51
693,2010,210000,20000,Petrol,19.81
694,2011,200000,120000,Diesel,14.0
695,2009,135000,150000,Petrol,18.9
696,2015,350000,52000,Diesel,19.09
697,2014,350000,167000,Diesel,13.6
698,2017,680000,40000,Diesel,28.4
699,2010,200000,190000,Diesel,17.8
700,2016,300000,50000,Petrol,23.01
701,2011,270000,70000,Diesel,14.0
702,2012,225000,80000,Petrol,18.9
703,2008,250000,120000,Diesel,13.6
704,2015,590000,40000,Diesel,18.49
705,2015,290000,17000,Petrol,21.1
706,2010,100000,180000,Petrol,19.0
707,2016,395000,50000,Petrol,23.1
708,2014,195000,65000,Petrol,21.1
709,2011,45000,10000,Petrol,26.0
710,2009,270000,70000,Diesel,13.6
711,2014,600000,90000,Diesel,13.58
712,2015,715000,50000,Diesel,22.54
713,2019,600000,10000,Petrol,18.6
714,2019,875000,25000,Diesel,18.49
715,2011,420000,100000,Diesel,13.5
716,2007,325000,70000,Petrol,10.1
717,2017,385000,30000,Petrol,20.63
718,2016,300000,40000,Petrol,18.15
719,2012,335000,135000,Diesel,21.9
720,2014,300000,35000,Petrol,23.1
721,2004,80000,120000,Petrol,13.2
722,2012,400000,120000,Diesel,15.96
723,2012,168000,190000,Diesel,19.09
724,2016,550000,120000,Diesel,15.96
725,2012,300000,120000,Diesel,19.3
726,2011,320000,175000,Diesel,13.6
727,2011,320000,175000,Diesel,15.96
728,2011,350000,25000,Petrol,16.95
729,2013,280000,80000,Diesel,21.02
730,2017,550000,70000,Diesel,24.4
731,2018,500000,10000,Petrol,20.14
732,2019,700000,6000,Petrol,19.0
733,2013,380000,90000,Diesel,20.5
734,2012,340000,110000,Diesel,15.96
735,2007,160000,120000,Diesel,13.6
736,2014,750000,50000,Diesel,12.99
737,2018,531000,20000,Petrol,18.9
738,2017,300000,35000,Petrol,23.01
739,2014,350000,60000,Diesel,20.14
740,2010,150000,68000,Petrol,18.6
741,2015,450000,30000,Petrol,20.4
743,2006,140000,65000,Petrol,19.3
744,2004,250000,80000,Diesel,19.3
745,2006,85000,120000,Diesel,16.8
746,2018,450000,30000,Petrol,18.9
747,2011,170000,55113,Petrol,19.3
748,2017,360000,50000,Diesel,27.28
749,2020,390000,6000,Petrol,23.95
750,2011,145000,50000,Petrol,15.37
751,2012,540000,90000,Diesel,12.05
752,2008,290000,126000,Diesel,12.8
753,2013,300000,90000,Diesel,25.0
754,2017,565000,80000,Petrol,18.16
755,2011,441000,70000,Diesel,10.5
756,2003,50000,80000,Petrol,19.3
757,2011,180000,80000,Petrol,21.1
758,2013,200000,80000,Petrol,21.1
759,2005,85000,150000,Petrol,19.7
760,2006,67500,110000,Diesel,17.88
761,2016,700000,110000,Diesel,24.3
762,2010,275000,80000,Diesel,22.07
763,2019,600000,20000,Petrol,18.9
764,2011,250000,120000,Diesel,13.0
765,2016,600000,120000,Diesel,15.96
766,2010,200000,80000,Diesel,20.4
767,2015,425000,91500,Diesel,24.0
768,2012,420000,120000,Diesel,19.3
769,2012,321000,100000,Diesel,23.0
770,2012,350000,120000,Diesel,14.0
771,2017,490000,80000,Petrol,17.8
772,2015,680000,90000,Diesel,15.4
773,2016,298000,70000,Petrol,23.95
775,2011,450000,150000,Diesel,13.5
776,2010,400000,60000,Petrol,19.3
777,2012,250000,40000,Diesel,22.3
778,2013,1075000,110000,Diesel,12.8
779,2017,500000,20000,Petrol,18.9
780,2019,681000,10000,Petrol,19.0
781,2014,650000,90000,Diesel,15.1
782,2008,80000,70000,Petrol,15.26
783,2009,290000,120000,Diesel,13.6
784,2006,220000,120000,Diesel,10.5
786,2017,229999,80000,Petrol,22.7
787,2003,150000,132478,Diesel,13.6
788,2014,500000,45000,Petrol,19.1
789,2013,175000,120000,Diesel,19.09
790,2019,720000,10000,Petrol,19.0
791,2012,100000,51000,Petrol,16.1
792,2009,250000,105000,Petrol,12.9
793,2014,810000,100000,Diesel,15.1
794,2010,165000,30000,Petrol,19.7
795,2016,409999,60000,Diesel,12.2
796,2013,430000,86000,Diesel,22.9
797,2015,300000,15000,Petrol,20.62
798,2011,350000,137500,Diesel,19.3
799,2018,400000,60000,Petrol,23.01
800,2016,420000,70000,Diesel,18.2
801,2015,430000,5000,Petrol,20.51
802,2017,573000,30000,Petrol,20.4
803,2015,210000,40000,Petrol,21.1
804,2015,600000,60000,Diesel,19.01
805,2008,150000,70000,Petrol,17.7
806,2019,550000,15000,Petrol,20.3
807,2011,320000,110000,Diesel,19.3
809,2019,800000,10000,Diesel,27.4
810,2013,500000,60000,Petrol,16.02
811,2011,229999,110000,Diesel,18.8
812,2013,500000,60000,Petrol,16.02
813,2015,630000,35000,Petrol,18.6
814,2016,190000,70000,Petrol,16.8
815,2011,229999,110000,Diesel,18.8
816,2011,450000,100000,Diesel,13.6
817,2008,95000,120000,Petrol,19.7
818,2009,101000,90000,Petrol,19.7
819,2016,500000,70000,Diesel,25.8
820,2014,1019999,88000,Diesel,12.99
821,2012,244000,38000,Petrol,21.1
822,2013,250000,90000,Petrol,20.51
823,2016,660000,60000,Petrol,21.4
824,2010,270000,60000,Petrol,18.5
825,2012,280000,156060,Diesel,23.2
826,2017,1050000,60000,Diesel,19.67
827,2017,525000,70000,Petrol,20.85
828,2017,850000,35000,Diesel,23.9
829,2016,1165000,50000,Diesel,16.0
830,2012,345000,50000,Petrol,18.6
831,2007,95000,100000,Petrol,17.8
832,2015,241000,15000,Petrol,22.74
833,2015,235000,20000,Petrol,22.74
834,2015,615000,80000,Diesel,22.77
835,2014,350000,110000,Diesel,20.8
836,2014,350000,35000,Petrol,20.51
837,2014,380000,35000,Petrol,20.51
838,2017,400000,140000,Diesel,14.07
839,2010,220000,40000,Petrol,19.0
840,2008,270000,110000,Diesel,14.4
841,2012,275000,70000,Petrol,18.5
842,2009,125000,100000,Diesel,17.0
843,2015,360000,20000,Petrol,19.81
844,2019,550000,15000,Petrol,18.9
845,2011,200000,70000,Petrol,16.6
846,2016,327000,20000,Petrol,18.15
847,2016,425000,15000,Petrol,19.81
848,2017,620000,107000,Diesel,28.4
849,2011,130000,54000,Diesel,18.4
850,2009,120000,58000,Petrol,19.7
851,2011,400000,110000,Diesel,12.05
852,2007,185000,90000,Diesel,16.8
853,2015,204999,43000,Petrol,20.3
854,2017,625000,43000,Diesel,28.4
855,2013,600000,60000,Diesel,20.77
856,2011,150000,150000,Petrol,12.8
857,2017,300000,35000,Petrol,23.01
858,2013,229999,46000,Petrol,18.2
859,2018,220000,10000,Petrol,16.8
860,2016,576000,35000,Petrol,18.6
861,2016,265000,50000,Petrol,25.17
862,2005,50000,60000,Petrol,19.3
863,2011,300000,80000,Diesel,22.32
864,2017,420000,110000,Diesel,24.7
865,2015,750000,14000,Diesel,20.77
867,2017,290000,28000,Petrol,25.17
868,2011,160000,57000,Petrol,21.1
869,2017,695000,50000,Diesel,26.59
870,2012,231000,70000,LPG,26.2
871,2015,1050000,60000,Diesel,21.43
872,2013,400000,70000,Petrol,18.5
873,2016,500000,40000,Petrol,18.6
874,2010,150000,120000,Diesel,21.12
875,2016,400000,140000,Diesel,14.02
876,2010,120000,100000,Diesel,17.0
877,2014,480000,120000,Diesel,14.02
878,2013,200000,120000,Diesel,19.09
879,2012,300000,64000,Diesel,17.8
880,2015,350000,25000,Petrol,23.1
881,2019,580000,12000,Petrol,20.0
882,2012,200000,70000,Diesel,25.44
883,2016,750000,120000,Diesel,11.0
884,2016,261000,90000,Petrol,25.17
885,2015,371000,40000,Petrol,18.2
887,2012,204999,120000,Diesel,19.09
888,2003,110000,90000,Petrol,13.2
889,2009,150000,100000,Diesel,17.7
890,2016,625000,90000,Diesel,15.96
891,2017,1300000,50000,Diesel,15.4
892,2015,900000,168000,Diesel,20.6
893,2010,180000,110000,Diesel,20.0
894,2010,421000,120000,Diesel,13.6
895,2012,204999,120000,Diesel,19.09
896,2017,900000,40000,Diesel,25.5
897,2006,165000,110000,Petrol,17.7
898,2010,270000,100000,Diesel,21.9
899,2017,750000,40000,Diesel,24.3
900,2019,750000,30000,Petrol,18.6
901,2002,40000,80000,Petrol,16.1
902,2011,190000,90000,Diesel,20.0
904,2010,800000,125000,Diesel,11.5
905,2011,315000,80000,Petrol,17.0
907,2013,409999,90000,Diesel,23.59
908,2018,580000,32000,Petrol,18.9
909,2013,340000,70000,Petrol,18.5
910,2015,270000,43000,Petrol,21.1
911,2017,280000,80000,Diesel,22.95
912,2012,130000,60000,Diesel,22.3
913,2014,260000,18945,Petrol,21.1
914,2018,710000,70000,Diesel,24.0
915,2013,204999,100000,Petrol,15.1
916,2017,300000,60000,Petrol,20.62
917,2009,180000,144000,Diesel,19.3
918,2016,700000,120000,Diesel,18.49
919,2012,320000,107825,Diesel,21.9
920,2020,370000,15000,Petrol,22.05
921,2018,340000,10000,Petrol,25.17
922,2019,1040000,1620,Petrol,19.01
923,2018,750000,30000,Diesel,21.19
924,2018,600000,70000,Diesel,18.49
925,2016,550000,70000,Diesel,15.96
926,2013,600000,95000,Diesel,12.99
927,2017,550000,50000,Diesel,24.7
928,2015,750000,160000,Diesel,25.1
929,2019,450000,10000,Petrol,20.3
930,2012,400000,100000,Diesel,20.77
931,2016,520000,50000,Diesel,25.2
932,2013,199000,60000,Petrol,20.2
933,2012,150000,110000,Diesel,25.44
934,2016,540000,80000,Diesel,21.19
935,2011,250000,85000,Diesel,21.5
936,2010,200000,90000,Petrol,18.9
937,2011,130000,90000,Diesel,25.0
938,2007,90000,90000,Petrol,16.1
939,2012,450000,120000,Diesel,22.32
940,2009,280000,120000,Diesel,18.1
941,2007,280000,160000,Diesel,13.93
942,2006,120000,141000,Petrol,17.3
943,2008,290000,100000,Diesel,17.8
944,2019,1000000,15000,Diesel,22.1
945,2012,415000,108000,Diesel,19.3
946,2012,415000,108000,Diesel,23.4
947,2015,240000,55000,Diesel,25.44
948,2010,250000,37944,Diesel,18.4
949,2011,175000,90400,Diesel,20.0
950,2008,220000,85000,Diesel,16.8
951,2003,85000,120000,Diesel,20.8
952,2019,675000,5000,Petrol,21.21
953,2016,535000,50000,Diesel,19.87
954,2019,675000,5000,Petrol,20.0
955,2016,800000,90000,Diesel,24.3
956,2012,425000,96000,Diesel,20.77
957,2011,150000,80000,Petrol,15.37
958,2007,90000,60000,Petrol,18.2
959,2015,850000,90000,Diesel,15.1
960,2008,330000,193623,Diesel,12.8
961,2017,850000,63186,Diesel,22.54
963,2013,910000,110000,Diesel,12.99
964,2012,1100000,151000,Diesel,12.8
965,2019,675000,5000,Petrol,21.4
966,2010,150000,91500,Petrol,19.7
967,2015,550000,23000,Diesel,25.2
968,2012,350000,40000,Diesel,20.54
969,2012,300000,70000,Diesel,23.2
971,2014,611000,90000,Diesel,14.0
972,2016,400000,68000,Petrol,19.4
973,2013,700000,120000,Diesel,22.7
974,2013,300000,65000,Diesel,22.1
975,2005,65000,85000,Petrol,15.3
976,2011,200000,94000,Petrol,18.9
977,2015,650000,100000,Diesel,22.54
978,2015,650000,80000,Diesel,22.54
979,2013,350000,80000,Diesel,22.07
980,2011,75000,140500,Diesel,17.88
981,2010,240000,143000,Petrol,17.5
982,2013,240000,60000,Petrol,20.92
983,2011,180000,120000,Diesel,18.4
984,2014,900000,80000,Diesel,13.01
985,2014,425000,63000,Diesel,18.06
986,2009,95000,120000,Petrol,18.0
987,2018,811000,100000,Diesel,28.4
988,2018,1100000,60000,Petrol,17.0
989,2013,600000,90000,Diesel,13.58
990,2014,550000,50000,Diesel,20.77
991,2015,715000,70000,Diesel,15.4
992,2010,300000,40000,Diesel,19.3
993,2006,100000,120000,Diesel,16.1
994,2013,500000,195000,Diesel,14.0
995,2013,350000,40000,Petrol,20.51
996,2008,100000,40000,Diesel,16.8
997,2012,325000,120000,Diesel,13.93
1000,2016,330000,20000,Petrol,25.17
1001,2014,480000,37000,Diesel,15.96
1002,2018,950000,57000,Diesel,25.1
1003,2011,300000,110000,Diesel,16.2
1004,2006,170000,110000,Petrol,13.9
1005,2013,850000,120000,Diesel,12.99
1006,2019,900000,8079,Diesel,24.7
1008,2012,350000,79990,Diesel,17.8
1009,2012,425000,81632,Diesel,20.0
1010,2016,600000,155201,Diesel,26.1
1011,2014,750000,101504,Diesel,22.7
1012,2012,450000,90165,Diesel,17.8
1013,2010,325000,86017,Diesel,25.5
1014,2013,900000,85036,Diesel,15.1
1015,2013,350000,160254,Diesel,19.3
1016,2013,600000,125531,Diesel,22.77
1017,2019,1100000,10000,Petrol,17.0
1018,2017,520000,20000,Petrol,23.84
1019,2015,885000,170000,Diesel,15.4
1020,2018,950000,40000,Diesel,21.5
1021,2008,229999,120000,Petrol,17.0
1022,2013,409999,100000,Diesel,23.2
1023,2011,300000,110000,Diesel,17.8
1024,2008,175000,120000,Diesel,16.8
1026,2017,425000,40000,Petrol,23.1
1027,2011,272000,170000,Diesel,16.52
1028,2013,310000,70000,Petrol,19.81
1029,2017,1125000,105000,Diesel,21.38
1030,2014,450000,46000,Petrol,19.1
1031,2011,388000,80000,Diesel,22.07
1032,2011,400000,60000,Petrol,16.2
1033,2015,760000,70000,Diesel,25.1
1034,2009,120000,90000,Petrol,19.7
1035,2019,757000,25000,Diesel,28.4
1036,2015,270000,53000,Petrol,22.74
1037,2011,250000,90000,Diesel,13.55
1038,2011,800000,60000,Diesel,12.8
1040,2014,700000,24000,Diesel,16.55
1041,2016,450000,100000,Diesel,24.2
1042,2018,650000,6000,Petrol,18.15
1043,2013,950000,49700,Diesel,15.1
1044,2007,626000,80000,Diesel,12.8
1046,2019,600000,10000,Petrol,21.21
1047,2019,290000,21000,Petrol,25.17
1048,2013,215000,25000,Petrol,20.92
1049,2016,250000,22000,Petrol,25.17
1050,2017,750000,50000,Diesel,24.52
1051,2016,250000,20000,Petrol,23.95
1052,2017,950000,15000,Petrol,15.4
1053,2018,793000,30000,Diesel,25.83
1054,2015,750000,74000,Diesel,19.67
1055,2017,725000,6550,Petrol,18.2
1056,2016,480000,30000,Diesel,24.0
1058,2018,795000,41779,Petrol,21.21
1059,2016,625000,54000,Petrol,18.7
1061,2017,625000,37000,Diesel,26.8
1062,2011,440000,90000,Diesel,18.1
1068,2017,844999,70000,Diesel,28.09
1069,2016,650000,99000,Diesel,21.66
1070,2018,750000,15000,Petrol,22.0
1072,2015,610000,30000,Petrol,18.7
1074,2017,1150000,63309,Diesel,19.67
1076,2018,890000,29000,Petrol,17.4
1080,2015,503000,110000,Diesel,14.1
1083,2013,225000,58343,Petrol,21.79
1084,2018,740000,38817,Diesel,27.39
1085,2016,550000,56494,Petrol,18.2
1086,2013,750000,79328,Diesel,12.99
1087,2019,650000,5621,Petrol,22.0
1088,2017,625000,25538,Petrol,16.78
1089,2018,600000,69779,Petrol,22.0
1090,2017,450000,56290,Diesel,24.0
1093,2019,779000,7032,Petrol,19.0
1094,2016,645000,11000,Petrol,14.3
1099,2015,503000,110000,Diesel,14.1
1102,2013,225000,58343,Petrol,21.79
1103,2018,740000,38817,Diesel,27.39
1104,2016,550000,56494,Petrol,18.2
1105,2013,750000,79328,Diesel,12.99
1106,2019,650000,5621,Petrol,22.0
1107,2017,625000,25538,Petrol,16.78
1108,2018,600000,69779,Petrol,22.0
1109,2017,450000,56290,Diesel,24.0
1112,2019,779000,7032,Petrol,19.0
1113,2016,645000,11000,Petrol,14.3
1118,2015,503000,110000,Diesel,14.1
1121,2013,225000,58343,Petrol,21.79
1122,2018,740000,38817,Diesel,27.39
1123,2016,550000,56494,Petrol,18.2
1124,2013,750000,79328,Diesel,12.99
1125,2019,650000,5621,Petrol,22.0
1126,2017,625000,25538,Petrol,16.78
1127,2018,600000,69779,Petrol,22.0
1128,2017,450000,56290,Diesel,24.0
1131,2019,779000,7032,Petrol,19.0
1132,2016,645000,11000,Petrol,14.3
1137,2015,503000,110000,Diesel,14.1
1140,2013,225000,58343,Petrol,21.79
1141,2018,740000,38817,Diesel,27.39
1142,2016,550000,56494,Petrol,18.2
1143,2013,750000,79328,Diesel,12.99
1144,2019,650000,5621,Petrol,22.0
1145,2017,625000,25538,Petrol,16.78
1146,2018,600000,69779,Petrol,22.0
1147,2017,450000,56290,Diesel,24.0
1150,2019,779000,7032,Petrol,19.0
1151,2016,645000,11000,Petrol,14.3
1153,2017,385000,155000,Diesel,25.0
1154,2016,400000,35000,Petrol,23.1
1155,2018,550000,50000,Diesel,24.0
1156,2010,270000,185000,Diesel,14.8
1157,2013,200000,175000,Diesel,19.09
1158,2016,310000,11500,Petrol,25.17
1159,2019,700000,3000,Diesel,25.4
1160,2015,480000,80000,Diesel,22.1
1161,2005,90000,40000,Petrol,19.7
1162,2005,80000,40000,Petrol,19.7
1163,2015,350000,90000,Diesel,23.2
1164,2017,600000,100000,Diesel,23.65
1165,2011,350000,120000,Diesel,13.5
1166,2018,770000,50000,Diesel,24.3
1167,2012,350000,25000,Diesel,21.03
1168,2011,600000,50000,Diesel,12.05
1169,2016,750000,71000,Diesel,18.49
1170,2016,340000,40000,Petrol,20.51
1171,2018,650000,31800,Petrol,18.6
1172,2014,300000,65000,Petrol,20.36
1173,2014,204999,15000,Petrol,22.74
1174,2012,254999,70000,Diesel,20.8
1175,2017,650000,5000,Petrol,18.16
1176,2017,280000,50000,Petrol,21.1
1177,2011,100000,80000,Diesel,17.2
1178,2014,575000,70000,Diesel,13.58
1179,2017,780000,40000,Diesel,24.3
1180,2013,467000,157000,Diesel,15.96
1181,2015,1050000,90000,Diesel,15.4
1182,2011,225000,80000,Petrol,19.81
1183,2004,90000,90000,Petrol,19.3
1184,2004,80000,80000,Petrol,19.3
1185,2012,300000,80000,Diesel,19.3
1186,2012,260000,70000,Diesel,21.03
1187,2009,90000,50000,Petrol,16.0
1188,2012,280000,60000,Diesel,20.0
1189,2014,350000,106000,Diesel,20.8
1190,2006,229999,80000,Diesel,10.5
1191,2016,550000,80000,Diesel,15.96
1192,2013,850000,110000,Diesel,12.99
1193,2011,370000,120000,Diesel,13.6
1194,2013,250000,27000,Petrol,20.92
1195,2007,95000,70000,Petrol,19.7
1196,2010,180000,70000,Petrol,18.9
1197,2016,650000,50000,Diesel,17.45
1198,2018,530000,60000,Diesel,25.4
1199,2017,610000,15000,Petrol,22.0
1200,2011,200000,40000,Petrol,19.3
1201,2010,265000,135000,Diesel,14.0
1202,2018,560000,26300,Petrol,23.84
1203,2014,430000,120000,Diesel,15.96
1204,2017,711000,35000,Diesel,28.4
1205,2015,511000,30000,Petrol,20.85
1206,2012,450000,165000,Diesel,15.96
1207,2015,325000,50000,Petrol,17.57
1208,2013,434999,120000,Diesel,21.64
1209,2010,210000,100000,Diesel,20.0
1210,2009,140000,90000,Petrol,19.3
1211,2007,160000,120000,Petrol,15.0
1212,2017,650000,70000,Petrol,17.5
1213,2008,250000,90000,Diesel,19.3
1214,2014,320000,72000,Petrol,18.6
1215,2017,290000,50000,Petrol,23.01
1217,2013,80000,30000,Petrol,25.4
1218,2017,1100000,20000,Diesel,14.1
1219,2015,600000,110000,Diesel,26.21
1220,2017,340000,25000,Petrol,25.17
1221,2014,750000,120000,Diesel,12.99
1222,2006,100000,40000,Petrol,19.7
1223,2019,395000,10000,Petrol,25.17
1224,2010,200000,65000,Petrol,18.9
1225,2019,450000,10000,CNG,21.94
1226,2012,180000,110000,Petrol,13.87
1227,2008,190000,120000,Diesel,13.6
1228,2015,310000,72000,Petrol,15.37
1229,2014,351000,89100,Diesel,23.2
1230,2006,190000,94000,Petrol,17.4
1231,2015,225000,120000,Petrol,21.1
1232,2012,130000,110000,Petrol,16.2
1233,2018,1000000,50000,Diesel,28.09
1234,2004,55000,90000,Diesel,16.8
1235,2014,330000,23000,Petrol,18.2
1236,2013,166000,50000,Petrol,16.8
1238,2011,140000,50000,Petrol,20.92
1239,2017,370000,140000,CNG,21.94
1240,2019,720000,16000,Petrol,17.4
1241,2015,500000,126000,Diesel,21.19
1242,2019,570000,15000,Petrol,20.14
1244,2009,120000,120000,Petrol,19.7
1245,2005,95000,120000,Petrol,15.3
1246,2010,196000,110000,Petrol,16.95
1247,2016,392000,38000,Petrol,15.37
1248,2010,150000,104000,Petrol,15.0
1249,2017,595000,120000,Petrol,15.4
1250,2018,833000,35000,Diesel,24.3
1252,2003,35000,35000,Petrol,16.1
1253,2009,180000,85000,Diesel,21.1
1254,2012,225000,80000,Petrol,18.9
1256,2009,340000,40000,Diesel,23.0
1258,2017,400000,65000,Petrol,20.51
1259,2006,90000,100000,Petrol,15.3
1260,2015,650000,84000,Diesel,28.09
1262,2010,125000,60000,Petrol,15.26
1263,2006,81000,100000,Petrol,15.3
1264,2007,170000,78000,Petrol,16.1
1265,2002,81000,161000,Petrol,13.0
1266,2005,95000,70000,Petrol,19.7
1267,2010,55000,50000,Petrol,26.0
1268,2017,880000,65000,Diesel,19.98
1269,2015,200000,50000,Petrol,25.17
1270,2019,480000,25000,Petrol,20.52
1271,2013,480000,100000,Diesel,15.96
1272,2018,700000,6000,Petrol,18.6
1273,2016,850000,72113,Diesel,21.9
1274,2012,300000,40000,Diesel,23.57
1275,2017,650000,8000,Petrol,18.6
1276,2010,220000,20000,Petrol,21.1
1277,2014,300000,45000,Diesel,19.09
1278,2014,450000,80000,Diesel,23.4
1279,2014,400000,90000,Diesel,25.2
1280,2018,1030000,25000,Diesel,25.1
1281,2010,190000,100000,Diesel,18.8
1282,2006,140000,60000,Petrol,16.6
1283,2018,800000,30000,Diesel,21.19
1284,2007,229999,120000,Diesel,10.5
1285,2011,300000,80000,Diesel,13.93
1286,2011,375000,69000,Diesel,20.54
1287,2010,140000,75000,Petrol,18.6
1288,2004,60000,113000,Petrol,19.7
1289,2014,420000,90000,Diesel,24.4
1290,2012,300000,100000,Diesel,23.08
1291,2012,150000,110000,Diesel,22.3
1292,2015,600000,90000,Diesel,22.77
1293,2011,204999,100000,Diesel,20.0
1294,2017,625000,50000,Diesel,25.4
1296,2014,1050000,146000,Diesel,13.01
1297,2009,250000,80000,Petrol,12.9
1298,2010,535000,96443,Diesel,11.57
1299,2009,400000,100000,Petrol,11.7
1300,2019,610000,10000,Petrol,21.21
1301,2014,509999,110000,Diesel,23.4
1302,2014,521000,86000,Diesel,14.0
1303,2014,511000,100000,Diesel,23.4
1304,2014,451000,91000,Diesel,22.54
1305,2009,170000,100000,Petrol,20.36
1306,2013,450000,120000,Diesel,23.4
1307,2011,375000,90000,Petrol,17.0
1308,2016,305000,60000,Petrol,22.74
1309,2016,315000,51500,Petrol,25.17
1310,2016,250000,60000,Diesel,22.1
1311,2012,200000,104500,Diesel,20.0
1312,2018,950000,30000,Diesel,23.0
1313,2012,400000,120000,Diesel,19.01
1314,2014,509999,100000,Diesel,22.9
1315,2008,375000,90000,Petrol,13.5
1316,2005,150000,150000,Petrol,18.9
1317,2006,75000,60000,Petrol,18.9
1318,2015,465000,50000,Petrol,17.43
1319,2019,700000,10000,Diesel,24.0
1320,2015,950000,120000,Diesel,15.4
1321,2017,610000,40000,Petrol,18.6
1322,2004,60000,120000,Petrol,19.3
1323,2014,235000,50000,Petrol,22.74
1324,2017,330000,90000,Petrol,15.37
1325,2014,472000,90000,Diesel,20.45
1326,2019,585000,10000,Petrol,21.21
1327,2018,500000,10000,Diesel,23.5
1328,2019,360000,27000,Petrol,23.95
1329,2016,649000,70000,Diesel,26.59
1330,2017,200000,50000,Petrol,16.8
1331,2008,240000,60000,Petrol,19.3
1332,2014,400000,110000,Diesel,24.0
1333,2015,250000,100000,Diesel,27.62
1334,2018,1200000,50000,Diesel,17.3
1335,2009,250000,105000,Diesel,17.8
1336,2013,819999,110000,Diesel,12.99
1337,2014,800000,60000,Diesel,15.1
1338,2013,429000,49102,Petrol,18.88
1339,2010,150000,60000,Petrol,17.92
1340,2010,315000,120000,Diesel,19.3
1341,2012,170000,90000,Diesel,25.44
1342,2014,335000,33033,Petrol,19.4
1343,2015,465000,63063,Petrol,18.9
1344,2013,360000,81000,Diesel,19.01
1345,2018,570000,80000,Diesel,25.4
1346,2012,350000,105000,Diesel,19.01
1347,2017,600000,60000,Diesel,19.3
1349,2012,375000,100000,Diesel,19.01
1350,2019,450000,60000,CNG,21.94
1351,2013,325000,70000,Diesel,21.9
1352,2011,260000,120000,Diesel,20.54
1353,2009,130000,80000,Petrol,19.7
1354,2008,150000,120000,Diesel,11.57
1355,2014,220000,40000,Petrol,17.92
1356,2014,275000,53000,Petrol,20.36
1357,2017,455000,60000,Diesel,25.2
1358,2017,570000,30000,Petrol,18.6
1359,2013,330000,100000,Diesel,20.54
1361,2012,450000,98000,Diesel,20.77
1362,2014,250000,60000,Petrol,21.1
1363,2010,165000,80000,Petrol,20.36
1364,2013,800000,117000,Diesel,11.18
1365,2018,680000,8576,Petrol,18.7
1366,2017,525000,19723,Petrol,20.3
1367,2016,825000,21446,Petrol,16.8
1368,2017,750000,52289,Diesel,25.1
1369,2017,950000,52236,Diesel,15.4
1370,2017,950000,54470,Diesel,15.4
1371,2017,675000,25471,Diesel,21.9
1372,2019,490000,33928,Petrol,23.84
1373,2018,775000,59736,Diesel,18.49
1374,2009,350000,54290,Petrol,17.0
1375,2016,475000,2118,Petrol,19.4
1376,2017,950000,61379,Diesel,15.4
1377,2010,350000,58544,Petrol,17.4
1378,2016,400000,74381,Petrol,21.79
1380,2017,850000,63982,Diesel,22.7
1381,2008,175000,65000,Petrol,18.9
1382,2014,570000,74000,Diesel,15.96
1383,2013,525000,56429,Diesel,19.01
1384,2012,270000,56000,Petrol,20.36
1385,2019,434999,19500,Petrol,20.3
1386,2015,495000,30000,Petrol,18.6
1387,2016,575000,53000,Diesel,22.54
1388,2017,600000,5000,Petrol,20.14
1389,2015,700000,25000,Petrol,17.01
1390,2014,560000,72000,Diesel,26.0
1391,2016,565000,72000,Diesel,19.3
1392,2005,250000,80000,Diesel,13.6
1393,2013,409999,29000,Petrol,15.0
1394,2016,495000,56832,Diesel,19.87
1395,2014,470000,30528,Petrol,18.6
1396,2013,350000,65285,Diesel,24.7
1398,2015,480000,43000,Petrol,18.7
1399,2013,270000,52380,Diesel,23.59
1400,2018,660000,74250,Diesel,21.0
1401,2017,490000,57247,Petrol,20.89
1402,2017,800000,52000,Diesel,24.3
1403,2011,350000,47000,Petrol,16.95
1404,2011,170000,80000,Diesel,17.8
1405,2011,125000,85000,Diesel,18.0
1406,2012,400000,100000,Diesel,19.3
1407,2011,250000,110000,Petrol,16.95
1408,2010,190000,178000,Diesel,20.4
1409,2010,125000,120000,Petrol,19.7
1411,2011,1300000,120000,Diesel,12.8
1412,2010,786000,155000,Diesel,12.8
1413,2015,335000,30000,Petrol,20.51
1414,2009,114999,60000,Petrol,18.9
1415,2012,229999,70000,Diesel,22.07
1416,2017,731000,40000,Diesel,22.54
1417,2012,395000,120000,Diesel,22.32
1418,2015,500000,120000,Diesel,26.59
1419,2014,220000,50000,Petrol,21.1
1420,2013,240000,100000,Diesel,20.0
1421,2010,215000,120000,Diesel,23.0
1422,2012,400000,90000,Diesel,22.9
1423,2012,191000,90000,Petrol,19.0
1424,2013,351000,100000,Diesel,14.0
1425,2015,250000,20000,Petrol,21.9
1426,2009,210000,90000,Diesel,18.1
1427,2011,300000,120000,Petrol,17.6
1428,2017,700000,35000,Diesel,25.83
1429,2010,500000,120000,Diesel,11.8
1430,2002,120000,120000,Petrol,16.1
1431,2019,850000,10000,Diesel,22.54
1433,2017,770000,65000,Diesel,25.5
1434,2007,245000,90000,Petrol,13.5
1435,2012,250000,90000,Petrol,20.92
1436,2016,651000,42323,Diesel,21.19
1437,2013,480000,42462,Petrol,16.8
1438,2015,470000,54723,Diesel,25.2
1439,2016,500000,30000,Diesel,27.3
1440,2011,1075000,42545,Diesel,19.62
1441,2016,690000,32000,Diesel,25.1
1442,2017,589000,41232,Diesel,19.3
1443,2017,589000,41232,Diesel,19.3
1444,2018,480000,20375,Petrol,20.89
1445,2013,450000,43978,Diesel,28.4
1446,2018,770000,50000,Diesel,24.3
1447,2015,445000,40200,Diesel,21.0
1448,2018,700000,30000,Petrol,18.6
1449,2014,560000,90000,Diesel,20.77
1450,2013,475000,48000,Diesel,21.7
1451,2014,465000,27233,Diesel,27.4
1452,2017,520000,28832,Diesel,23.4
1453,2011,225000,35000,Petrol,15.0
1454,2015,700000,35000,Petrol,16.02
1455,2017,780000,40000,Diesel,24.3
1456,2006,93150,80000,Petrol,17.7
1457,2016,403000,30000,Diesel,17.21
1458,2009,229999,50000,Petrol,19.81
1459,2016,525000,40000,Diesel,26.59
1460,2014,560000,25000,Petrol,16.02
1461,2020,830000,120000,Diesel,15.1
1462,2011,250000,60000,Diesel,21.1
1463,2014,450000,110000,Diesel,15.96
1464,2016,745000,67000,Diesel,15.4
1465,2010,144000,50000,Diesel,20.0
1466,2008,120000,40000,Petrol,18.2
1467,2008,300000,120000,Diesel,11.57
1469,2003,300000,98000,Diesel,10.5
1470,2009,270000,150000,Diesel,13.6
1471,2014,260000,38000,Diesel,22.1
1472,2015,475000,120000,Diesel,23.59
1473,2011,302000,103000,Diesel,20.0
1475,2017,775000,80000,Diesel,24.3
1476,2015,700000,50000,Diesel,20.77
1477,2014,530000,90000,Diesel,25.2
1478,2017,869999,70000,Diesel,21.5
1479,2006,155000,110000,Diesel,14.9
1480,2019,550000,30000,Petrol,23.84
1481,2016,600000,80000,Diesel,26.59
1482,2012,430000,110000,Diesel,19.3
1483,2010,246000,120000,Diesel,18.8
1484,2003,120000,120000,Petrol,17.3
1485,2014,565000,70000,Petrol,18.6
1486,2018,850000,60000,Diesel,22.54
1487,2006,160000,90000,Petrol,19.7
1488,2014,325000,142500,Diesel,19.5
1489,2011,450000,90000,Diesel,12.05
1490,2015,310000,50000,Petrol,19.81
1491,2013,250000,90000,Diesel,25.8
1492,2015,420000,115000,Diesel,26.59
1493,2013,330000,150000,Petrol,15.0
1494,2015,405000,68000,Petrol,20.4
1495,2013,400000,90000,Diesel,15.96
1496,2010,409999,110000,Petrol,15.6
1497,2013,500000,70000,Diesel,15.96
1498,2011,590000,80000,Diesel,15.1
1499,2006,80000,118000,Petrol,19.3
1500,2007,135000,100000,Petrol,19.81
1501,2004,70000,70000,Petrol,18.9
1502,2004,45000,77000,Petrol,16.1
1503,2018,650000,35500,Diesel,28.4
1504,2018,400000,17500,Petrol,20.51
1505,2017,350000,27000,Petrol,23.95
1506,2017,550000,60000,Diesel,24.0
1507,2016,350000,25000,Petrol,20.51
1508,2015,459999,80000,Diesel,26.59
1509,2012,185000,60000,Petrol,19.7
1510,2013,550000,38000,Diesel,22.07
1511,2012,300000,100000,LPG,26.2
1512,2012,175000,60000,Petrol,19.3
1513,2011,900000,110000,Diesel,12.8
1514,2016,900000,92000,Diesel,21.9
1515,2012,550000,180000,Diesel,15.96
1516,2018,625000,10000,Petrol,21.4
1517,2017,310000,35000,Petrol,24.7
1518,2017,500000,35000,Diesel,28.4
1519,2016,610000,23000,Diesel,24.0
1520,2012,150000,150000,Diesel,19.09
1521,2015,480000,70000,Diesel,24.4
1522,2017,650000,40000,Petrol,18.6
1523,2012,290000,100000,Diesel,21.9
1524,2017,300000,50000,Petrol,24.7
1525,2010,270000,120000,Diesel,19.3
1526,2015,400000,60000,Diesel,24.4
1527,2015,280000,28000,Petrol,22.74
1528,2009,250000,60000,Petrol,17.5
1529,2012,495000,80000,Diesel,19.3
1531,2019,700000,4500,Petrol,19.5
1532,2013,310000,70000,Diesel,25.0
1533,2017,650000,120000,Diesel,19.87
1534,2015,600000,80000,Petrol,19.0
1535,2009,150000,150000,Diesel,11.57
1536,2009,135000,120000,Petrol,15.7
1537,2014,650000,50000,Diesel,23.4
1538,2012,550000,83000,Petrol,16.8
1539,2017,650000,20000,Diesel,28.4
1541,2017,450000,6750,Petrol,18.5
1542,2015,650000,26000,Petrol,20.73
1543,2017,430000,52000,Petrol,17.0
1544,2017,1143000,51000,Diesel,17.01
1545,2019,700000,20000,Petrol,22.0
1546,2011,229999,18500,Petrol,18.5
1547,2017,509999,142000,Diesel,18.49
1548,2016,670000,50478,Petrol,15.85
1549,2019,525000,9200,Petrol,23.84
1550,2016,515000,40000,Diesel,19.87
1551,2020,630000,5000,Petrol,21.01
1552,2019,270000,2300,Petrol,22.7
1553,2016,300000,40000,Petrol,22.74
1554,2012,250000,119000,Diesel,14.0
1555,2005,90000,100000,Petrol,19.7
1556,2017,750000,100000,Diesel,24.52
1557,2009,135000,50000,Petrol,18.9
1558,2013,275000,80000,Petrol,15.1
1559,2018,740000,15000,Petrol,17.0
1560,2019,690000,1303,Petrol,17.8
1565,2018,1000000,4295,Petrol,17.1
1566,2018,1000000,5229,Petrol,17.1
1567,2019,550000,4701,Petrol,20.7
1568,2016,600000,6757,Petrol,21.01
1569,2016,675000,28182,Petrol,14.3
1570,2019,950000,11533,Petrol,14.23
1571,2017,850000,11688,Petrol,17.8
1573,2012,550000,57728,Petrol,14.53
1574,2018,925000,23712,Diesel,28.09
1575,2015,625000,70670,Petrol,16.5
1576,2014,200000,43381,Petrol,22.74
1577,2014,635000,79011,Petrol,18.0
1578,2016,550000,56494,Petrol,18.2
1579,2014,425000,50000,Diesel,21.79
1580,2011,220000,40000,Petrol,18.9
1581,2018,590000,10000,Petrol,18.9
1582,2017,775000,35000,Diesel,16.55
1583,2015,350000,58500,Petrol,18.5
1584,2018,575000,20000,Petrol,21.4
1585,2011,200000,43500,Petrol,18.06
1587,2015,600000,63000,Diesel,22.77
1588,2016,720000,35000,Diesel,15.96
1589,2012,158000,110000,Diesel,19.09
1591,2017,580000,30000,Petrol,17.36
1592,2012,420000,50000,Diesel,15.96
1593,2018,1200000,35000,Diesel,17.3
1594,2018,350000,30000,Petrol,23.01
1595,2014,650000,56000,Petrol,17.4
1596,2017,400000,12700,Petrol,20.51
1597,2018,700000,35000,Diesel,21.5
1598,2017,520000,30000,Petrol,19.1
1599,2012,450000,120000,Diesel,12.05
1600,2017,850000,100000,Diesel,14.1
1601,2017,350000,34000,Petrol,25.17
1602,2011,450000,56000,Diesel,13.0
1603,2008,165000,90000,Petrol,19.81
1604,2010,160000,65000,Petrol,17.92
1605,2011,300000,80000,Diesel,13.93
1606,2012,550000,90000,Diesel,12.05
1607,2015,285000,40000,Petrol,23.95
1608,2016,850000,58000,Diesel,19.67
1609,2018,700000,19100,Petrol,19.0
1610,2018,900000,25000,Petrol,19.34
1611,2005,180000,49455,Petrol,19.7
1612,2016,220000,100000,Petrol,21.1
1613,2013,120000,120000,Diesel,22.3
1614,2010,220000,90000,Petrol,17.0
1615,2013,420000,46815,Diesel,22.1
1616,2013,160000,110000,Diesel,19.4
1617,2015,250000,80000,Petrol,21.1
1618,2013,385000,100000,Diesel,20.77
1619,2014,318000,80000,Petrol,20.51
1620,2018,480000,40000,Petrol,20.14
1621,2015,330000,70000,Petrol,23.1
1622,2011,152000,80000,Diesel,17.0
1623,2014,250000,40000,Petrol,22.74
1624,2011,248000,80000,Diesel,17.0
1625,2011,300000,60000,Petrol,18.06
1626,2017,550000,50000,Petrol,18.6
1627,2016,650000,30000,Diesel,22.54
1628,2017,445000,25000,Petrol,18.9
1630,2016,600000,100000,Diesel,17.45
1631,2014,495000,175000,Diesel,19.01
1632,2011,220000,65000,Petrol,12.6
1633,2011,260000,65000,Petrol,12.6
1634,2009,150000,90000,Petrol,17.92
1635,2011,200000,80000,Diesel,20.0
1637,2012,285000,80000,Diesel,19.3
1638,2008,250000,60000,Petrol,20.0
1639,2014,310000,160000,Diesel,14.95
1640,2010,600000,100875,Diesel,11.79
1641,2018,560000,20000,Petrol,21.4
1642,2016,500000,30000,Petrol,20.85
1643,2013,270000,118000,Diesel,24.0
1644,2013,420000,69000,Diesel,22.32
1645,2015,434999,25000,Petrol,20.85
1646,2015,400000,100000,Petrol,16.9
1647,2015,470000,110000,Diesel,26.59
1648,2015,480000,60000,Diesel,20.45
1650,2017,325000,120000,Diesel,27.28
1651,2012,280000,80000,Diesel,19.3
1652,2020,675000,5000,Petrol,20.7
1653,2009,170000,90000,Petrol,20.36
1654,2017,1250000,90000,Diesel,19.67
1655,2012,600000,144030,Petrol,12.8
1657,2016,650000,29000,Petrol,18.6
1658,2007,105000,90000,LPG,17.3
1659,2009,200000,176000,Diesel,17.0
1660,2013,200000,150000,Diesel,19.09
1661,2016,220000,90000,Petrol,16.8
1662,2014,500000,70000,Petrol,15.04
1663,2007,175000,99000,Diesel,19.2
1664,2018,450000,5000,Petrol,23.84
1665,2008,210000,90000,Diesel,16.52
1666,2011,270000,89000,Diesel,21.1
1667,2006,110000,88000,Diesel,16.8
1668,2015,480000,30000,Diesel,26.59
1669,2016,650000,50000,Diesel,26.59
1670,2013,480000,80000,Diesel,23.4
1671,2016,700000,40000,Diesel,22.54
1672,2015,650000,110000,Diesel,20.77
1673,2015,1300000,48000,Diesel,19.67
1675,2016,1000000,60000,Diesel,22.15
1677,2018,1080000,12800,Petrol,17.8
1678,2012,170000,40000,Petrol,21.1
1679,2017,610000,49000,Diesel,28.4
1680,2014,350000,25000,Petrol,18.5
1681,2016,260000,65000,Petrol,22.74
1682,2015,700000,20000,Diesel,20.4
1683,2018,678000,17000,Petrol,18.78
1684,2015,800000,15000,Diesel,23.65
1685,2014,400000,120000,Diesel,23.59
1686,2010,300000,49000,Petrol,18.5
1687,2016,520000,29000,Petrol,18.6
1688,2017,850000,55000,Diesel,19.61
1690,2017,830000,35000,Diesel,21.5
1691,2018,430000,5000,Petrol,20.63
1692,2017,850000,60000,Diesel,22.77
1693,2017,650000,70000,Petrol,20.85
1694,2008,120000,120000,Diesel,16.8
1695,2016,730000,65100,Diesel,18.49
1696,2019,525000,20000,Petrol,20.89
1697,2015,600000,108000,Diesel,21.19
1698,2019,500000,15000,Petrol,21.21
1699,2009,150000,77000,Petrol,17.92
1700,2015,409999,18500,Petrol,20.51
1701,2016,625000,120000,Diesel,18.49
1702,2015,290000,15200,Petrol,25.17
1703,2015,500000,35000,Petrol,17.3
1704,2011,475000,80000,Diesel,22.32
1705,2013,190000,70000,Petrol,21.1
1706,2014,750000,80000,Diesel,15.1
1707,2014,525000,120000,Diesel,19.01
1708,2012,495000,82000,Diesel,17.3
1712,2015,503000,110000,Diesel,14.1
1715,2013,225000,58343,Petrol,21.79
1716,2018,740000,38817,Diesel,27.39
1717,2016,550000,56494,Petrol,18.2
1718,2013,750000,79328,Diesel,12.99
1719,2019,650000,5621,Petrol,22.0
1720,2017,625000,25538,Petrol,16.78
1721,2018,600000,69779,Petrol,22.0
1722,2017,450000,56290,Diesel,24.0
1725,2019,779000,7032,Petrol,19.0
1726,2016,645000,11000,Petrol,14.3
1728,2010,321000,60000,Petrol,16.8
1729,2017,585000,50000,Petrol,17.71
1730,2011,225000,70000,Diesel,20.0
1731,2017,500000,70000,Diesel,25.8
1732,2011,350000,90000,Diesel,23.0
1733,2016,756000,70000,Diesel,24.52
1734,2014,240000,50000,Petrol,22.74
1735,2012,80000,120000,Petrol,19.7
1736,2019,800000,5000,Petrol,17.19
1737,2018,1250000,25000,Diesel,17.6
1738,2009,320000,80000,Diesel,12.05
1739,2017,509999,25000,Petrol,18.9
1740,2019,650000,15000,Diesel,22.95
1741,2011,210000,35000,Petrol,20.92
1742,2008,110000,80000,Petrol,19.7
1743,2017,665000,25000,Diesel,21.5
1744,2017,555000,52000,Diesel,21.66
1745,2017,560000,52000,Diesel,21.66
1746,2016,375000,80000,Diesel,25.32
1747,2011,290000,77000,Diesel,19.3
1749,2017,605000,127000,Diesel,28.4
1750,2017,720000,30000,Petrol,17.5
1751,2017,800000,70000,Diesel,24.52
1753,2011,625000,120000,Diesel,10.5
1754,2011,350000,116500,Diesel,23.0
1755,2012,600000,145000,Diesel,12.99
1756,2012,300000,120000,Petrol,18.5
1757,2011,240000,120000,Diesel,13.93
1758,2016,377000,80000,Diesel,25.83
1759,2013,450000,140000,Petrol,16.02
1760,2008,160000,100000,Petrol,13.9
1761,2019,525000,100000,Petrol,20.14
1762,2011,550000,168000,Diesel,12.8
1763,2010,270000,120000,Diesel,18.3
1764,2016,570000,145000,Diesel,23.59
1765,2011,225000,90000,Diesel,20.0
1766,2019,590000,90000,Petrol,20.14
1768,2019,800000,33000,Petrol,19.4
1769,2014,450000,13500,Petrol,18.2
1770,2012,300000,80000,Diesel,17.0
1771,2017,645000,20000,Petrol,18.6
1772,2013,520000,58000,Diesel,23.4
1773,2013,200000,40000,Petrol,21.1
1774,2015,700000,30000,Petrol,17.4
1776,2016,459999,73000,Diesel,25.83
1777,2014,325000,90000,Diesel,23.2
1778,2015,350000,50000,Petrol,20.51
1779,2011,440000,80000,Diesel,22.32
1780,2011,320000,70000,Diesel,21.9
1781,2011,169000,41000,Petrol,18.0
1782,2013,350000,50000,Petrol,16.47
1783,2014,350000,113226,Diesel,19.68
1784,2013,310000,90000,Diesel,20.0
1785,2007,150000,70000,Petrol,19.3
1786,2010,420000,160500,Diesel,13.5
1787,2015,685000,30000,Petrol,19.12
1788,2014,560000,132000,Diesel,19.72
1789,2013,470000,120000,Diesel,22.9
1790,2011,380000,80000,Petrol,16.2
1791,2015,670000,57000,Diesel,15.4
1792,2018,550000,5000,Petrol,22.0
1793,2016,749000,25000,Petrol,17.01
1794,2015,899000,80000,Diesel,19.67
1795,2011,290000,88000,Diesel,16.52
1797,2015,350000,60000,Petrol,20.62
1798,2017,500000,43000,Petrol,20.85
1799,2014,400000,77000,Diesel,21.66
1800,2016,260000,30000,Petrol,25.17
1801,2015,220000,40000,Petrol,22.74
1802,2014,190000,139000,Diesel,18.2
1803,2016,400000,80000,Petrol,18.9
1804,2014,170000,76000,Diesel,25.44
1805,2019,650000,3500,Petrol,18.6
1806,2007,60000,62000,Petrol,16.1
1807,2007,300000,110000,Petrol,12.0
1808,2012,125000,40000,Petrol,16.2
1809,2013,130000,120000,Diesel,19.3
1811,2011,170000,70000,Petrol,19.7
1812,2012,310000,77000,Diesel,19.3
1813,2011,130000,110000,Petrol,18.0
1814,2016,465000,20000,Petrol,20.51
1816,2005,800000,120005,Diesel,11.0
1817,2012,260000,16830,Petrol,20.2
1818,2013,500000,70000,Diesel,15.96
1819,2017,325000,38000,Petrol,23.01
1820,2013,400000,80000,Diesel,15.96
1822,2007,200000,50000,Diesel,17.88
1823,2013,450000,52000,Diesel,17.21
1824,2012,229999,50000,Diesel,17.0
1825,2016,340000,30000,Petrol,21.1
1826,2014,550000,103000,Diesel,15.96
1827,2011,975000,93468,Diesel,11.4
1829,2010,225000,80000,Petrol,14.0
1831,2013,280000,70000,Diesel,25.0
1832,2019,700000,4500,Petrol,19.5
1833,2012,259000,35000,Diesel,23.03
1836,2015,416000,40000,Petrol,17.01
1837,2011,250000,70000,Diesel,19.0
1838,2010,210000,120000,Diesel,21.12
1839,2008,290000,120000,Diesel,12.05
1840,2012,220000,90000,Diesel,23.03
1841,2012,246000,35000,Diesel,23.03
1842,2018,260000,30000,Petrol,16.8
1843,2018,1050000,70000,Diesel,21.38
1844,2012,290000,60000,Diesel,21.02
1845,2013,310000,70000,Diesel,25.0
1846,2018,700000,6000,Petrol,18.6
1847,2016,550000,20000,Petrol,20.4
1848,2017,450000,70000,Diesel,19.09
1849,2016,773000,65000,Petrol,17.8
1850,2017,450000,25000,Petrol,23.84
1851,2019,409999,10000,Petrol,15.37
1852,2003,45000,35000,Petrol,16.1
1853,2014,600000,80000,Petrol,11.07
1854,2010,250000,63000,Petrol,18.6
1855,2008,70000,100000,Diesel,16.8
1856,2019,690000,1303,Petrol,17.8
1861,2018,1000000,4295,Petrol,17.1
1862,2018,1000000,5229,Petrol,17.1
1864,2018,925000,23712,Diesel,28.09
1865,2016,550000,56494,Petrol,18.2
1866,2018,430000,16589,Petrol,20.51
1867,2013,750000,79328,Diesel,12.99
1868,2016,675000,53201,Petrol,17.8
1869,2017,570000,25272,Petrol,21.01
1870,2017,850000,53619,Diesel,24.3
1873,2019,779000,7032,Petrol,19.0
1874,2018,640000,6001,Petrol,15.9
1875,2013,250000,80000,Diesel,19.09
1876,2018,1250000,12000,Diesel,19.6
1877,2017,889000,25000,Petrol,17.0
1878,2017,750000,40000,Diesel,22.54
1879,2010,320000,130000,Diesel,17.8
1881,2018,1000000,40000,Diesel,28.09
1883,2008,250000,120000,Petrol,17.7
1884,2015,600000,60000,Diesel,26.59
1885,2009,165000,60000,Petrol,19.0
1886,2004,118000,60000,Petrol,19.7
1887,2016,700000,78000,Diesel,27.39
1888,2013,585000,80000,Diesel,20.46
1889,2006,120000,120000,Petrol,19.7
1890,2003,65000,90000,Petrol,16.1
1891,2006,150000,100000,Petrol,19.7
1892,2009,150000,70000,Petrol,19.7
1893,2004,170000,160000,Diesel,13.1
1894,2006,250000,120000,Diesel,10.5
1895,2005,100000,100000,Diesel,13.1
1896,2013,599000,60000,Diesel,20.77
1897,2010,250000,135000,Diesel,18.3
1898,2016,570000,90000,Petrol,20.4
1899,2013,440000,75000,Diesel,22.07
1900,2005,300000,185000,Diesel,11.4
1901,2015,300000,71717,Petrol,19.34
1902,2011,500000,150000,Diesel,11.79
1903,2016,660000,55000,Diesel,26.59
1904,2012,256000,90000,Petrol,15.3
1905,2018,409999,35000,Petrol,23.01
1907,2011,250000,100000,LPG,13.45
1908,2009,280000,40000,Petrol,12.9
1909,2010,300000,100000,Diesel,13.0
1910,2016,900000,120000,Diesel,14.1
1911,2014,190000,60000,Petrol,19.0
1912,2019,800000,2000,Diesel,15.96
1913,2012,450000,100000,Diesel,14.0
1914,2015,400000,110000,Diesel,14.95
1915,2009,150000,90000,Diesel,13.93
1916,2011,200000,84321,Diesel,23.57
1917,2013,600000,177000,Diesel,15.1
1918,2010,175000,60000,Diesel,18.0
1920,2008,215000,70000,Petrol,20.36
1921,2011,190000,70000,Petrol,19.3
1922,2013,520000,126000,Diesel,19.01
1924,2015,285000,70000,Diesel,19.1
1925,2017,660000,82000,Diesel,18.49
1926,2004,31504,110000,Petrol,16.1
1927,2015,515000,45000,Petrol,20.85
1928,2012,295000,70000,Diesel,21.64
1929,2015,700000,80000,Diesel,20.45
1930,2017,1100000,45000,Diesel,15.4
1931,2017,300000,60000,Petrol,20.3
1932,2013,450000,41800,Petrol,18.6
1933,2010,135000,132000,Petrol,19.3
1934,2017,700000,50000,Diesel,28.4
1935,2012,250000,40000,Diesel,20.0
1936,2009,140000,96000,Petrol,18.9
1937,2012,250000,117000,Diesel,14.0
1938,2011,210000,110000,Petrol,19.81
1939,2014,420000,100000,Diesel,25.8
1940,2007,130000,88700,Petrol,19.7
1941,2012,320000,70000,Petrol,16.95
1942,2010,200000,110000,Petrol,17.3
1943,2016,310000,15000,Petrol,22.74
1944,2012,200000,80000,Diesel,20.8
1945,2014,350000,50000,Petrol,18.5
1946,2018,444000,15000,Petrol,21.1
1947,2017,300000,25000,Petrol,22.7
1948,2011,225000,57000,Diesel,21.0
1949,2012,600000,75000,Diesel,15.96
1950,2013,260000,26000,Petrol,15.37
1951,2015,375000,160000,Diesel,24.4
1952,2013,260000,26000,Petrol,15.37
1953,2010,150000,120000,Petrol,19.7
1954,2014,110000,50000,Petrol,19.7
1955,2012,225000,40000,Petrol,19.7
1956,2011,400000,90000,Diesel,19.3
1957,2005,93000,120000,Petrol,19.3
1958,2017,860000,28000,Petrol,17.8
1959,2018,650000,50000,Diesel,28.4
1960,2014,650000,90000,Diesel,20.77
1961,2016,710000,40000,Diesel,24.8
1962,2017,430000,113000,Diesel,25.83
1963,2011,305000,188000,Diesel,17.8
1964,2011,220000,100000,Diesel,20.0
1966,2017,660000,67000,Diesel,18.49
1967,2011,140000,70000,Diesel,25.44
1968,2015,1100000,50000,Petrol,14.28
1970,2017,625000,34000,Diesel,22.0
1971,2004,198000,110000,Petrol,12.8
1973,2005,130000,140000,Petrol,18.9
1974,2012,540000,100000,Petrol,16.8
1975,2017,550000,10000,Petrol,18.9
1976,2018,475000,30000,Petrol,21.63
1981,2018,540000,7000,Petrol,20.3
1982,2018,910000,20000,Diesel,17.0
1983,2019,484999,4875,Petrol,21.63
1985,2018,950000,58511,Diesel,24.3
1986,2015,365000,105000,Diesel,25.83
1987,2018,900000,26235,Diesel,16.55
1988,2017,919999,26766,Diesel,21.5
1991,2019,1075000,23000,Diesel,17.3
1992,2017,600000,24522,Petrol,20.4
1995,2016,839000,63000,Diesel,24.3
1996,2019,635000,2000,Petrol,16.2
1998,2011,180000,190000,Diesel,19.2
1999,2015,650000,80000,Diesel,26.0
2000,2011,350000,80000,Petrol,16.0
2001,2015,265000,54000,Petrol,23.95
2002,2018,330000,30000,Petrol,23.01
2003,2019,395000,5000,Petrol,15.37
2004,2015,700000,58945,Diesel,18.49
2005,2012,300000,90000,Diesel,20.0
2007,2013,625000,160000,Diesel,20.77
2008,2014,425000,80000,Diesel,15.11
2009,2004,55000,50000,Petrol,16.1
2010,2015,250000,80000,Diesel,19.09
2011,2015,459999,156975,Diesel,15.96
2013,2014,300000,50000,Petrol,18.2
2014,2018,950000,27620,Diesel,22.77
2015,2013,484999,120000,Diesel,12.05
2016,2009,161000,120000,Diesel,14.0
2017,2015,500000,58000,Petrol,17.19
2018,2012,350000,50000,Petrol,16.95
2019,2017,550000,40000,Petrol,20.89
2020,2018,850000,7800,Petrol,17.5
2021,2016,240000,50000,Petrol,22.74
2022,2011,950000,68000,Diesel,13.1
2023,2015,423000,60000,Petrol,16.02
2024,2005,90000,74000,Petrol,12.8
2025,2011,350000,58000,Diesel,13.93
2026,2011,170000,70000,Petrol,19.0
2027,2015,450000,70000,Petrol,18.16
2028,2009,150000,110000,Petrol,20.36
2029,2002,75000,80000,Petrol,19.3
2030,2016,511000,80000,Diesel,22.54
2031,2018,850000,59000,Diesel,24.2
2032,2018,250000,110000,Diesel,25.0
2033,2020,420000,25000,Petrol,21.63
2034,2014,180000,55000,Petrol,22.74
2035,2015,400000,25000,Diesel,27.62
2037,2016,500000,143200,Diesel,25.83
2039,2012,204999,120000,Diesel,23.08
2040,2014,459999,145000,Diesel,26.21
2041,2017,600000,30000,Petrol,18.6
2042,2019,585000,8000,Petrol,18.9
2043,2012,551000,170000,Diesel,13.1
2044,2013,525000,100000,Diesel,23.4
2045,2012,160000,62000,Petrol,14.0
2046,2014,825000,110000,Diesel,15.1
2047,2007,127000,137000,CNG,19.3
2048,2015,600000,80000,Diesel,13.58
2049,2002,65000,80000,Petrol,17.3
2050,2013,550000,100000,Diesel,23.4
2051,2015,650000,120000,Diesel,15.96
2052,2019,750000,24000,Diesel,28.4
2053,2017,380000,80000,Diesel,25.32
2054,2012,400000,138000,Diesel,22.32
2055,2003,50000,147000,Petrol,18.9
2056,2017,750000,60000,Diesel,18.49
2057,2011,150000,80000,Petrol,18.0
2058,2016,245000,50000,Petrol,22.74
2059,2013,260000,189000,Diesel,21.02
2060,2014,411000,90000,Diesel,21.21
2061,2014,450000,56000,Diesel,21.9
2062,2012,1300000,140000,Diesel,18.88
2063,2016,351000,60000,Petrol,23.1
2064,2012,550000,130000,Diesel,15.1
2065,2013,1300000,140000,Diesel,18.88
2066,2013,260000,189000,Diesel,21.02
2067,2014,411000,90000,Diesel,21.21
2068,2014,450000,56000,Diesel,21.9
2069,2012,1300000,140000,Diesel,18.88
2070,2016,351000,60000,Petrol,23.1
2071,2012,550000,130000,Diesel,15.1
2072,2013,1300000,140000,Diesel,18.88
2073,2016,750000,35000,Diesel,20.45
2074,2015,800000,35000,Diesel,20.45
2075,2011,350000,156000,Diesel,11.57
2076,2013,200000,90000,Petrol,22.74
2077,2008,150000,60000,Diesel,17.0
2078,2016,800000,36000,Diesel,19.01
2079,2017,350000,20000,Petrol,21.1
2080,2011,350000,160000,Diesel,13.93
2081,2006,250000,185000,Diesel,12.7
2082,2010,170000,110000,Diesel,17.0
2083,2018,395000,10800,Petrol,25.17
2084,2012,450000,120000,Diesel,15.96
2085,2019,500000,15000,Petrol,20.89
2086,2012,200000,67500,Diesel,12.2
2087,2017,1200000,30000,Diesel,17.6
2088,2016,400000,50000,Diesel,25.32
2089,2016,650000,100000,Diesel,18.49
2090,2016,550000,150000,Diesel,15.96
2091,2015,1100000,110000,Diesel,16.0
2092,2012,254999,30000,Petrol,22.74
2093,2011,180000,60000,Petrol,19.7
2095,2008,225000,120000,Diesel,16.52
2096,2015,270000,49900,Petrol,22.74
2097,2012,310000,86000,Diesel,21.12
2098,2015,225000,71850,Petrol,20.63
2099,2015,300000,95000,Diesel,21.2
2100,2008,250000,70000,Petrol,17.5
2101,2011,180000,35000,Petrol,21.1
2102,2015,550000,50000,Petrol,20.85
2103,2007,300000,120000,Diesel,13.6
2104,2015,900000,145000,Diesel,22.7
2105,2012,254999,190000,Diesel,19.3
2107,2015,590000,110000,Diesel,27.39
2108,2008,170000,112000,LPG,17.3
2110,2016,475000,110000,Diesel,23.2
2111,2018,700000,29000,Diesel,24.0
2112,2011,376000,60000,Petrol,18.9
2113,2002,100000,120000,Petrol,19.3
2114,2004,75000,46000,Petrol,16.1
2115,2012,440000,120000,Diesel,11.79
2116,2016,390000,80000,Petrol,20.51
2117,2012,725000,159000,Diesel,12.8
2118,2012,325000,110000,Diesel,15.96
2119,2010,170000,75000,Petrol,19.7
2120,2010,215000,120000,Diesel,19.3
2121,2010,350000,110000,Petrol,17.0
2122,2009,80000,80000,Petrol,18.0
2123,2012,195000,80000,Petrol,21.1
2124,2011,280000,85000,Diesel,19.3
2125,2014,335000,71000,Diesel,21.64
2126,2011,475000,108000,Diesel,16.0
2127,2015,484999,75000,Diesel,19.87
2128,2018,650000,22000,Petrol,21.56
2130,2018,700000,30000,Petrol,18.6
2132,2018,900000,60000,Diesel,15.4
2133,2013,350000,80000,Diesel,22.07
2136,2017,750000,51777,Diesel,24.3
2138,2018,600000,20000,Petrol,19.5
2139,2018,565000,19000,Petrol,18.78
2141,2016,329000,19000,Petrol,20.63
2142,2016,650000,50000,Diesel,22.77
2143,2015,822000,60000,Diesel,19.67
2144,2013,345000,100000,Diesel,19.01
2146,2012,330000,50000,Diesel,22.9
2147,2014,300000,74537,Petrol,20.51
2148,2009,200000,90000,Petrol,12.6
2149,2012,200000,80000,Diesel,19.3
2150,2010,90000,70000,Petrol,18.0
2151,2010,200000,80000,Petrol,18.9
2152,2016,550000,35000,Diesel,24.4
2153,2015,250000,23500,Petrol,18.6
2154,2017,975000,82000,Diesel,25.6
2155,2014,900000,100000,Diesel,12.99
2156,2018,610000,15000,Petrol,18.6
2157,2017,620000,30000,Diesel,27.39
2158,2016,400000,30000,Petrol,18.9
2159,2019,500000,11000,Petrol,21.63
2160,2017,200000,140000,Petrol,19.02
2161,2016,360000,110000,Diesel,23.0
2162,2012,252000,48000,Petrol,20.92
2163,2012,280000,70000,Diesel,22.9
2164,2018,509999,70000,Petrol,22.0
2165,2016,1050000,58000,Diesel,15.4
2166,2010,200000,40000,LPG,17.3
2167,2005,60000,90000,Petrol,17.3
2168,2010,320000,40000,Diesel,14.0
2169,2013,520000,110000,Diesel,12.05
2170,2007,250000,80000,Diesel,11.57
2171,2017,725000,60000,Diesel,24.3
2172,2015,585000,50000,Diesel,15.96
2173,2017,430000,25000,Petrol,23.84
2174,2011,235000,100000,Diesel,22.9
2175,2012,350000,52000,Diesel,19.3
2176,2010,131000,80000,Petrol,19.81
2177,2016,450000,85000,Diesel,25.8
2178,2016,750000,83000,Diesel,24.3
2179,2013,200000,50000,Petrol,22.74
2180,2009,125000,120000,Petrol,18.9
2181,2014,500000,100000,Diesel,15.96
2182,2012,380000,70000,Diesel,22.9
2183,2008,128000,19000,Petrol,19.7
2184,2009,250000,68600,Petrol,17.0
2185,2017,690000,60000,Diesel,16.5
2186,2014,650000,65000,Diesel,15.96
2187,2012,560000,40000,Petrol,16.8
2188,2012,120000,160000,Diesel,19.3
2189,2016,400000,25000,Petrol,23.1
2190,2012,200000,29500,Petrol,20.92
2191,2018,950000,13887,Petrol,17.0
2192,2016,300000,50000,Petrol,22.74
2193,2016,315000,30000,Petrol,25.17
2194,2012,220000,100000,Petrol,22.74
2195,2011,130000,60000,Petrol,14.49
2196,2016,595000,60000,Diesel,22.54
2197,2011,110000,120000,Diesel,19.4
2198,2017,680000,13500,Petrol,17.0
2199,2013,280000,52000,Diesel,20.3
2200,2017,530000,30000,Petrol,21.4
2201,2017,610000,14000,Petrol,19.1
2202,2014,500000,90000,Diesel,15.05
2203,2018,500000,50000,Diesel,24.7
2204,2010,250000,120000,Diesel,13.0
2205,2018,325000,10000,Petrol,21.1
2206,2018,550000,10000,Petrol,21.4
2207,2018,720000,25000,Petrol,20.73
2208,2017,950000,20000,Petrol,17.0
2209,2013,350000,60000,Diesel,22.9
2210,2018,500000,40000,Petrol,18.9
2211,2012,380000,60000,Diesel,19.3
2212,2015,380000,50000,Petrol,16.9
2213,2017,900000,20000,Petrol,17.0
2214,2017,295000,35000,Petrol,24.7
2215,2016,640000,40000,Diesel,28.09
2216,2018,790000,60000,Diesel,21.5
2217,2015,625000,20000,Petrol,17.01
2218,2017,604000,30000,Petrol,17.0
2219,2015,315000,29000,Petrol,23.95
2220,2019,950000,17000,Diesel,20.0
2221,2017,400000,50000,Petrol,20.51
2222,2018,700000,42000,Petrol,18.6
2223,2011,700000,120000,Diesel,12.8
2224,2012,260000,110000,Diesel,21.03
2225,2012,200000,90000,Diesel,23.57
2226,2020,580000,70000,Petrol,23.26
2227,2011,330000,66000,Diesel,20.5
2228,2011,400000,70000,Diesel,16.2
2230,2014,250000,50000,Diesel,21.03
2231,2019,725000,25000,Petrol,15.41
2232,2013,300000,70000,Diesel,23.4
2233,2006,120000,40000,Petrol,16.1
2234,2016,1175000,110000,Diesel,16.0
2235,2009,380000,150000,Diesel,13.93
2236,2014,400000,45000,Diesel,19.1
2237,2005,140000,90000,Diesel,16.1
2238,2011,229999,140000,Diesel,11.57
2239,2003,110000,83000,Petrol,13.8
2240,2011,550000,106000,Diesel,16.96
2241,2008,150000,60000,Petrol,15.26
2242,2017,265000,40000,Petrol,16.8
2243,2011,300000,138000,Petrol,17.0
2244,2015,280000,80000,Petrol,22.74
2245,2005,130000,50000,Petrol,15.3
2246,2015,350000,50000,Petrol,18.2
2247,2009,200000,120000,Petrol,18.5
2248,2018,550000,24400,Petrol,22.0
2249,2013,400000,60000,Diesel,15.96
2250,2010,170000,120000,Petrol,18.5
2251,2015,600000,60000,Diesel,24.8
2252,2011,130000,100000,Petrol,19.7
2253,2007,120000,60000,CNG,19.3
2254,2011,100000,120000,Petrol,16.1
2255,2016,310000,27500,Petrol,25.17
2256,2007,35000,10000,Petrol,16.1
2257,2010,200000,120000,Petrol,18.5
2258,2009,270000,70000,Diesel,19.3
2259,2015,650000,80000,Diesel,22.54
2260,2013,210000,120000,Petrol,15.64
2261,2015,509999,90000,Diesel,24.4
2262,2013,229999,70000,Diesel,20.0
2263,2014,409999,188000,Diesel,19.01
2264,2011,130000,67840,Petrol,18.0
2265,2013,95000,30000,Petrol,25.4
2266,2016,225000,35000,Petrol,22.74
2267,2010,256999,150000,Diesel,19.3
2268,2017,775000,100000,Diesel,24.3
2269,2017,420000,30000,Petrol,20.51
2270,2016,480000,70000,Petrol,18.9
2271,2003,200000,149032,Diesel,19.3
2273,2011,210000,84050,Petrol,19.3
2274,2018,600000,15000,Petrol,16.2
2275,2009,140000,140000,Diesel,13.8
2276,2010,130000,120000,Petrol,19.7
2277,2007,195000,112880,Diesel,25.2
2278,2013,210000,135000,Diesel,19.4
2279,2006,130000,80000,Petrol,18.9
2280,2012,141000,128000,Petrol,18.6
2281,2011,280000,120000,Diesel,13.6
2282,2010,350000,30000,Petrol,12.6
2283,2018,575000,70000,Petrol,17.0
2284,2015,550000,41000,Petrol,18.6
2285,2011,420000,28100,Petrol,19.3
2286,2006,120000,30000,Petrol,19.7
2287,2015,320000,30000,Petrol,23.95
2288,2011,250000,35000,Petrol,16.36
2289,2010,300000,22000,Petrol,15.0
2290,2006,250000,70000,Petrol,18.9
2291,2005,120000,100000,Petrol,19.3
2292,2018,750000,70000,Diesel,16.5
2294,2011,300000,120000,Diesel,13.93
2295,2019,577000,3000,Petrol,20.89
2296,2012,229999,50000,Petrol,20.92
2297,2013,500000,50000,Diesel,15.96
2298,2019,840000,1500,Petrol,18.2
2299,2017,900000,74000,Diesel,22.27
2300,2017,650000,25000,Petrol,18.7
2301,2016,650000,61915,Diesel,27.3
2302,2016,250000,110000,Petrol,21.1
2303,2016,550000,70000,Diesel,20.14
2304,2007,250000,150000,Diesel,17.8
2305,2013,350000,110000,Diesel,17.21
2306,2014,185000,90000,Diesel,25.44
2307,2010,229999,120000,Petrol,15.6
2308,2016,1000000,65000,Diesel,12.99
2309,2019,490000,10000,Petrol,20.52
2310,2009,150000,80000,Petrol,20.36
2311,2013,600000,184000,Diesel,20.77
2313,2005,60000,70000,Petrol,17.3
2314,2008,150000,89000,Petrol,15.6
2315,2014,335000,33033,Petrol,19.4
2316,2013,525000,69000,Diesel,22.9
2317,2015,465000,63063,Petrol,18.9
2318,2012,83000,90000,Diesel,25.0
2319,2017,300000,8000,Petrol,21.1
2320,2012,350000,35000,Petrol,17.0
2321,2011,300000,45000,Petrol,17.0
2322,2011,250000,30000,Diesel,20.4
2323,2006,114999,59000,Petrol,16.1
2324,2018,700000,6200,Petrol,19.34
2325,2020,250000,120000,Petrol,21.63
2326,2016,350000,70000,Petrol,20.51
2328,2017,850000,110000,Diesel,15.4
2329,2004,70000,158000,Petrol,19.3
2330,2007,90000,93000,Petrol,18.0
2331,2014,600000,110000,Diesel,13.58
2332,2007,135000,57000,Petrol,19.7
2333,2005,150000,120000,Petrol,13.2
2334,2012,259000,35000,Diesel,23.03
2335,2012,220000,90000,Diesel,23.03
2336,2012,246000,35000,Diesel,23.03
2337,2009,240000,120000,Petrol,17.5
2338,2018,946000,60000,Diesel,22.1
2339,2011,215000,70000,Diesel,23.03
2341,2013,310000,100000,Diesel,25.8
2342,2008,220000,35000,Petrol,20.36
2343,2008,195000,90000,Diesel,17.8
2344,2015,650000,50000,Petrol,17.19
2345,2011,350000,98000,Petrol,18.5
2346,2013,360000,30000,Petrol,18.5
2347,2013,550000,50000,Petrol,16.3
2348,2016,490000,26000,Petrol,18.9
2349,2011,195000,46000,Petrol,19.7
2350,2010,125000,80000,Petrol,19.7
2351,2019,459999,10000,Petrol,23.84
2352,2015,275000,16700,Petrol,22.74
2353,2018,680000,70000,Diesel,28.4
2354,2015,600000,7967,Petrol,20.85
2355,2018,720000,20000,Petrol,22.0
2356,2011,295000,50000,Diesel,19.3
2357,2016,356000,9656,Petrol,25.17
2358,2011,225000,50000,Petrol,19.81
2359,2019,725000,17000,Diesel,24.4
2360,2010,130000,50000,Petrol,18.0
2361,2015,300000,10000,Petrol,25.17
2362,2013,400000,43000,Petrol,18.5
2363,2013,550000,50000,Diesel,23.5
2364,2006,120000,90000,Petrol,18.9
2365,2012,409999,100000,Diesel,14.0
2367,2012,450000,120000,Diesel,15.96
2368,2019,610000,5000,Petrol,21.21
2369,2016,515000,68609,Diesel,22.7
2370,2018,925000,33360,Diesel,22.77
2371,2019,860000,14317,Petrol,14.23
2372,2012,225000,87237,Diesel,20.0
2373,2017,500000,62960,Diesel,25.83
2374,2017,600000,26634,Petrol,21.21
2375,2012,195000,163720,Diesel,18.5
2376,2012,265000,67998,Petrol,18.9
2377,2018,650000,20706,Diesel,23.8
2378,2015,415000,100581,Diesel,25.83
2379,2015,600000,67303,Diesel,20.45
2380,2013,340000,79139,Petrol,18.5
2381,2014,350000,84784,Diesel,24.0
2382,2012,265000,130376,Diesel,23.2
2383,2017,625000,72000,Diesel,13.93
2384,2008,245000,127000,Diesel,16.8
2385,2014,395000,120000,Diesel,25.2
2386,2010,190000,120000,Diesel,19.3
2387,2014,490000,100000,Diesel,24.4
2388,2012,450000,148000,Diesel,19.3
2389,2018,955000,40000,Diesel,24.52
2390,2013,525000,110000,Diesel,23.4
2391,2017,550000,30000,Petrol,20.3
2392,2014,200000,120000,Diesel,19.1
2393,2017,500000,15000,Petrol,18.16
2394,2016,825000,33500,Diesel,23.65
2395,2012,250000,70000,Diesel,17.21
2396,2015,600000,10000,Petrol,18.16
2398,2016,770000,50000,Diesel,18.49
2399,2011,415000,78432,Diesel,16.52
2400,2011,825000,125000,Diesel,14.66
2401,2018,530000,80000,Diesel,26.1
2403,2012,310000,50000,Petrol,19.4
2404,2017,390000,20000,Petrol,23.84
2405,2016,700000,30000,Petrol,15.29
2406,2010,200000,70000,Petrol,19.81
2407,2013,1050000,7200,Diesel,12.99
2408,2014,580000,97000,Diesel,26.0
2409,2014,200000,60000,Petrol,21.1
2410,2013,245000,25000,Petrol,18.2
2411,2010,210000,94000,Petrol,20.36
2412,2005,50000,90000,Petrol,15.4
2413,2012,700000,50000,Diesel,12.12
2414,2019,660000,35000,Diesel,22.95
2415,2015,630000,117500,Petrol,17.4
2416,2012,950000,78500,Diesel,15.1
2417,2018,740000,8000,Petrol,18.6
2418,2017,570000,25000,Petrol,18.12
2419,2012,450000,60000,Diesel,22.32
2420,2019,390000,10000,Petrol,22.5
2421,2009,180000,70000,Petrol,14.2
2422,2015,130000,60000,Petrol,25.4
2423,2006,270000,70000,Petrol,17.7
2425,2006,170000,90000,Petrol,13.9
2426,2015,978999,90000,Diesel,19.67
2427,2018,490000,25000,Petrol,23.84
2428,2012,280000,60000,Diesel,23.5
2429,2018,390000,25000,Petrol,23.84
2430,2013,170000,60000,Petrol,22.74
2431,2008,45000,70000,Petrol,18.0
2432,2016,640000,80000,Diesel,24.52
2433,2015,650000,110000,Diesel,15.4
2434,2013,500000,115717,Diesel,12.05
2435,2008,90000,110000,Diesel,17.7
2436,2014,480000,70000,Diesel,15.05
2437,2019,630000,4000,Petrol,21.21
2438,2011,250000,50000,Petrol,20.36
2439,2016,330000,70000,Petrol,18.9
2440,2009,180000,70000,Petrol,20.36
2441,2010,210000,50000,Petrol,18.5
2442,2016,550000,55000,Diesel,26.59
2443,2020,950000,5000,Petrol,17.0
2444,2013,430000,100000,Diesel,15.96
2445,2014,348000,23000,Petrol,20.36
2446,2014,196000,60000,Petrol,22.74
2447,2010,150000,70000,Petrol,18.9
2448,2005,90000,82000,Petrol,19.3
2449,2009,150000,60000,Petrol,18.9
2450,2019,1250000,100000,Diesel,14.1
2451,2015,600000,90000,Diesel,20.77
2452,2010,65000,26432,Petrol,25.4
2453,2016,220000,46702,Petrol,16.8
2454,2016,220000,46706,Petrol,16.8
2455,2006,110000,53523,Petrol,16.84
2456,2012,175000,56365,Diesel,25.44
2457,2011,160000,49563,Petrol,16.2
2458,2004,65000,56432,Petrol,16.1
2459,2002,60000,52365,Petrol,16.1
2460,2007,120000,53512,Petrol,19.7
2461,2005,110000,53563,Petrol,19.3
2462,2013,1000000,40000,Diesel,11.18
2463,2010,220000,46533,Petrol,18.9
2464,2005,105000,59635,Petrol,19.3
2465,2008,114999,58632,Petrol,14.0
2466,2008,110000,58632,LPG,19.3
2467,2016,850000,80000,Diesel,16.0
2468,2016,750000,70000,Diesel,24.52
2469,2017,265000,90000,Petrol,23.01
2470,2014,450000,110000,Petrol,14.09
2471,2013,225000,90000,Diesel,17.21
2472,2015,1125000,70000,Diesel,15.4
2473,2009,270000,80000,Petrol,16.6
2474,2007,130000,78000,Petrol,19.7
2475,2017,660000,45000,Diesel,16.5
2476,2015,240000,50000,Petrol,23.95
2477,2017,275000,58000,Petrol,24.7
2478,2012,750000,120000,Diesel,12.8
2479,2007,65000,30000,Petrol,14.7
2480,2017,850000,162000,Diesel,14.1
2481,2016,300000,50000,CNG,26.6
2482,2018,555000,25000,Petrol,18.6
2483,2015,825000,60000,Diesel,15.4
2484,2010,150000,70000,LPG,13.45
2485,2009,185000,138000,Diesel,19.3
2486,2010,180000,70000,Petrol,20.36
2487,2010,160000,48000,Petrol,19.7
2488,2012,500000,110000,Diesel,11.4
2489,2014,375000,88000,Diesel,25.2
2490,2015,900000,68000,Diesel,12.99
2491,2017,459999,70000,Petrol,18.9
2492,2014,480000,80000,Diesel,20.45
2493,2013,320000,100000,Diesel,22.9
2494,2013,370000,96000,Diesel,22.9
2495,2005,80000,123219,Petrol,19.3
2496,2002,75000,30000,Petrol,17.3
2497,2016,400000,60000,Diesel,23.2
2498,2005,250000,90000,Petrol,19.3
2499,2014,425000,65000,Diesel,25.2
2500,2014,325000,48000,Petrol,23.1
2501,2016,350000,65300,Petrol,18.9
2502,2018,600000,40000,Petrol,18.6
2503,2012,120000,60000,Diesel,25.44
2504,2012,200000,70000,Petrol,20.92
2505,2008,100000,70000,Petrol,19.7
2506,2014,350000,70000,Diesel,24.0
2507,2006,85000,150000,Petrol,19.7
2508,2019,399000,10000,Petrol,23.95
2509,2014,580000,56000,Diesel,22.32
2510,2017,290000,30000,Petrol,22.7
2511,2014,380000,50000,Petrol,18.9
2512,2010,200000,120000,Diesel,20.0
2513,2018,390000,40000,CNG,26.6
2514,2017,500000,27500,Petrol,18.9
2515,2012,520000,73000,Diesel,20.77
2516,2017,650000,75000,Diesel,26.59
2517,2018,380000,5000,Petrol,23.01
2518,2010,275000,50000,LPG,26.2
2519,2015,520000,70000,Diesel,26.59
2520,2015,610000,60000,Diesel,26.59
2521,2004,85000,110000,Petrol,18.9
2522,2013,490000,95000,Diesel,20.46
2523,2015,229999,34000,Petrol,21.1
2524,2015,411000,25000,Petrol,18.9
2525,2019,362000,120000,CNG,21.94
2526,2014,550000,31000,Diesel,23.59
2527,2018,459999,70000,CNG,26.6
2528,2011,190000,47000,Petrol,18.5
2529,2019,499000,5000,Petrol,20.3
2530,2018,358000,44000,Petrol,15.37
2531,2012,278000,120000,Diesel,23.59
2532,2014,320000,39395,Diesel,21.2
2533,2013,580000,67000,Diesel,20.4
2534,2019,1300000,20000,Petrol,17.4
2535,2018,825000,40000,Diesel,25.8
2536,2004,170000,120000,Petrol,13.4
2538,2018,490000,7000,Petrol,20.3
2539,2018,1050000,15000,Diesel,16.0
2540,2016,210000,50000,Petrol,18.6
2541,2016,1250000,30000,Diesel,15.4
2542,2012,320000,120000,Diesel,22.9
2543,2012,400000,64000,Diesel,16.52
2544,2013,320000,120000,Diesel,23.2
2545,2012,600000,85000,Diesel,21.43
2546,2012,275000,50000,Petrol,20.92
2547,2009,170000,59000,Petrol,19.7
2548,2012,155000,98000,Diesel,25.44
2549,2012,240000,70000,Diesel,19.3
2550,2012,240000,70000,Diesel,19.3
2551,2011,320000,120000,Diesel,19.3
2552,2015,620000,140000,Diesel,20.45
2553,2017,530000,50000,Petrol,18.9
2554,2015,550000,40000,Diesel,23.59
2555,2014,600000,90000,Diesel,26.0
2556,2014,649000,117000,Diesel,15.1
2557,2014,625000,90000,Diesel,26.0
2558,2010,125000,70000,Petrol,16.0
2560,2010,285000,155000,Petrol,15.5
2561,2015,600000,60000,Diesel,13.49
2562,2016,426000,110000,Petrol,18.15
2563,2010,180000,120000,Diesel,17.0
2564,2011,400000,100000,Diesel,22.32
2565,2010,120000,40000,Petrol,18.6
2566,2012,300000,110000,Diesel,21.12
2567,2011,190000,92500,Petrol,20.92
2568,2017,310000,20000,Petrol,24.7
2569,2019,380000,15000,Petrol,25.17
2570,2019,740000,14000,Diesel,16.5
2571,2016,260000,35000,Petrol,22.7
2572,2017,320000,32000,Petrol,23.95
2573,2013,211000,90000,CNG,26.6
2574,2018,650000,35000,Petrol,22.0
2575,2017,651000,32500,Diesel,28.4
2576,2019,380000,14000,Petrol,23.95
2577,2014,160000,70000,Diesel,25.44
2578,2019,1270000,20000,Petrol,17.0
2580,2015,405000,100000,Diesel,25.2
2581,2015,850000,64800,Diesel,15.1
2582,2017,680000,90000,Diesel,16.5
2583,2014,426999,80000,Petrol,19.1
2585,2014,1019999,60000,Diesel,12.99
2586,2005,245000,120000,Diesel,12.8
2587,2015,869999,120000,Diesel,22.7
2588,2010,160000,66444,LPG,26.2
2589,2016,700000,86000,Diesel,24.3
2590,2012,300000,90000,Diesel,21.64
2592,2012,960000,153000,Diesel,12.8
2593,2014,525000,70000,Diesel,16.55
2594,2015,345000,60000,Diesel,24.0
2595,2015,390000,50000,Petrol,18.0
2596,2015,275000,20000,Petrol,20.63
2597,2014,310000,35000,Petrol,18.2
2598,2017,500000,20000,Petrol,18.9
2599,2013,200000,70000,Diesel,22.1
2600,2018,650000,53000,Diesel,20.14
2601,2018,1031000,60000,Diesel,25.6
2602,2018,330000,70000,Petrol,20.3
2603,2019,399000,4000,Petrol,20.3
2604,2012,250000,103000,Petrol,20.36
2605,2017,600000,20000,Diesel,24.0
2606,2013,375000,77000,Diesel,22.9
2607,2012,375000,90000,Diesel,20.54
2608,2013,445000,87185,Diesel,22.32
2609,2003,55000,167000,Petrol,18.9
2610,2016,611000,77000,Diesel,22.54
2611,2014,459999,110000,Diesel,24.8
2612,2011,275000,120000,Diesel,17.8
2613,2011,185000,170000,CNG,11.88
2614,2012,390000,100000,Diesel,22.32
2615,2007,72000,40000,Petrol,18.0
2616,2007,90000,50000,Diesel,17.88
2617,2015,500000,125000,Diesel,23.59
2618,2011,200000,137000,CNG,26.2
2620,2015,511000,30000,Petrol,18.9
2621,2009,150000,55000,Petrol,14.6
2623,2013,185000,80000,Petrol,22.74
2624,2018,550000,30000,Petrol,21.4
2625,2017,325000,3564,Petrol,23.95
2626,2015,525000,80000,Diesel,26.59
2627,2018,1050000,13000,Diesel,17.0
2628,2012,300000,120000,Diesel,25.0
2629,2011,120000,90000,Petrol,18.6
2633,2015,503000,110000,Diesel,14.1
2636,2013,225000,58343,Petrol,21.79
2637,2018,740000,38817,Diesel,27.39
2638,2016,550000,56494,Petrol,18.2
2639,2013,750000,79328,Diesel,12.99
2640,2019,650000,5621,Petrol,22.0
2641,2017,625000,25538,Petrol,16.78
2642,2018,600000,69779,Petrol,22.0
2643,2017,450000,56290,Diesel,24.0
2646,2019,779000,7032,Petrol,19.0
2647,2016,645000,11000,Petrol,14.3
2649,2011,170000,50000,Petrol,17.92
2650,2010,320000,42000,Diesel,23.03
2651,2016,350000,17000,Petrol,23.1
2652,2018,500000,40000,Petrol,22.0
2653,2009,135000,137000,Diesel,17.0
2654,2018,340000,20000,Petrol,25.17
2655,2020,330000,70000,Petrol,18.9
2656,2011,350000,48756,Petrol,15.5
2658,2016,400000,110000,Diesel,24.4
2659,2014,325000,80322,Diesel,17.8
2660,2015,1000000,35000,Diesel,15.4
2661,2017,850000,110000,Diesel,15.4
2662,2012,350000,70000,Diesel,21.5
2666,2015,503000,110000,Diesel,14.1
2669,2013,225000,58343,Petrol,21.79
2670,2018,740000,38817,Diesel,27.39
2671,2016,550000,56494,Petrol,18.2
2672,2013,750000,79328,Diesel,12.99
2673,2019,650000,5621,Petrol,22.0
2674,2017,625000,25538,Petrol,16.78
2675,2018,600000,69779,Petrol,22.0
2676,2017,450000,56290,Diesel,24.0
2679,2019,779000,7032,Petrol,19.0
2680,2016,645000,11000,Petrol,14.3
2682,2012,500000,90000,Diesel,19.3
2683,2015,550000,120000,Diesel,24.5
2684,2015,925000,60000,Diesel,14.0
2685,2010,509999,97000,Diesel,11.79
2686,2011,250000,100000,Diesel,13.0
2687,2015,500000,36000,Petrol,17.19
2688,2019,1050000,27000,Diesel,21.38
2689,2014,490000,50000,Diesel,23.4
2690,2020,415000,15000,Petrol,15.37
2691,2013,190000,60000,Petrol,22.74
2692,2018,680000,120000,Diesel,28.4
2693,2013,190000,60000,Petrol,22.74
2694,2013,479000,173000,Diesel,12.05
2695,2016,270000,60000,Petrol,22.74
2696,2008,170000,70000,Petrol,19.81
2697,2018,764000,25000,Petrol,20.73
2698,2019,710000,30000,Diesel,15.96
2699,2017,310000,35000,Petrol,24.7
2700,2017,620000,100000,Diesel,16.5
2701,2017,280000,31000,Petrol,21.1
2703,2016,450000,40000,Petrol,18.9
2706,2008,285000,60000,Petrol,15.3
2708,2009,1100000,60000,Diesel,16.07
2709,2011,350000,110000,Diesel,20.54
2710,2017,600000,35000,Petrol,17.5
2711,2017,570000,35000,Petrol,21.4
2712,2016,325000,20000,Petrol,23.95
2713,2016,975000,54000,Diesel,16.0
2714,2015,480000,60000,Petrol,18.6
2715,2014,185000,10300,Petrol,22.74
2716,2015,1050000,50000,Diesel,17.01
2717,2019,760000,3000,Petrol,21.01
2718,2019,570000,5000,Petrol,18.78
2719,2006,130000,145000,Petrol,19.3
2720,2018,700000,13000,Petrol,21.4
2721,2015,775000,30000,Petrol,15.63
2722,2007,750000,60000,Diesel,14.49
2723,2010,140000,100000,Petrol,18.0
2724,2016,220000,40000,Petrol,22.74
2727,2017,440000,50000,Petrol,18.6
2728,2017,650000,80000,Diesel,21.19
2729,2017,660000,50000,Diesel,18.49
2730,2017,380000,30000,CNG,21.94
2731,2012,415000,125000,Diesel,21.43
2732,2012,225000,110000,Petrol,19.81
2733,2013,600000,30000,Diesel,20.77
2734,2014,620000,148000,Diesel,20.77
2735,2016,750000,35000,Diesel,18.49
2736,2016,400000,80000,Petrol,18.9
2737,2005,110000,110000,Petrol,18.9
2738,2012,119000,95000,Diesel,19.4
2739,2015,600000,25000,Diesel,25.8
2740,2011,200000,80000,CNG,26.3
2741,2014,280000,60000,Diesel,23.0
2742,2013,375000,100000,Petrol,15.0
2743,2016,350000,50000,Petrol,19.44
2744,2017,620000,31000,Diesel,25.4
2745,2017,570000,120000,Diesel,26.59
2746,2012,290000,105000,Diesel,19.3
2747,2016,711000,120000,Diesel,24.52
2748,2012,370000,60000,Diesel,22.9
2749,2020,550000,15000,Petrol,23.26
2750,2013,325000,150000,Petrol,18.6
2751,2018,670000,93000,Diesel,27.4
2752,2017,385000,42000,Petrol,19.81
2753,2008,114999,80000,Petrol,17.92
2754,2010,200000,90000,Petrol,17.92
2755,2019,860000,6500,Diesel,24.3
2756,2018,600000,60000,Diesel,27.39
2757,2016,265000,110000,Petrol,23.95
2758,2015,155000,60000,CNG,23.7
2759,2019,900000,60000,Diesel,25.1
2760,2013,650000,170000,Diesel,20.77
2762,2012,180000,80000,Petrol,22.74
2763,2013,200000,57000,Petrol,21.1
2764,2014,300000,100000,Petrol,19.81
2765,2015,650000,40000,Petrol,17.01
2766,2014,267000,40000,Petrol,22.74
2767,2018,450000,50000,CNG,26.6
2768,2014,400000,90000,Petrol,18.9
2769,2012,310000,86000,Diesel,14.0
2770,2009,70000,15000,Petrol,26.0
2771,2017,675000,70000,Diesel,15.96
2772,2013,350000,120000,Petrol,14.09
2773,2014,240000,80000,Petrol,23.95
2774,2014,185000,80000,Diesel,19.09
2775,2017,250000,50000,Petrol,21.1
2776,2009,135000,100000,Petrol,19.7
2777,2011,500000,80000,Diesel,22.32
2778,2010,300000,108957,Diesel,13.93
2779,2017,328000,68000,Petrol,23.84
2780,2015,509999,65000,Diesel,15.96
2781,2015,575000,110000,Diesel,14.02
2782,2012,700000,50000,Diesel,12.2
2783,2008,105000,100000,Petrol,18.9
2784,2008,60000,80000,Petrol,16.1
2785,2008,112999,80000,Petrol,19.7
2786,2015,229999,120000,Diesel,19.1
2787,2012,325000,150000,Diesel,20.0
2788,2017,650000,20000,Petrol,18.6
2789,2009,85000,80000,Diesel,17.0
2790,2015,570000,93000,Diesel,24.5
2791,2015,525000,134000,Diesel,25.2
2792,2013,350000,90000,Petrol,18.5
2793,2007,250000,60000,Petrol,16.6
2794,2010,300000,120000,Diesel,14.0
2796,2017,650000,22200,Diesel,22.54
2797,2018,520000,6000,Petrol,18.9
2798,2016,500000,32000,Petrol,20.4
2799,2016,220000,90000,Petrol,25.17
2800,2017,650000,78000,Diesel,28.09
2801,2017,819999,12000,Petrol,17.5
2802,2016,645000,120000,Diesel,19.87
2803,2015,780000,40000,Diesel,24.52
2804,2008,215000,110000,Petrol,17.7
2806,2011,114999,10000,Petrol,19.7
2807,2012,75000,12000,Petrol,16.84
2808,2011,120000,60000,Petrol,18.6
2809,2016,250000,41000,Petrol,25.17
2810,2018,200000,25000,Petrol,16.8
2811,2015,380000,30000,Petrol,19.1
2812,2018,560000,50000,Diesel,25.8
2813,2018,575000,10000,Petrol,20.89
2814,2017,620000,40000,Diesel,16.5
2815,2012,525000,120000,Diesel,12.05
2816,2017,635000,40000,Diesel,26.59
2817,2016,650000,80000,Diesel,19.72
2819,2017,550000,70000,Diesel,25.83
2820,2009,145000,150000,Diesel,21.1
2821,2007,130000,100000,Diesel,16.1
2822,2017,825000,79000,Diesel,25.47
2824,2018,875000,50000,Diesel,24.3
2825,2016,650000,81000,Diesel,28.09
2830,2013,246000,56000,Diesel,22.1
2831,2013,325000,60000,Diesel,24.7
2833,2017,850000,30000,Petrol,15.4
2834,2015,560000,43001,Diesel,22.27
2835,2015,575000,60000,Diesel,25.47
2836,2019,470000,9000,Petrol,21.63
2837,2014,221000,65000,Diesel,19.09
2838,2014,680000,95000,Diesel,12.99
2839,2013,700000,62000,Diesel,13.1
2841,2015,875000,72000,Diesel,17.01
2842,2017,850000,35000,Diesel,22.0
2843,2013,550000,100600,Diesel,20.46
2844,2013,480000,105000,Diesel,23.4
2845,2017,1050000,90000,Diesel,15.4
2846,2016,631000,92385,Diesel,15.96
2847,2015,165000,25000,Petrol,25.4
2848,2010,320000,60000,Petrol,21.1
2849,2012,360000,100000,Petrol,18.5
2850,2004,130000,100000,Petrol,19.3
2851,2006,175000,25000,Petrol,13.0
2852,2016,725000,120000,Diesel,22.54
2853,2014,280000,185000,Diesel,19.5
2854,2011,325000,134000,Diesel,22.07
2855,2014,320000,120000,Diesel,20.0
2856,2018,500000,120000,Petrol,18.9
2857,2014,825000,165000,Diesel,15.1
2858,2016,350000,120000,Diesel,23.2
2859,2011,470000,89000,Diesel,23.0
2860,2009,125000,120000,Diesel,19.2
2861,2006,140000,120000,Petrol,13.1
2862,2013,484999,50000,Diesel,25.8
2863,2018,308000,15000,Petrol,24.7
2864,2019,570000,13000,Petrol,18.9
2867,2005,400000,30000,Diesel,19.3
2868,2018,680000,28000,Petrol,21.21
2869,2017,700000,70000,Diesel,28.4
2870,2011,240000,116000,Diesel,14.0
2871,2014,280000,90000,Petrol,21.1
2872,2010,125000,120000,Diesel,17.0
2873,2009,130000,100000,Diesel,19.3
2874,2015,434999,50000,Petrol,20.4
2875,2015,1050000,120000,Diesel,12.99
2876,2013,1200000,72500,Diesel,23.3
2877,2013,400000,120000,Diesel,20.54
2878,2014,850000,120000,Diesel,15.1
2879,2014,475000,83000,Diesel,22.54
2880,2003,150000,40000,Petrol,14.2
2882,2015,1100000,137000,Diesel,12.99
2883,2017,285000,25000,Petrol,24.7
2884,2018,650000,50000,Diesel,24.0
2885,2012,275000,60000,Petrol,19.0
2887,2011,229999,105000,Diesel,19.2
2888,2015,300000,20000,Petrol,23.95
2889,2016,940000,50000,Diesel,24.52
2890,2015,600000,120000,Diesel,26.21
2891,2017,800000,70000,Diesel,27.39
2892,2017,580000,90000,Diesel,22.71
2893,2018,450000,75000,Petrol,20.3
2894,2011,290000,82500,Diesel,16.52
2895,2014,530000,110000,Diesel,25.8
2896,2019,960000,20000,Diesel,24.0
2897,2009,290000,110000,Petrol,17.0
2898,2008,160000,100000,Diesel,14.8
2899,2017,400000,52000,Petrol,21.63
2900,2017,700000,90000,Diesel,24.3
2901,2012,361000,90000,Diesel,20.54
2902,2013,390000,53000,Diesel,21.9
2903,2012,200000,180000,Diesel,18.4
2904,2013,390000,53000,Diesel,21.9
2905,2013,500000,53000,Diesel,22.9
2906,2011,200000,50600,Petrol,19.7
2907,2015,503000,110000,Diesel,14.1
2908,2017,775000,32000,Diesel,24.3
2909,2018,750000,5000,Diesel,24.3
2910,2018,570000,25000,Petrol,18.6
2911,2016,484999,30000,Petrol,18.7
2912,2017,700000,43000,Petrol,15.4
2913,2012,415000,60000,Petrol,17.7
2914,2014,484999,54000,Diesel,23.0
2915,2016,675000,52000,Diesel,23.65
2916,2015,680000,50000,Petrol,15.85
2917,2013,235000,52000,Petrol,24.7
2919,2015,1200000,50000,Diesel,16.0
2920,2014,630000,56000,Diesel,25.1
2921,2018,640000,82000,Diesel,25.83
2922,2014,355000,121000,Petrol,19.1
2923,2012,560000,101903,Diesel,12.05
2924,2018,580000,120000,Diesel,23.4
2925,2010,185000,85568,Diesel,18.5
2926,2019,660000,10000,Petrol,21.4
2927,2014,220000,10000,Petrol,20.3
2928,2007,150000,60000,Petrol,17.92
2929,2011,484999,80000,Diesel,13.5
2930,2019,509999,10000,Petrol,21.21
2931,2014,515000,60000,Diesel,15.96
2932,2014,1250000,42000,Petrol,11.9
2933,2014,350000,50000,Diesel,18.2
2934,2018,375000,11500,Petrol,23.95
2935,2019,950000,15000,Diesel,22.1
2936,2015,615000,32000,Diesel,26.59
2937,2011,275000,50000,Petrol,18.6
2939,2017,400000,10000,Petrol,15.37
2940,2019,930000,15000,Diesel,25.1
2941,2012,310000,100000,Petrol,19.1
2942,2012,320000,120000,Diesel,19.3
2944,2013,356000,70000,Diesel,23.4
2945,2013,500000,32000,Petrol,16.8
2946,2018,409999,35000,Petrol,23.84
2947,2019,980000,50000,Diesel,24.3
2948,2005,150000,100000,Diesel,13.6
2949,2019,750000,3100,Petrol,18.2
2950,2013,500000,60000,Petrol,13.7
2951,2013,355000,170000,Diesel,22.9
2952,2011,200000,50000,Diesel,17.0
2953,2008,370000,120000,Diesel,12.8
2954,2015,450000,20000,Petrol,19.1
2955,2015,486000,10000,Petrol,18.9
2956,2011,242000,120000,Diesel,21.5
2957,2018,580000,25000,Petrol,18.9
2958,2014,500000,130000,Diesel,22.77
2959,2004,170000,120000,Petrol,19.3
2960,2013,300000,40000,Diesel,17.21
2961,2016,710000,60000,Diesel,18.06
2962,2012,220000,70000,Diesel,20.86
2963,2020,654000,1000,Petrol,21.21
2964,2019,835000,10000,Petrol,14.84
2965,2010,250000,47000,Petrol,15.3
2966,2019,600000,18000,Petrol,21.21
2967,2016,459999,60000,Petrol,20.85
2968,2018,275000,20000,Petrol,23.01
2969,2017,408000,60000,Petrol,18.16
2970,2018,1200000,25000,Diesel,15.1
2971,2014,375000,52000,Petrol,19.1
2972,2006,94500,44000,Petrol,19.7
2973,2011,300000,17000,Petrol,16.47
2974,2009,350000,35000,Petrol,17.0
2975,2011,975000,120000,Diesel,11.5
2976,2015,600000,100000,Petrol,18.6
2978,2017,640000,90000,Diesel,16.5
2979,2017,1110000,186000,Diesel,19.67
2980,2014,570000,79000,Diesel,20.77
2981,2010,451999,120000,Diesel,12.8
2982,2016,240000,59300,Petrol,25.17
2983,2014,680000,120000,Diesel,15.4
2984,2015,350000,60000,Diesel,22.95
2985,2012,360000,60000,Petrol,15.04
2986,2010,250000,80000,Petrol,15.6
2987,2019,550000,11500,Petrol,21.21
2988,2012,180000,56000,Petrol,21.1
2989,2016,425000,68000,Diesel,27.3
2990,2019,409999,25000,Petrol,23.84
2991,2018,438999,25000,Petrol,23.84
2992,2014,225000,100000,Petrol,19.49
2993,2017,580000,95000,Diesel,15.96
2994,2008,200000,100000,Petrol,17.5
2995,2006,75000,90000,Petrol,19.3
2996,2013,250000,47000,Diesel,20.3
2997,2011,170000,175000,Diesel,21.1
2998,2010,300000,60000,Petrol,17.5
3000,2014,409999,150000,Diesel,23.4
3001,2012,350000,110000,Diesel,23.0
3002,2019,310000,25000,Petrol,25.17
3003,2010,135000,95000,Petrol,19.7
3004,2010,220000,100000,Diesel,21.1
3005,2017,570000,20000,Petrol,18.9
3006,2014,500000,84000,Diesel,23.4
3007,2016,875000,40000,Diesel,22.54
3008,2011,210000,100000,Diesel,19.1
3009,2011,210000,120000,Diesel,19.4
3010,2010,200000,80000,LPG,13.45
3011,2011,175000,175000,Petrol,19.7
3012,2017,700000,30000,Petrol,18.6
3013,2017,700000,30000,Petrol,18.6
3014,2019,550000,28000,Petrol,18.9
3015,2019,420000,20000,Petrol,20.3
3016,2009,210000,89322,Petrol,17.0
3017,2013,175000,76000,Diesel,25.44
3018,2012,180000,70000,Petrol,19.7
3019,2007,118000,110000,Petrol,19.7
3020,2007,170000,120000,Diesel,16.8
3021,2009,120000,110000,Petrol,18.2
3022,2009,170000,90000,Petrol,19.7
3023,2018,700000,60000,Diesel,28.4
3024,2014,500000,48300,Diesel,15.96
3025,2007,80000,63000,Petrol,18.9
3026,2008,105000,110000,Petrol,17.7
3027,2016,425000,120000,Diesel,26.59
3028,2017,625000,23511,Petrol,18.6
3029,2017,640000,22512,Petrol,18.6
3030,2010,180000,120000,Petrol,20.36
3031,2009,155000,120000,Diesel,21.1
3032,2007,85000,100000,Petrol,18.9
3033,2011,250000,70000,Petrol,20.36
3034,2017,1000000,15000,Petrol,17.01
3035,2016,350000,16500,Petrol,20.63
3036,2018,740000,50000,Diesel,28.4
3037,2018,300000,19000,Petrol,22.5
3038,2017,550000,50000,Diesel,21.66
3039,2017,710000,70000,Diesel,15.96
3040,2017,700000,70000,Diesel,15.96
3041,2016,550000,120000,Diesel,15.96
3042,2015,375000,60000,LPG,19.2
3043,2015,600000,60000,Diesel,13.93
3044,2013,380000,76000,Diesel,22.9
3045,2012,300000,70000,Diesel,23.2
3048,2015,475000,128000,Diesel,15.96
3049,2019,650000,5000,Petrol,20.0
3050,2011,200000,70000,LPG,26.2
3051,2013,350000,85000,Diesel,22.9
3052,2018,911999,25000,Diesel,24.3
3053,2018,650000,15000,Petrol,21.21
3054,2012,350000,30000,Petrol,17.5
3055,2016,190000,80000,Petrol,16.8
3056,2019,1200000,40000,Diesel,22.0
3057,2013,305000,160000,Diesel,15.96
3058,2015,850000,108000,Diesel,19.67
3059,2011,350000,120000,Diesel,15.0
3060,2010,180000,55000,Petrol,17.92
3061,2008,200000,110000,Diesel,13.93
3062,2011,375000,80000,Diesel,19.3
3063,2012,229999,110000,Petrol,19.4
3064,2006,135000,62900,Petrol,18.9
3065,2011,425000,120000,Diesel,19.33
3067,2009,480000,70000,Diesel,10.9
3068,2017,455000,60000,Diesel,28.4
3069,2015,320000,60000,Petrol,20.51
3070,2019,693000,4000,Petrol,18.6
3071,2017,830000,35000,Diesel,24.3
3072,2016,470000,13500,Petrol,18.9
3073,2017,1100000,26000,Petrol,18.0
3074,2016,325000,50000,Diesel,23.0
3075,2014,215000,50000,Petrol,21.1
3076,2018,560000,25000,Petrol,22.0
3077,2017,400000,30000,Petrol,23.1
3081,2015,503000,110000,Diesel,14.1
3084,2013,225000,58343,Petrol,21.79
3085,2018,740000,38817,Diesel,27.39
3086,2016,550000,56494,Petrol,18.2
3087,2013,750000,79328,Diesel,12.99
3088,2019,650000,5621,Petrol,22.0
3089,2017,625000,25538,Petrol,16.78
3090,2018,600000,69779,Petrol,22.0
3091,2017,450000,56290,Diesel,24.0
3094,2019,779000,7032,Petrol,19.0
3095,2016,645000,11000,Petrol,14.3
3098,2017,725000,45000,Diesel,23.0
3099,2013,225000,58343,Petrol,21.79
3100,2018,740000,38817,Diesel,27.39
3101,2019,650000,5621,Petrol,22.0
3102,2017,625000,25538,Petrol,16.78
3103,2018,600000,69779,Petrol,22.0
3104,2017,450000,56290,Diesel,24.0
3105,2014,325000,52442,Petrol,18.5
3106,2013,229999,39000,Petrol,20.36
3107,2007,400000,42000,Petrol,11.74
3108,2015,449000,34156,Petrol,16.47
3109,2017,455000,34152,Petrol,18.9
3112,2019,1150000,31000,Petrol,15.8
3113,2018,650000,62841,Petrol,18.6
3114,2016,950000,38600,Diesel,19.67
3115,2018,698000,27654,Diesel,28.4
3116,2017,975000,48698,Diesel,19.67
3117,2018,445000,32995,Petrol,20.52
3118,2018,539000,60000,Diesel,22.95
3119,2010,350000,110000,Diesel,17.8
3121,2015,550000,130000,Diesel,20.45
3122,2011,330000,120000,Diesel,22.07
3123,2014,220000,80000,Petrol,21.1
3124,2013,415000,60000,Petrol,18.5
3125,2007,150000,75000,Petrol,19.7
3126,2005,150000,89000,Petrol,15.3
3127,2007,240000,110000,Diesel,18.1
3128,2009,170000,90000,Petrol,19.7
3129,2015,550000,40000,Diesel,28.09
3130,2017,500000,26000,Petrol,19.34
3131,2011,180000,120000,Diesel,13.0
3132,2017,360000,29000,Petrol,18.15
3133,2014,400000,120000,Petrol,19.1
3134,2009,120000,70000,Petrol,13.2
3135,2016,765000,100000,Diesel,24.3
3136,2016,919999,90150,Diesel,24.3
3137,2018,730000,90000,Diesel,23.59
3138,2016,320000,120000,Diesel,22.95
3139,2015,455000,90000,Diesel,25.8
3140,2015,350000,50000,Petrol,20.63
3141,2016,509999,110000,Diesel,18.49
3142,2011,175000,85700,Diesel,17.0
3143,2013,325000,178000,Diesel,15.96
3144,2011,120000,70000,Petrol,15.2
3145,2014,300000,30000,Petrol,20.36
3146,2015,500000,100000,Diesel,26.0
3147,2016,562000,25339,Petrol,21.4
3148,2014,250000,10000,Petrol,21.1
3149,2017,484999,35000,Diesel,20.65
3150,2013,280000,35000,Petrol,20.36
3151,2015,571000,68000,Diesel,20.77
3152,2013,400000,40000,Petrol,18.6
3153,2015,295000,120000,Diesel,19.09
3154,2006,210000,120000,Diesel,19.3
3155,2011,250000,25000,Petrol,15.6
3156,2015,610000,40000,Diesel,15.96
3157,2012,175000,60000,Diesel,22.3
3158,2011,204999,70000,Diesel,20.0
3159,2013,750000,80000,Diesel,15.1
3160,2016,651000,42323,Diesel,21.19
3161,2011,1075000,42545,Diesel,19.62
3162,2016,690000,32000,Diesel,25.1
3163,2017,589000,41232,Diesel,26.59
3164,2015,445000,40200,Diesel,21.0
3165,2013,475000,48000,Diesel,21.7
3166,2014,465000,27233,Diesel,27.4
3167,2011,225000,35000,Petrol,15.0
3169,2016,445000,63000,Diesel,15.3
3170,2015,445000,62000,Diesel,21.0
3171,2012,450000,68240,Diesel,13.93
3172,2008,450000,78000,Diesel,15.4
3173,2017,525000,38000,Diesel,19.3
3174,2010,200000,35000,Petrol,18.9
3175,2018,611000,9000,Petrol,19.1
3176,2016,819999,39000,Diesel,19.67
3177,2016,825000,39000,Diesel,21.38
3178,2015,599000,92651,Diesel,21.7
3179,2018,490000,28000,Petrol,16.1
3180,2020,500000,40000,Petrol,17.57
3181,2020,500000,40000,Petrol,17.57
3182,2017,1100000,88754,Diesel,16.0
3183,2019,675000,7000,Petrol,19.4
3185,2018,570000,20000,Petrol,18.9
3186,2017,455000,50000,Diesel,24.0
3187,2013,165000,45000,Petrol,21.1
3188,2016,925000,22000,Petrol,17.8
3189,2014,215000,100000,Diesel,25.0
3190,2016,470000,23700,Petrol,20.4
3191,2016,470000,23700,Petrol,20.4
3192,2017,650000,60000,Diesel,28.09
3193,2017,900000,50000,Diesel,20.37
3194,2011,325000,53287,Petrol,19.3
3195,2009,190000,100000,Diesel,17.8
3196,2017,715000,60000,Diesel,21.19
3197,2013,227999,60000,Diesel,25.0
3198,2017,450000,50000,Diesel,22.95
3199,2015,200000,40000,Diesel,25.44
3200,2017,400000,110000,CNG,26.6
3201,2016,725000,110000,Diesel,24.52
3202,2014,300000,80000,Diesel,20.0
3203,2016,1151000,69500,Diesel,12.99
3204,2014,225000,33000,Petrol,20.63
3205,2016,380000,80000,Petrol,19.81
3206,2019,630000,5000,Petrol,18.6
3207,2014,351000,25000,Petrol,20.36
3208,2012,199000,50000,Diesel,20.86
3209,2017,850000,50000,Diesel,17.6
3210,2010,105000,120000,Diesel,18.0
3211,2010,300000,120000,Diesel,18.8
3212,2016,950000,80000,Diesel,12.99
3213,2015,430000,110000,Diesel,18.49
3215,2018,540000,30000,Diesel,24.0
3216,2012,175000,60000,LPG,17.8
3217,2018,1150000,44000,Diesel,17.01
3218,2020,350000,5000,Petrol,22.05
3219,2019,690000,18000,Petrol,18.6
3220,2015,535000,80000,Diesel,22.54
3221,2016,730000,100000,Diesel,24.3
3222,2016,280000,19000,Petrol,21.1
3223,2019,650000,33000,Petrol,21.21
3224,2012,520000,162000,Diesel,12.8
3225,2020,360000,65000,Petrol,20.14
3226,2011,250000,170000,Diesel,19.3
3227,2017,575000,40000,Diesel,21.66
3228,2012,170000,120000,Diesel,19.09
3229,2017,711000,53000,Diesel,24.3
3230,2013,250000,90000,Petrol,18.9
3231,2017,675000,35000,Diesel,26.59
3232,2016,325000,50000,Petrol,20.51
3233,2016,250000,20000,Petrol,22.74
3234,2019,740000,38000,Diesel,28.4
3235,2019,690000,1303,Petrol,17.8
3244,2017,800000,28050,Diesel,28.09
3246,2017,1295000,58000,Diesel,17.6
3247,2014,425000,69000,Diesel,19.87
3249,2015,910000,40000,Diesel,17.6
3250,2013,625000,39000,Petrol,14.28
3252,2015,535000,40000,Diesel,26.21
3253,2011,325000,142000,Diesel,15.96
3254,2016,500000,22947,Petrol,20.4
3255,2013,300000,30000,Petrol,20.36
3256,2016,270000,7672,Petrol,21.1
3257,2010,160000,36659,Petrol,19.7
3258,2016,210000,60000,Petrol,16.8
3259,2014,850000,120000,Diesel,15.1
3260,2014,880000,120000,Diesel,15.1
3261,2010,150000,39000,Petrol,16.9
3262,2015,775000,45000,Diesel,18.49
3263,2009,160000,70000,Petrol,19.7
3264,2012,220000,100000,Diesel,20.0
3265,2017,670000,48000,Diesel,22.54
3266,2018,780000,35000,Diesel,22.54
3267,2017,515000,23000,Petrol,21.4
3268,2017,800000,14000,Diesel,22.54
3269,2017,800000,14000,Diesel,22.54
3270,2014,850000,60000,Diesel,15.1
3271,2013,200000,60000,Petrol,21.1
3272,2008,140000,150000,Diesel,19.4
3273,2016,800000,80000,Petrol,17.01
3274,2013,250000,35000,Petrol,20.92
3275,2017,800000,44500,Diesel,25.1
3276,2015,600000,60000,Diesel,26.21
3277,2012,250000,120000,Diesel,21.8
3278,2016,500000,80000,Diesel,25.8
3279,2019,750000,9900,Petrol,11.96
3280,2014,650000,68000,Diesel,22.9
3281,2012,350000,40000,Petrol,19.3
3282,2016,950000,60000,Diesel,21.9
3283,2015,580000,110000,Diesel,13.58
3284,2019,640000,10000,Petrol,18.9
3285,2014,800000,80000,Diesel,11.79
3286,2011,347000,30000,Petrol,19.0
3287,2014,1000000,120000,Diesel,15.1
3288,2016,300000,35000,Petrol,21.1
3289,2017,493000,40000,Petrol,20.3
3290,2014,370000,60000,Petrol,18.9
3291,2008,250000,90000,Diesel,19.3
3292,2017,300000,20000,Petrol,22.5
3293,2017,450000,40000,Petrol,24.04
3294,2010,185000,124316,Diesel,20.0
3295,2019,1225000,6544,Diesel,20.0
3296,2015,1000000,50000,Diesel,12.99
3297,2016,600000,10000,Petrol,18.6
3298,2018,1100000,50000,Diesel,15.1
3299,2015,360000,30000,Petrol,18.9
3300,2012,285000,69000,Petrol,17.5
3301,2016,350000,49600,Diesel,25.32
3302,2008,130000,30000,Petrol,19.81
3304,2010,350000,80000,Petrol,17.0
3305,2019,685000,19000,Petrol,21.4
3306,2020,399000,5000,CNG,21.94
3307,2017,525000,10000,Petrol,18.9
3308,2017,765000,40000,Petrol,17.5
3309,2012,450000,97000,Diesel,22.9
3311,2014,390000,30000,Petrol,19.69
3312,2017,940000,120000,Diesel,24.52
3313,2013,650000,120000,Diesel,19.01
3314,2012,320000,103994,Diesel,20.0
3315,2003,145000,70000,Petrol,13.4
3316,2017,670000,70000,Diesel,25.83
3317,2011,350000,115000,Diesel,21.5
3318,2012,285000,178000,Diesel,22.3
3319,2011,300000,40000,Petrol,19.0
3320,2011,300000,80000,Diesel,20.0
3321,2009,810000,98000,Diesel,12.07
3322,2009,90000,118000,Diesel,16.8
3323,2004,100000,100000,Petrol,19.7
3324,2009,90000,120000,Diesel,17.88
3325,2013,459999,120000,Diesel,13.5
3327,2011,250000,65000,Petrol,18.9
3328,2012,300000,41000,Petrol,20.36
3329,2005,130000,120000,Petrol,16.1
3330,2011,199000,70000,Petrol,20.92
3331,2012,545000,90000,Diesel,20.46
3332,2014,570000,80000,Diesel,20.77
3333,2006,150000,120000,Petrol,16.9
3334,2009,114999,100000,Petrol,19.7
3335,2018,450000,35000,Petrol,20.3
3336,2019,600000,5000,Petrol,20.0
3337,2016,610000,110000,Diesel,24.3
3338,2017,690000,20000,Petrol,18.6
3339,2018,790000,15000,Petrol,17.0
3340,2014,254999,40000,Petrol,20.92
3341,2016,500000,41000,Petrol,18.7
3342,2011,340000,100000,Diesel,13.6
3343,2007,245000,110000,Diesel,13.6
3344,2012,340000,120000,Diesel,17.8
3345,2008,221000,35008,Petrol,21.79
3346,2017,270000,31100,Petrol,22.7
3347,2014,455000,42312,Diesel,24.4
3348,2011,300000,72000,Petrol,17.6
3349,2014,480000,54891,Diesel,23.59
3350,2018,1000000,30000,Diesel,22.0
3353,2013,1000000,75010,Diesel,13.73
3354,2012,245000,100000,Diesel,23.08
3355,2019,625000,4337,Petrol,18.9
3356,2018,560000,14495,Petrol,18.78
3358,2010,425000,83585,Diesel,21.43
3359,2014,550000,31000,Petrol,17.21
3361,2017,750000,48406,Diesel,19.87
3362,2016,570000,56239,Diesel,22.54
3363,2015,585000,33243,Petrol,21.4
3364,2016,600000,26000,Petrol,19.0
3365,2012,415000,90000,Diesel,19.3
3366,2016,530000,120000,Petrol,17.19
3367,2016,540000,38000,Petrol,18.6
3368,2013,180000,60000,Petrol,21.1
3369,2014,450000,30000,Petrol,19.1
3370,2015,200000,50000,Petrol,18.6
3371,2017,425000,42000,Petrol,23.84
3372,2016,400000,30000,Petrol,18.2
3373,2005,150000,15858,Petrol,13.8
3374,2017,310000,15000,Petrol,24.7
3375,2014,500000,50000,Diesel,13.58
3376,2013,200000,60000,Diesel,25.44
3377,2018,900000,35000,Diesel,21.04
3379,2015,400000,50000,Petrol,20.4
3380,2015,650000,110000,Diesel,24.5
3381,2015,480000,87847,Diesel,28.4
3382,2009,140000,35000,Petrol,19.7
3383,2018,550000,5000,Petrol,22.0
3384,2017,380000,29000,Petrol,20.51
3385,2016,440000,20000,Diesel,19.09
3386,2018,630000,15000,Petrol,21.21
3387,2017,250000,40000,Petrol,25.17
3388,2009,120000,17000,Petrol,19.7
3389,2012,287000,120000,Diesel,21.12
3390,2016,550000,45000,Petrol,21.4
3391,2016,950000,60000,Diesel,15.4
3393,2015,501000,80000,Diesel,25.01
3394,2014,550000,70000,Diesel,15.96
3395,2016,300000,25000,Petrol,22.74
3396,2015,300000,50000,Petrol,20.51
3397,2012,280000,100000,Diesel,19.3
3398,2015,416000,40000,Petrol,17.01
3399,2018,260000,30000,Petrol,16.8
3400,2016,550000,15000,Petrol,18.2
3401,2012,700000,100000,Diesel,15.1
3402,2011,181000,70000,Petrol,15.64
3403,2009,365000,110000,Diesel,11.79
3404,2006,150000,9558,Petrol,19.3
3405,2017,400000,10000,Petrol,23.95
3406,2010,210000,110000,Petrol,20.36
3407,2013,500000,87000,Diesel,22.32
3411,2015,503000,110000,Diesel,14.1
3414,2013,225000,58343,Petrol,21.79
3415,2018,740000,38817,Diesel,27.39
3416,2016,550000,56494,Petrol,18.2
3417,2013,750000,79328,Diesel,12.99
3418,2019,650000,5621,Petrol,22.0
3419,2017,625000,25538,Petrol,16.78
3420,2018,600000,69779,Petrol,22.0
3421,2017,450000,56290,Diesel,24.0
3424,2019,779000,7032,Petrol,19.0
3425,2016,645000,11000,Petrol,14.3
3427,2017,735000,70000,Diesel,27.39
3428,2017,550000,120000,Petrol,17.57
3429,2013,509999,148000,Diesel,20.77
3430,2013,459999,60000,Diesel,21.27
3431,2015,310000,18000,Petrol,22.74
3432,2018,775000,80000,Diesel,22.95
3433,2004,105000,96000,Petrol,19.7
3434,2015,430000,97000,Diesel,25.8
3436,2012,400000,60000,Diesel,20.5
3437,2014,600000,90000,Diesel,23.4
3438,2019,580000,35000,Petrol,17.5
3439,2012,140000,120000,Diesel,21.03
3440,2008,210000,100000,Diesel,19.61
3441,2017,550000,20000,Petrol,18.9
3442,2013,120000,110000,Petrol,18.2
3443,2013,400000,35000,Diesel,12.99
3444,2018,1035000,15000,Diesel,25.5
3445,2015,625000,90000,Diesel,26.21
3446,2008,200000,40000,Petrol,20.36
3447,2013,316000,140000,Diesel,21.02
3448,2017,813000,110000,Diesel,24.3
3450,2013,900000,73000,Diesel,12.99
3451,2015,650000,100000,Diesel,20.77
3452,2015,459999,32000,Diesel,25.83
3453,2012,290000,112072,Diesel,21.64
3454,2014,400000,30000,Diesel,20.0
3455,2016,565000,70000,Diesel,25.2
3457,2009,150000,80000,Petrol,18.0
3458,2007,480000,110000,Diesel,16.07
3459,2007,70000,80000,Petrol,18.2
3460,2007,70000,80000,Petrol,18.2
3461,2011,1190000,80000,Petrol,10.93
3462,2006,140000,100000,Petrol,19.3
3463,2018,900000,19000,Diesel,23.0
3464,2015,600000,40000,Diesel,22.54
3465,2015,1100000,52269,Diesel,15.4
3466,2010,120000,170000,LPG,10.9
3467,2009,120000,140000,Petrol,19.3
3468,2010,120000,170000,Petrol,19.3
3469,2009,229999,60000,Petrol,18.5
3470,2017,570000,15780,Petrol,17.8
3471,2014,575000,106000,Diesel,22.32
3472,2012,280000,80000,Diesel,20.54
3473,2015,580000,74000,Diesel,21.19
3474,2018,875000,35000,Diesel,25.47
3475,2013,500000,70000,Diesel,22.32
3476,2015,700000,60000,Diesel,26.21
3477,2016,388000,50000,Petrol,18.16
3478,2011,225000,80000,Petrol,20.36
3479,2011,90000,90000,Petrol,15.64
3480,2014,600000,114000,Diesel,19.01
3481,2009,235000,100000,Petrol,18.5
3482,2011,350000,100000,Diesel,23.0
3483,2011,235000,80000,Petrol,20.36
3484,2010,190000,35000,Petrol,19.7
3485,2011,325000,79000,Diesel,21.12
3487,2011,300000,120000,Diesel,20.54
3488,2017,550000,10000,Petrol,20.3
3489,2013,720000,150000,Diesel,15.1
3490,2011,110000,110000,Petrol,18.06
3491,2018,310000,10000,Petrol,24.7
3492,2010,150000,70000,LPG,26.2
3493,2012,260000,46000,Diesel,19.4
3494,2002,55000,120000,Petrol,13.2
3495,2013,450000,108800,Diesel,22.9
3496,2009,199000,70000,Petrol,20.36
3497,2018,1000000,35000,Diesel,15.4
3498,2011,240000,72000,Diesel,20.0
3499,2018,350000,40000,Petrol,25.17
3500,2014,530000,120000,Diesel,15.96
3501,2011,150000,35000,Petrol,18.0
3502,2019,625000,12500,Petrol,18.6
3503,2014,378000,80000,Petrol,18.9
3505,2018,700000,100000,Diesel,28.4
3506,2011,156000,110000,Petrol,17.92
3507,2016,700000,103000,Diesel,16.5
3509,2006,120000,100000,Petrol,19.7
3510,2015,415000,45000,Petrol,15.5
3511,2015,450000,45000,Petrol,15.5
3512,2014,325000,40000,Petrol,19.4
3514,2017,265000,100000,Petrol,21.1
3515,2008,100000,120000,Petrol,19.7
3519,2015,503000,110000,Diesel,14.1
3522,2013,225000,58343,Petrol,21.79
3523,2018,740000,38817,Diesel,27.39
3524,2016,550000,56494,Petrol,18.2
3525,2013,750000,79328,Diesel,12.99
3526,2019,650000,5621,Petrol,22.0
3527,2017,625000,25538,Petrol,16.78
3528,2018,600000,69779,Petrol,22.0
3529,2017,450000,56290,Diesel,24.0
3532,2019,779000,7032,Petrol,19.0
3533,2016,645000,11000,Petrol,14.3
3535,2015,400000,100000,Diesel,23.0
3536,2013,345000,40000,Diesel,21.9
3537,2018,850000,15000,Diesel,16.55
3538,2018,620000,15000,Petrol,20.89
3539,2018,700000,10000,Petrol,21.4
3540,2012,200000,90000,Diesel,22.3
3541,2017,660000,80000,Diesel,16.5
3543,2009,90000,60000,Diesel,17.88
3544,2015,1050000,28000,Diesel,15.1
3545,2010,160000,90000,Petrol,15.6
3546,2006,150000,80000,Petrol,13.5
3547,2010,200000,35000,Petrol,19.0
3548,2011,365000,185000,Diesel,21.43
3549,2009,140000,110000,Petrol,15.7
3550,2016,360000,100000,Diesel,20.5
3551,2008,200000,110000,Petrol,17.7
3552,2010,250000,100000,Diesel,17.5
3553,2008,229999,110000,Diesel,17.5
3554,2011,320000,130000,Diesel,17.8
3555,2003,85000,68300,Petrol,19.3
3556,2018,1200000,27000,Petrol,15.8
3557,2018,740000,9000,Petrol,21.4
3558,2013,345000,40000,Diesel,21.9
3559,2019,570000,19000,Petrol,20.89
3560,2019,490000,10000,Petrol,20.52
3561,2013,250000,100000,Diesel,23.57
3562,2017,430000,20000,Petrol,20.51
3563,2014,225000,35000,Petrol,21.1
3564,2018,850000,15000,Diesel,16.55
3565,2018,620000,15000,Petrol,20.89
3566,2014,440000,70000,Diesel,22.54
3567,2016,800000,70000,Diesel,24.3
3568,2018,700000,10000,Petrol,21.4
3569,2016,600000,47000,Diesel,25.2
3570,2012,200000,90000,Diesel,22.3
3571,2017,660000,80000,Diesel,16.5
3573,2015,450000,53000,Diesel,24.0
3574,2013,420000,105000,Diesel,23.4
3575,2011,500000,121941,Diesel,12.8
3576,2016,350000,15000,Petrol,23.84
3577,2014,280000,100000,Diesel,14.0
3578,2013,425000,152186,Diesel,20.45
3579,2013,295000,82246,Petrol,20.36
3580,2016,540000,20000,Petrol,20.4
3581,2017,754000,40000,Diesel,28.4
3582,2011,650000,89580,Diesel,12.8
3585,2019,675000,2789,Petrol,18.16
3586,2018,700000,35278,Diesel,23.8
3587,2018,795000,2860,Diesel,23.8
3589,2018,450000,20000,Petrol,18.15
3590,2008,155000,60000,Petrol,15.0
3591,2011,350000,100000,Diesel,23.59
3592,2011,250000,78562,Diesel,20.0
3593,2011,450000,96000,Diesel,22.32
3594,2011,450000,96000,Diesel,22.32
3595,2003,55599,36088,Petrol,16.1
3596,2014,420000,50000,Diesel,22.54
3597,2012,315000,100000,Diesel,19.3
3598,2018,750000,40000,Diesel,25.1
3599,2020,450000,10000,Petrol,19.02
3600,2008,175000,60000,Diesel,17.8
3601,2019,650000,10000,Petrol,17.19
3602,2018,1050000,10000,Diesel,25.47
3603,2011,375000,35000,Diesel,22.32
3604,2014,1100000,80000,Diesel,14.74
3606,2017,620000,35000,Diesel,24.29
3608,2003,135000,40000,Petrol,18.9
3609,2011,375000,35000,Diesel,22.32
3610,2019,320000,10000,Petrol,25.17
3612,2016,320000,50000,Petrol,23.95
3613,2012,400000,129000,Diesel,19.3
3614,2015,900000,100000,Diesel,16.0
3615,2018,310000,30000,Petrol,24.7
3616,2018,595000,28000,Petrol,17.0
3617,2017,800000,60000,Diesel,23.65
3618,2013,350000,70000,Petrol,13.87
3619,2013,275000,110000,Diesel,19.1
3620,2019,420000,10000,Petrol,15.37
3621,2008,250000,110000,Diesel,18.1
3622,2007,250000,100000,Diesel,17.8
3623,2008,290000,120000,Diesel,12.05
3624,2016,525000,60000,Petrol,16.9
3625,2008,250000,110000,Diesel,10.5
3626,2007,90000,64000,Petrol,19.3
3627,2017,430000,10000,Petrol,23.1
3628,2017,630000,35000,Petrol,21.4
3629,2018,550000,23000,Petrol,20.3
3630,2019,630000,15000,Diesel,28.4
3631,2018,850000,20000,Diesel,18.49
3632,2011,455000,90000,Diesel,13.6
3633,2011,445000,90000,Diesel,13.6
3634,2013,370000,80000,Diesel,21.9
3635,2016,500000,50000,Petrol,18.9
3636,2005,95000,50000,Diesel,19.3
3637,2012,140000,185000,Diesel,19.4
3638,2019,550000,40000,Petrol,21.21
3639,2017,300000,30000,Petrol,23.01
3640,2011,150000,120000,Diesel,23.03
3642,2017,880000,46000,Diesel,15.4
3643,2011,900000,120000,Diesel,11.5
3644,2015,720000,80000,Diesel,15.4
3645,2016,550000,90000,Diesel,22.54
3646,2015,720000,90000,Diesel,15.4
3647,2006,70000,80000,Petrol,19.3
3648,2016,535000,70000,Diesel,25.2
3649,2015,320000,91000,Diesel,24.4
3650,2015,500000,90000,Diesel,22.54
3651,2014,525000,110000,Diesel,20.77
3652,2019,220000,90000,Petrol,23.01
3653,2018,350000,50000,Petrol,23.84
3654,2016,530000,60000,Diesel,18.49
3655,2013,215000,35000,Petrol,22.74
3656,2012,335000,100000,Diesel,20.54
3657,2015,320000,90000,Diesel,24.4
3658,2011,135000,120000,Diesel,20.0
3659,2009,175000,95000,Petrol,19.0
3660,2017,800000,35000,Diesel,15.96
3661,2007,78000,38000,Petrol,15.3
3662,2014,565000,56000,Petrol,17.4
3663,2017,575000,50000,Diesel,22.54
3664,2014,170000,70000,Petrol,21.1
3665,2014,250999,30000,Petrol,22.74
3666,2015,950000,188000,Diesel,16.0
3667,2014,650000,60000,Petrol,17.8
3668,2013,550000,133000,Diesel,14.0
3669,2010,650000,160000,Diesel,12.8
3670,2013,800000,150000,Diesel,15.1
3671,2020,250999,30000,Petrol,22.05
3672,2013,170000,60000,Petrol,22.74
3673,2013,250000,30000,Diesel,19.09
3674,2014,312000,80000,Petrol,13.7
3675,2014,250000,20000,Petrol,22.74
3676,2013,200000,80000,Petrol,21.1
3677,2016,670000,73000,Diesel,15.4
3678,2017,270000,50000,Petrol,21.1
3680,2018,630000,46000,Diesel,28.4
3681,2003,55599,36088,Petrol,16.1
3682,2018,400000,50000,Diesel,23.5
3683,2014,420000,50000,Diesel,22.54
3684,2018,764000,25000,Petrol,20.73
3685,2019,710000,30000,Diesel,15.96
3687,2018,1050000,13000,Diesel,17.0
3688,2019,1000000,15000,Petrol,19.01
3689,2017,650000,44000,Diesel,23.65
3690,2015,600000,63000,Diesel,22.77
3691,2016,509999,110000,Diesel,18.49
3692,2017,610000,14000,Petrol,19.1
3693,2017,310000,35000,Petrol,24.7
3694,2016,720000,35000,Diesel,15.96
3695,2012,158000,110000,Diesel,19.09
3696,2011,175000,85700,Diesel,17.0
3697,2010,217000,120000,Diesel,21.1
3698,2013,484999,50000,Diesel,25.8
3699,2012,315000,100000,Diesel,19.3
3700,2016,550000,35000,Diesel,24.4
3701,2012,280000,70000,Petrol,18.6
3702,2013,350000,90000,Petrol,14.09
3703,2017,1150000,42000,Diesel,16.0
3704,2016,420000,30000,Petrol,18.9
3705,2017,810000,80000,Petrol,20.73
3706,2011,290000,90000,Petrol,17.0
3707,2012,180000,60000,Petrol,18.6
3708,2010,160000,162000,Petrol,15.37
3709,2017,66000,70000,Petrol,23.9
3710,2015,369000,20000,Petrol,20.51
3711,2012,300000,80000,Diesel,13.93
3712,2008,350000,90000,Diesel,13.6
3713,2008,220000,120000,Petrol,19.2
3715,2009,221000,100000,Diesel,17.8
3716,2017,400000,35000,Petrol,17.57
3717,2004,250000,120000,Petrol,13.4
3718,2011,390000,120000,Diesel,13.6
3719,2012,190000,110000,Petrol,15.37
3720,2017,300000,60000,Petrol,25.17
3721,2017,750000,27000,Diesel,22.54
3722,2016,650000,50000,Diesel,26.59
3723,2018,635000,40000,Petrol,17.8
3724,2013,520000,88000,Diesel,22.32
3726,2012,415000,80000,Diesel,22.32
3727,2019,700000,60000,Diesel,22.54
3728,2017,484999,26000,Petrol,21.21
3729,2007,120000,80000,Petrol,16.6
3730,2014,220000,60000,Petrol,21.1
3731,2014,320000,80000,Petrol,20.36
3732,2011,375000,90000,Diesel,22.9
3733,2012,440000,80000,Diesel,22.32
3734,2019,550000,15000,Petrol,18.9
3735,2017,640000,35000,Diesel,25.2
3736,2014,420000,120000,Diesel,23.59
3737,2016,330000,63000,Diesel,24.0
3738,2019,800000,25000,Diesel,21.66
3739,2011,240000,64500,Petrol,18.9
3740,2016,360000,100000,Diesel,25.32
3741,2017,750000,40000,Diesel,23.9
3742,2017,570000,15000,Petrol,18.6
3743,2015,450000,25000,Diesel,23.59
3744,2016,270000,82000,Petrol,18.5
3745,2012,459999,87000,Diesel,20.77
3746,2015,240000,80000,Petrol,23.95
3747,2012,320000,110000,Diesel,19.01
3748,2011,149000,148000,Diesel,21.12
3750,2011,180000,70000,Petrol,16.36
3751,2012,185000,70000,LPG,13.45
3752,2008,65000,40000,Petrol,16.1
3753,2010,130000,120000,Diesel,17.0
3754,2012,330000,60000,Diesel,17.8
3755,2011,190000,90000,Diesel,18.8
3756,2014,501000,68000,Diesel,22.9
3757,2017,600000,24500,Diesel,25.8
3758,2012,570000,77000,Diesel,15.1
3759,2015,450000,85000,Diesel,25.8
3760,2011,285000,45500,Petrol,16.78
3761,2014,490000,67000,Diesel,28.4
3762,2014,500000,77000,Diesel,28.4
3763,2016,275000,47000,Petrol,21.1
3764,2017,440000,57000,Petrol,23.84
3765,2018,825000,71500,Diesel,22.54
3766,2012,411000,110000,Diesel,23.59
3767,2013,470000,82000,Diesel,26.59
3768,2013,445000,70000,Diesel,28.4
3769,2017,752000,28000,Diesel,27.39
3770,2016,650000,125000,Diesel,21.14
3771,2013,450000,67000,Diesel,28.4
3772,2011,350000,93500,Petrol,17.0
3773,2012,511000,8500,Petrol,22.0
3774,2016,700000,80000,Diesel,27.39
3776,2018,550000,14200,Petrol,18.16
3777,2007,142000,97000,Petrol,16.6
3778,2012,725000,90000,Diesel,13.93
3779,2017,630000,30000,Petrol,18.6
3780,2015,480000,50000,Petrol,18.6
3781,2016,330000,30000,Petrol,23.95
3782,2017,500000,20000,Petrol,11.96
3783,2012,300000,60300,Diesel,22.07
3784,2015,400000,35000,Diesel,23.0
3785,2011,320000,80000,Diesel,13.93
3786,2008,180000,44391,Petrol,19.81
3787,2016,530000,58000,Diesel,27.39
3788,2015,600000,40000,Diesel,15.96
3789,2017,780000,66000,Diesel,24.52
3790,2016,700000,110000,Diesel,26.0
3791,2013,175000,56315,Diesel,25.44
3792,2017,735000,70000,Diesel,16.5
3793,2013,325000,120000,Diesel,23.59
3794,2006,225000,100000,Diesel,14.8
3795,2015,350000,90000,Diesel,23.0
3796,2006,110000,120000,LPG,17.3
3797,2007,85000,160000,Petrol,18.2
3798,2006,150000,100000,Petrol,13.4
3799,2009,225000,120000,Diesel,19.3
3800,2010,111000,100000,Diesel,18.0
3801,2007,150000,70000,Petrol,18.9
3802,2017,300000,15151,Petrol,21.1
3803,2015,630000,60000,Diesel,15.4
3804,2011,206000,100000,Petrol,19.81
3805,2006,70000,110000,Petrol,18.9
3806,2019,567000,7000,Petrol,18.9
3807,2005,65000,35000,Petrol,18.9
3808,2016,550000,60000,Diesel,26.59
3809,2010,140000,70000,Petrol,20.36
3810,2016,300000,30000,Petrol,25.17
3811,2013,500000,70000,Petrol,15.85
3812,2015,400000,128000,Petrol,18.9
3813,2011,340000,160000,Diesel,19.3
3814,2012,850000,120000,Diesel,12.8
3815,2014,570000,15000,Diesel,25.2
3816,2017,699000,60000,Diesel,28.4
3817,2013,355000,80000,Petrol,19.4
3818,2016,690000,80000,Diesel,26.59
3819,2006,180000,114321,Diesel,17.8
3820,2013,200000,120000,Diesel,19.4
3821,2012,575000,120000,Diesel,12.05
3822,2014,415000,146000,Diesel,23.59
3823,2012,350000,30000,LPG,19.2
3824,2017,350000,20000,Petrol,21.1
3825,2017,632000,150000,Diesel,23.59
3826,2014,325000,70000,CNG,21.94
3827,2013,511000,90000,Petrol,16.3
3828,2010,300000,100000,Petrol,17.0
3829,2005,70000,188000,Petrol,18.9
3830,2008,180000,100000,Petrol,19.81
3834,2015,503000,110000,Diesel,14.1
3837,2013,225000,58343,Petrol,21.79
3838,2018,740000,38817,Diesel,27.39
3839,2016,550000,56494,Petrol,18.2
3840,2013,750000,79328,Diesel,12.99
3841,2019,650000,5621,Petrol,22.0
3842,2017,625000,25538,Petrol,16.78
3843,2018,600000,69779,Petrol,22.0
3844,2017,450000,56290,Diesel,24.0
3847,2019,779000,7032,Petrol,19.0
3848,2016,645000,11000,Petrol,14.3
3850,2017,730000,37333,Petrol,18.6
3851,2014,450000,15000,Diesel,20.77
3853,2017,420000,60000,CNG,26.6
3854,2016,509999,80000,Diesel,23.59
3855,2015,905000,110000,Diesel,12.99
3856,2010,240000,134000,Diesel,19.3
3857,2011,140000,72000,Petrol,19.7
3858,2006,300000,140000,Diesel,12.8
3859,2015,300000,80000,Petrol,18.5
3860,2010,225000,120000,Diesel,19.3
3861,2015,860000,90000,Diesel,12.99
3862,2012,400000,100000,Diesel,20.46
3863,2009,190000,90000,Petrol,17.5
3864,2013,350000,140000,Diesel,25.8
3865,2010,75000,120000,Petrol,18.0
3866,2019,860000,35000,Diesel,24.3
3867,2014,250000,50000,Petrol,23.95
3868,2017,700000,82000,Diesel,24.8
3869,2014,399000,70000,Diesel,25.2
3870,2016,320000,90000,Petrol,18.5
3872,2014,1100000,79000,Diesel,20.6
3875,2018,530000,20000,Diesel,15.96
3876,2017,750000,53000,Diesel,28.09
3877,2017,560000,21500,Petrol,19.34
3878,2017,450000,89000,Diesel,27.28
3879,2013,459999,35000,Petrol,19.1
3880,2013,235000,43000,Petrol,19.0
3881,2009,180000,80000,Petrol,17.92
3882,2007,140000,80000,Petrol,17.8
3883,2014,620000,110000,Diesel,22.54
3884,2012,190000,100000,Petrol,21.1
3885,2018,380000,25000,Petrol,21.1
3886,2019,1145000,20000,Diesel,23.0
3887,2017,540000,70000,Diesel,22.95
3889,2006,150000,100000,Petrol,14.0
3891,2015,919999,140000,Diesel,16.0
3892,2008,75000,86000,Petrol,19.3
3893,2009,135000,50000,Petrol,19.7
3894,2017,340000,40300,Petrol,23.84
3895,2010,525000,120000,Diesel,12.8
3896,2016,411000,25000,Petrol,23.1
3897,2010,150000,155000,Petrol,18.9
3898,2015,575000,50000,Petrol,19.0
3899,2017,595000,30030,Petrol,18.6
3900,2017,525000,29029,Petrol,19.1
3901,2012,335000,72072,Diesel,21.1
3902,2012,300000,54000,Diesel,20.0
3903,2012,415000,82082,Diesel,22.54
3904,2016,925000,48000,Diesel,16.0
3905,2016,750000,20000,Petrol,17.5
3906,2018,1150000,49000,Diesel,22.0
3907,2015,260000,35000,Petrol,19.44
3909,2011,347000,80600,Diesel,19.3
3910,2013,195000,58609,Petrol,21.1
3911,2016,265000,33003,Petrol,15.7
3912,2016,320000,43000,CNG,26.6
3913,2016,590000,16500,Petrol,18.6
3914,2012,650000,138000,Diesel,12.8
3915,2013,509999,165500,Diesel,14.0
3916,2011,350000,120000,Diesel,19.3
3917,2018,749000,30000,Diesel,21.5
3918,2010,150000,70000,Diesel,19.09
3920,2003,58000,170000,Petrol,17.3
3921,2011,200000,120000,Diesel,21.0
3923,2014,240000,168000,Diesel,22.3
3924,2017,515000,60000,Diesel,25.8
3925,2008,145000,120000,Petrol,19.7
3926,2016,450000,5800,Petrol,20.51
3927,2010,179000,68700,Petrol,19.0
3928,2007,220000,108000,Petrol,13.9
3929,2020,500000,40000,Petrol,17.57
3930,2009,190000,100000,Diesel,17.8
3931,2015,200000,40000,Diesel,25.44
3932,2018,850000,90000,Petrol,17.0
3933,2011,270000,60000,Petrol,16.47
3934,2016,335000,17000,Petrol,21.1
3935,2018,459999,5000,Petrol,20.51
3936,2017,710000,60000,Diesel,24.3
3937,2015,330000,140000,Diesel,26.59
3939,2018,750000,25000,Petrol,17.0
3940,2016,160000,50000,Petrol,16.2
3941,2016,215000,60000,Diesel,25.44
3942,2012,60000,40000,Petrol,25.4
3943,2014,480000,72000,Petrol,19.1
3944,2012,140000,195000,Diesel,21.12
3945,2012,200000,70000,Petrol,21.1
3946,2013,400000,83000,Diesel,23.08
3947,2012,180000,100000,Petrol,21.1
3948,2015,550000,25000,Petrol,20.4
3949,2016,550000,50000,Diesel,25.2
3950,2012,550000,67000,Diesel,20.77
3951,2011,270000,30000,Petrol,19.0
3952,2013,315000,85000,Diesel,23.08
3953,2018,875000,25000,Diesel,16.55
3954,2007,400000,170000,Diesel,12.8
3955,2014,540000,110000,Diesel,14.0
3956,2017,350000,60000,CNG,26.6
3957,2011,360000,80000,Diesel,22.32
3958,2014,300000,31000,Petrol,20.51
3959,2014,350000,100000,Diesel,24.0
3960,2016,650000,130000,Diesel,17.45
3961,2016,350000,20000,Petrol,20.51
3962,2017,700000,60000,Diesel,22.77
3963,2013,415000,102996,Diesel,23.4
3965,2017,830000,35000,Diesel,21.5
3966,2018,430000,5000,Petrol,20.63
3967,2017,850000,60000,Diesel,22.77
3968,2017,650000,70000,Petrol,20.85
3969,2008,120000,120000,Diesel,16.8
3970,2016,730000,65100,Diesel,18.49
3971,2019,525000,20000,Petrol,20.89
3972,2015,600000,108000,Diesel,21.19
3973,2019,500000,15000,Petrol,21.21
3974,2009,150000,77000,Petrol,17.92
3975,2015,409999,18500,Petrol,20.51
3976,2016,625000,120000,Diesel,18.49
3977,2015,290000,15200,Petrol,25.17
3978,2015,500000,35000,Petrol,17.3
3979,2011,475000,80000,Diesel,22.32
3980,2013,190000,70000,Petrol,21.1
3981,2014,750000,80000,Diesel,15.1
3982,2014,525000,120000,Diesel,19.01
3983,2012,495000,82000,Diesel,17.3
3984,2015,550000,60000,Diesel,22.54
3985,2012,595000,129000,Diesel,15.1
3986,2015,550000,67000,Diesel,21.2
3988,2010,400000,120000,Diesel,13.93
3989,2015,500000,96500,Diesel,20.5
3990,2017,340000,52412,Petrol,18.9
3991,2012,480000,85472,Diesel,12.05
3992,2013,480000,87452,Diesel,22.77
3993,2018,750000,17000,Diesel,23.0
3994,2008,100000,66530,Petrol,18.9
3995,2013,290000,40000,Petrol,18.5
3996,2015,425000,96500,Diesel,20.5
3997,2010,285000,79000,Petrol,16.8
3998,2016,625000,50000,Diesel,18.49
3999,2012,170000,60000,Diesel,20.3
4000,2018,459999,35000,Petrol,17.57
4001,2015,450000,120000,Diesel,20.5
4002,2019,650000,10000,Petrol,21.21
4003,2017,600000,15000,Petrol,17.19
4005,2016,300000,5000,Petrol,22.74
4006,2009,150000,40000,Petrol,19.7
4007,2019,590000,10000,Petrol,18.6
4008,2016,310000,25000,Petrol,21.1
4009,2017,400000,53000,Petrol,17.57
4010,2014,520000,110000,Diesel,12.05
4012,2019,1000000,22000,Petrol,17.0
4013,2003,65000,70000,Petrol,18.9
4014,2015,509999,75000,Diesel,25.8
4015,2012,221000,70000,Petrol,18.9
4016,2014,390000,64000,Petrol,15.04
4017,2002,350000,60000,Petrol,11.96
4018,2009,195000,40000,Petrol,19.7
4020,2013,600000,60000,Diesel,12.05
4021,2015,615000,72000,Diesel,22.54
4022,2013,350000,70000,Diesel,21.9
4023,2012,140000,75000,Diesel,25.44
4024,2017,650000,32331,Diesel,22.54
4025,2016,1100000,70000,Diesel,19.67
4026,2010,285000,80000,Diesel,23.0
4027,2011,190000,20000,Petrol,18.0
4028,2012,350000,110000,Petrol,16.95
4029,2014,400000,40000,Petrol,18.9
4031,2015,434999,90000,Petrol,18.6
4032,2014,450000,50000,Petrol,19.1
4034,2015,450000,60000,Petrol,18.6
4035,2017,580000,30000,Diesel,25.2
4036,2016,900000,98000,Diesel,19.67
4037,2016,750000,50000,Diesel,24.52
4038,2009,140000,120000,Diesel,19.09
4039,2017,525000,30000,Petrol,18.9
4040,2009,114999,120000,Diesel,19.09
4041,2016,399000,40000,Petrol,23.84
4042,2006,150000,100000,Petrol,19.3
4043,2012,275000,90000,Diesel,19.0
4044,2011,340000,80000,Diesel,21.9
4045,2012,222000,120000,LPG,21.1
4047,2007,70000,110000,Diesel,17.2
4048,2017,430000,38000,Petrol,23.84
4049,2017,430000,35000,Petrol,23.84
4050,2014,320000,70000,Petrol,20.51
4051,2005,95000,125000,Petrol,19.3
4052,2012,500000,120000,Diesel,21.8
4053,2012,500000,110000,Diesel,19.01
4054,2010,229999,140000,Diesel,18.4
4055,2009,600000,155000,Diesel,11.79
4056,2007,200000,120000,Petrol,19.3
4057,2017,500000,80000,Diesel,23.08
4058,2010,315000,120000,Diesel,13.6
4059,2011,265000,80000,Petrol,18.9
4060,2015,350000,110000,Diesel,25.83
4062,2011,114999,172000,Diesel,17.88
4063,2014,425000,25000,Petrol,18.6
4064,2019,900000,35000,Diesel,23.0
4065,2014,550000,126000,Diesel,12.05
4066,2018,900000,30000,Diesel,25.5
4067,2011,165000,97000,Petrol,19.81
4068,2016,850000,120000,Diesel,19.08
4069,2016,850000,120000,Diesel,23.9
4070,2014,550000,80000,Diesel,16.55
4071,2011,500000,60000,Diesel,19.3
4072,2018,630000,15000,Petrol,21.21
4073,2011,160000,60000,Petrol,19.81
4074,2015,670000,60000,Diesel,25.1
4075,2014,430000,90000,Diesel,22.9
4076,2015,375000,30000,Petrol,19.1
4077,2016,650000,35000,Petrol,18.6
4078,2016,500000,35000,Diesel,26.59
4079,2016,500000,35000,Diesel,26.59
4081,2018,600000,40000,Diesel,21.66
4082,2017,1200000,25000,Diesel,19.67
4084,2018,795000,41779,Petrol,21.21
4085,2016,625000,54000,Petrol,18.7
4087,2017,625000,37000,Diesel,26.8
4088,2011,440000,90000,Diesel,18.1
4092,2017,550000,23456,Petrol,18.9
4094,2015,1225000,39000,Diesel,16.0
4095,2017,700000,15000,Petrol,17.5
4096,2013,530000,40000,Diesel,23.4
4098,2017,844999,70000,Diesel,28.09
4099,2016,650000,99000,Diesel,21.66
4100,2018,750000,15000,Petrol,22.0
4102,2015,610000,30000,Petrol,18.7
4103,2010,150000,70000,Petrol,18.6
4104,2014,475000,40000,Petrol,19.1
4105,2008,375000,136500,Diesel,12.7
4106,2016,425000,70000,Diesel,25.32
4107,2015,800000,90000,Diesel,25.1
4109,2018,509999,8000,Petrol,20.51
4110,2015,387000,170000,Diesel,23.59
4111,2014,235000,25000,Petrol,22.74
4113,2010,340000,110000,Diesel,17.8
4114,2016,1000000,100000,Diesel,16.0
4115,2009,160000,115000,Diesel,13.8
4116,2008,365000,120000,Diesel,12.7
4118,2008,260000,90000,Diesel,17.8
4119,2018,860000,40000,Petrol,18.2
4120,2008,114999,55000,Petrol,13.9
4121,2007,100000,90000,Petrol,19.7
4122,2014,565000,111000,Diesel,20.34
4123,2013,450000,120000,Diesel,11.68
4124,2017,625000,15000,Petrol,21.4
4125,2016,280000,30000,Petrol,22.74
4126,2017,330000,50000,Petrol,23.95
4127,2015,1300000,40000,Diesel,19.67
4128,2008,65000,50000,Petrol,15.3
4129,2018,480000,45000,Petrol,23.84
4130,2016,400000,35000,Diesel,27.28
4131,2009,500000,80000,Diesel,13.93
4132,2012,320000,120000,Diesel,11.68
4133,2014,750000,90000,Diesel,15.1
4134,2017,620000,100000,Diesel,16.5
4135,2011,300000,120000,Diesel,19.3
4137,2017,282000,15000,Petrol,24.7
4138,2017,700000,15000,Petrol,21.21
4139,2017,700000,70000,Diesel,25.83
4140,2015,600000,135000,Diesel,22.77
4141,2012,290000,80000,Diesel,20.5
4142,2011,430000,80000,Diesel,18.1
4143,2017,575000,19000,Petrol,18.6
4144,2017,875000,42000,Petrol,15.29
4145,2010,180000,77000,Petrol,18.9
4146,2012,229999,120000,Diesel,23.2
4147,2019,800000,10000,Petrol,19.56
4148,2009,60000,110000,Petrol,16.5
4149,2009,150000,110000,Petrol,15.0
4150,2007,100000,90000,Diesel,23.57
4151,2015,900000,90000,Petrol,15.29
4152,2018,850000,50000,Diesel,22.54
4153,2014,220000,50000,Diesel,25.44
4154,2014,250000,40000,Petrol,22.74
4155,2012,125000,120000,Diesel,22.3
4156,2018,1200000,27000,Petrol,15.8
4157,2013,250000,100000,Diesel,23.57
4158,2014,440000,70000,Diesel,22.54
4159,2017,400000,40000,Petrol,23.84
4160,2002,50000,62000,Petrol,16.1
4161,2018,1000000,10000,Petrol,17.0
4162,2014,600000,160000,Diesel,25.1
4163,2010,250000,60000,Petrol,17.0
4164,2009,310000,110000,Diesel,13.6
4165,2005,120000,60000,Petrol,18.9
4166,2014,390000,78000,Diesel,11.68
4167,2019,458000,30000,Petrol,20.3
4168,2018,950000,20000,Diesel,23.0
4169,2017,650000,21000,Petrol,22.0
4170,2013,400000,70000,Diesel,22.9
4171,2015,400000,70000,Petrol,18.9
4172,2006,100000,42500,Petrol,19.7
4173,2012,350000,25000,Petrol,20.36
4174,2013,450000,80000,Diesel,13.7
4175,2006,350000,90000,Diesel,12.7
4176,2010,250000,80000,Diesel,22.07
4177,2013,450000,146000,Diesel,15.96
4178,2013,157000,47200,Petrol,16.1
4181,2007,75000,100000,Petrol,15.3
4182,2010,280000,100000,Diesel,14.8
4183,2015,600000,35000,Petrol,18.6
4184,2012,250999,120000,Diesel,15.3
4185,2010,350000,80000,Petrol,12.5
4186,2016,300000,34000,Petrol,23.01
4187,2017,819999,50000,Diesel,19.87
4188,2010,409999,100000,Diesel,19.61
4189,2008,275000,52000,Petrol,13.9
4190,2013,497000,110000,Diesel,20.77
4191,2015,500000,70000,Petrol,18.6
4192,2006,170000,120000,Diesel,14.0
4193,2016,515000,68609,Diesel,22.7
4194,2018,925000,33360,Diesel,22.77
4197,2017,830000,35000,Diesel,21.5
4198,2019,975000,30000,Diesel,23.0
4199,2018,620000,15000,Petrol,20.4
4200,2019,860000,14317,Petrol,14.23
4201,2018,430000,5000,Petrol,20.63
4202,2019,1227000,5000,Petrol,18.0
4203,2017,860000,28000,Petrol,17.8
4204,2018,950000,40000,Diesel,23.0
4205,2012,225000,87237,Diesel,20.0
4206,2011,500000,99500,Diesel,11.5
4207,2017,500000,62960,Diesel,25.83
4209,2014,545000,110000,Diesel,20.77
4210,2011,400000,72000,Diesel,22.9
4211,2018,650000,50000,Diesel,28.4
4212,2008,114999,55000,Petrol,13.9
4213,2015,562000,60000,Diesel,27.39
4214,2002,96000,120000,Diesel,14.07
4218,2015,503000,110000,Diesel,14.1
4221,2013,225000,58343,Petrol,21.79
4222,2018,740000,38817,Diesel,27.39
4223,2016,550000,56494,Petrol,18.2
4224,2013,750000,79328,Diesel,12.99
4225,2019,650000,5621,Petrol,22.0
4226,2017,625000,25538,Petrol,16.78
4227,2018,600000,69779,Petrol,22.0
4228,2017,450000,56290,Diesel,24.0
4231,2019,779000,7032,Petrol,19.0
4232,2016,645000,11000,Petrol,14.3
4237,2015,503000,110000,Diesel,14.1
4240,2013,225000,58343,Petrol,21.79
4241,2018,740000,38817,Diesel,27.39
4242,2016,550000,56494,Petrol,18.2
4243,2013,750000,79328,Diesel,12.99
4244,2019,650000,5621,Petrol,22.0
4245,2017,625000,25538,Petrol,16.78
4246,2018,600000,69779,Petrol,22.0
4247,2017,450000,56290,Diesel,24.0
4250,2019,779000,7032,Petrol,19.0
4251,2016,645000,11000,Petrol,14.3
4254,2009,210000,120000,Diesel,19.3
4258,2015,503000,110000,Diesel,14.1
4261,2013,225000,58343,Petrol,21.79
4262,2018,740000,38817,Diesel,27.39
4263,2016,550000,56494,Petrol,18.2
4264,2013,750000,79328,Diesel,12.99
4265,2019,650000,5621,Petrol,22.0
4266,2017,625000,25538,Petrol,16.78
4267,2018,600000,69779,Petrol,22.0
4268,2017,450000,56290,Diesel,24.0
4271,2019,779000,7032,Petrol,19.0
4272,2016,645000,11000,Petrol,14.3
4274,2015,590000,80000,Diesel,25.01
4275,2016,350000,120000,Diesel,24.4
4276,2017,484999,30000,Petrol,20.89
4277,2015,240000,110000,Diesel,19.1
4279,2017,300000,80000,Petrol,24.7
4280,2016,750000,80000,Diesel,28.09
4281,2016,574000,35000,Petrol,20.85
4282,2013,200000,167000,Diesel,22.3
4283,2016,1100000,94000,Diesel,19.67
4284,2012,350000,80000,Petrol,17.92
4286,2005,120000,90000,Petrol,13.8
4288,2019,500000,10000,Petrol,21.4
4289,2016,370000,90000,Diesel,19.09
4290,2019,600000,5200,Petrol,20.3
4291,2006,100000,120000,Petrol,17.3
4292,2013,409999,90000,Diesel,22.9
4293,2016,750000,50000,Petrol,18.0
4294,2017,600000,5000,Petrol,18.9
4295,2018,550000,10500,Petrol,18.15
4296,2018,950000,26000,Diesel,19.6
4297,2014,645000,139000,Diesel,11.79
4298,2014,750000,60000,Diesel,15.1
4299,2006,650000,40000,Petrol,11.7
4300,2015,800000,25000,Petrol,15.85
4301,2010,350000,60000,Petrol,14.53
4302,2015,700000,25000,Petrol,15.85
4303,2011,335000,15000,Petrol,17.5
4304,2012,270000,110000,Diesel,19.3
4306,2010,320000,100000,Diesel,19.3
4307,2007,120000,120000,Petrol,17.8
4308,2010,730000,55000,Petrol,12.3
4309,2007,125000,120000,Petrol,15.0
4310,2007,150000,35000,Petrol,18.2
4311,2018,310000,13000,Petrol,24.7
4312,2015,625000,50000,Diesel,26.59
4313,2012,267000,40000,Petrol,20.36
4314,2016,600000,25000,Petrol,17.19
4315,2011,180000,110000,Petrol,15.37
4316,2019,700000,5000,Petrol,23.87
4317,2013,121000,50000,Petrol,16.1
4318,2014,350000,80000,Petrol,18.9
4323,2015,503000,110000,Diesel,14.1
4326,2013,225000,58343,Petrol,21.79
4327,2018,740000,38817,Diesel,27.39
4328,2016,550000,56494,Petrol,18.2
4329,2013,750000,79328,Diesel,12.99
4330,2019,650000,5621,Petrol,22.0
4331,2017,625000,25538,Petrol,16.78
4332,2018,600000,69779,Petrol,22.0
4333,2017,450000,56290,Diesel,24.0
4336,2019,779000,7032,Petrol,19.0
4337,2016,645000,11000,Petrol,14.3
4339,2008,80000,100000,Petrol,17.3
4340,2008,120000,93331,Petrol,19.81
4341,2012,370000,120000,Diesel,13.5
4342,2015,750000,70000,Diesel,19.01
4343,2015,484999,100000,Diesel,15.96
4344,2006,120000,90000,Diesel,13.1
4345,2017,860000,28000,Petrol,17.8
4346,2018,650000,50000,Diesel,28.4
4347,2014,650000,90000,Diesel,20.77
4348,2016,710000,40000,Diesel,24.8
4349,2017,430000,113000,Diesel,25.83
4350,2011,305000,188000,Diesel,17.8
4351,2011,220000,100000,Diesel,20.0
4353,2017,660000,67000,Diesel,18.49
4354,2011,140000,70000,Diesel,25.44
4355,2015,1100000,50000,Petrol,14.28
4357,2017,625000,34000,Diesel,22.0
4358,2004,198000,110000,Petrol,12.8
4360,2005,130000,140000,Petrol,18.9
4361,2012,540000,100000,Petrol,16.8
4362,2017,550000,10000,Petrol,18.9
4363,2018,475000,30000,Petrol,21.63
4365,2010,217000,120000,Diesel,21.1
4366,2002,35000,184000,Petrol,19.3
4367,2019,750000,6500,Petrol,21.21
4368,2010,350000,80000,Petrol,11.96
4369,2008,400000,100000,Diesel,12.05
4370,2015,570000,120000,Diesel,23.59
4371,2012,180000,120000,Petrol,21.1
4373,2006,280000,150000,Diesel,18.7
4374,2005,90000,120000,Diesel,16.1
4376,2018,700000,63000,Diesel,15.3
4378,2015,685000,109000,Diesel,22.7
4379,2015,565000,114000,Diesel,25.2
4381,2014,395000,160000,Diesel,24.0
4382,2013,425000,101000,Diesel,21.9
4385,2018,535000,31000,Petrol,24.04
4386,2018,500000,31000,Petrol,23.01
4387,2016,434999,55000,Petrol,20.52
4388,2018,250000,55000,Petrol,21.9
4389,2014,700000,117000,Diesel,22.32
4390,2010,1100000,102000,Diesel,19.62
4391,2012,900000,108000,Diesel,17.42
4392,2015,425000,75000,Petrol,20.52
4394,2013,325000,158000,Diesel,24.4
4396,2018,950000,40000,Diesel,23.0
4397,2019,1140000,10000,Diesel,21.5
4398,2017,980000,53000,Diesel,17.6
4400,2020,808000,5000,Petrol,18.24
4401,2014,550000,30000,Petrol,19.1
4402,2010,215000,64000,Petrol,19.7
4403,2016,512000,10500,Petrol,18.16
4404,2011,215000,50000,Petrol,19.7
4405,2012,500000,60000,Diesel,20.5
4406,2015,700000,35000,Diesel,21.14
4407,2012,525000,135000,Diesel,13.93
4408,2011,550000,70000,Diesel,12.05
4409,2016,750000,80000,Diesel,24.3
4410,2017,395000,25000,Petrol,21.63
4411,2017,675000,5000,Petrol,18.6
4412,2008,140000,80000,Petrol,17.92
4413,2011,430000,120000,Diesel,12.05
4417,2015,503000,110000,Diesel,14.1
4420,2013,225000,58343,Petrol,21.79
4421,2018,740000,38817,Diesel,27.39
4422,2016,550000,56494,Petrol,18.2
4423,2013,750000,79328,Diesel,12.99
4424,2019,650000,5621,Petrol,22.0
4425,2017,625000,25538,Petrol,16.78
4426,2018,600000,69779,Petrol,22.0
4427,2017,450000,56290,Diesel,24.0
4430,2019,779000,7032,Petrol,19.0
4431,2016,645000,11000,Petrol,14.3
4433,2011,270000,167000,Petrol,19.3
4434,2011,270000,167000,Petrol,19.3
4435,2014,300000,10000,Petrol,20.51
4436,2013,355000,68000,Diesel,22.1
4437,2015,180000,35000,Petrol,22.74
4438,2013,280000,70000,Diesel,25.0
4439,2011,250000,70000,Diesel,19.0
4440,2007,125000,50000,Petrol,15.3
4441,2006,150000,80000,Diesel,19.3
4442,2006,95000,60898,Petrol,19.3
4443,2018,810000,29700,Diesel,25.1
4444,2018,671000,20000,Petrol,18.6
4445,2018,295000,20000,Petrol,24.7
4446,2017,850000,40000,Diesel,24.52
4447,2013,409999,90000,Diesel,22.9
4448,2015,600000,90000,Petrol,16.02
4449,2015,600000,80000,Diesel,15.96
4450,2012,220000,60000,Petrol,18.9
4451,2013,550000,56000,Diesel,23.4
4452,2014,650000,50000,Diesel,14.0
4453,2014,655000,50000,Diesel,14.0
4454,2006,130000,74000,Diesel,13.7
4455,2014,400000,123000,Diesel,19.01
4456,2007,250000,60000,Petrol,19.3
4457,2009,155000,54000,Petrol,19.7
4458,2013,250000,50000,Petrol,15.64
4459,2014,400000,80000,Petrol,18.9
4460,2019,500000,10000,Petrol,19.02
4461,2018,565000,10000,Petrol,20.3
4462,2018,900000,40000,Diesel,23.0
4463,2017,650000,120000,Diesel,16.5
4464,2013,600000,45000,Diesel,15.96
4465,2018,800000,35000,Diesel,28.4
4466,2015,575000,60000,Diesel,22.54
4467,2016,550000,40000,Petrol,17.01
4468,2011,190000,80000,Petrol,15.5
4469,2017,750000,37000,Diesel,23.0
4470,2018,625000,22000,Petrol,21.4
4471,2018,799000,60000,Diesel,22.54
4472,2013,300000,57000,Petrol,20.51
4473,2017,850000,27000,Petrol,20.73
4474,2012,130000,70000,Petrol,18.0
4475,2011,229999,40000,Petrol,20.92
4476,2015,400000,60000,Petrol,23.1
4477,2018,900000,35000,Diesel,16.55
4478,2015,800000,70000,Diesel,15.4
4479,2015,250999,43000,Petrol,21.1
4480,2011,250000,110000,Petrol,15.0
4481,2009,100000,100000,Petrol,15.7
4482,2016,450000,64000,Petrol,20.4
4483,2017,575000,96000,Diesel,19.87
4484,2013,400000,96000,Diesel,20.46
4485,2019,480000,7600,Petrol,21.63
4486,2019,490000,7000,Petrol,21.63
4487,2007,150000,120000,Diesel,17.0
4488,2017,600000,50000,Diesel,22.95
4489,2015,500000,50000,Diesel,24.4
4490,2015,425000,80000,Diesel,23.0
4492,2015,1030000,190000,Diesel,12.99
4493,2015,360000,34000,Petrol,20.51
4494,2012,290000,80000,Petrol,16.47
4495,2011,400000,72000,Diesel,22.9
4496,2003,70000,20000,Diesel,15.9
4497,2012,320000,70000,Diesel,15.3
4498,2019,975000,30000,Diesel,23.0
4499,2019,1227000,5000,Petrol,18.0
4500,2014,755000,29340,Diesel,22.32
4501,2011,215000,120000,Diesel,20.0
4503,2007,190000,70000,Petrol,19.81
4505,2018,675000,24265,Petrol,18.7
4506,2014,438999,81000,Diesel,23.4
4508,2013,409999,35000,Petrol,19.1
4509,2019,350000,15000,Petrol,25.17
4510,2012,135000,49000,Diesel,25.44
4512,2014,520000,70000,Diesel,25.2
4513,2010,315000,180000,Diesel,19.3
4514,2010,235000,50000,Petrol,19.0
4515,2005,80500,50000,Petrol,13.2
4516,2013,375000,88200,Diesel,23.2
4517,2006,189000,93000,Petrol,16.1
4518,2017,550000,120000,Diesel,25.8
4519,2011,260000,110000,Diesel,17.8
4520,2016,650000,50000,Diesel,26.59
4521,2013,480000,80000,Diesel,23.4
4522,2016,700000,40000,Diesel,22.54
4523,2015,650000,110000,Diesel,20.77
4524,2015,1300000,48000,Diesel,19.67
4526,2016,1000000,60000,Diesel,22.15
4528,2018,1080000,12800,Petrol,17.8
4529,2012,170000,40000,Petrol,21.1
4530,2017,610000,49000,Diesel,28.4
4531,2014,350000,25000,Petrol,18.5
4532,2016,260000,65000,Petrol,22.74
4533,2015,700000,20000,Diesel,20.4
4534,2018,678000,17000,Petrol,18.78
4535,2015,800000,15000,Diesel,23.65
4536,2014,400000,120000,Diesel,23.59
4537,2010,300000,49000,Petrol,18.5
4538,2016,520000,29000,Petrol,18.6
4539,2017,850000,55000,Diesel,19.61
4540,2015,300000,40000,Petrol,23.95
4541,2010,350000,120000,Petrol,17.0
4543,2019,892000,10000,Diesel,24.3
4544,2012,285000,70000,Diesel,20.3
4545,2012,300000,60000,LPG,19.2
4546,2016,620000,90000,Diesel,28.09
4547,2017,750000,90000,Diesel,24.3
4548,2016,270000,35000,Petrol,22.74
4549,2014,560000,90000,Diesel,20.77
4550,2012,300000,40000,Petrol,17.92
4551,2012,300000,40000,Petrol,17.92
4552,2018,570000,20000,Petrol,18.9
4553,2011,220000,80000,Diesel,23.03
4554,2012,260000,99000,Petrol,15.5
4555,2019,600000,7500,Petrol,21.21
4556,2015,80000,60000,Petrol,23.9
4557,2016,300000,40800,Petrol,21.1
4558,2015,300000,70000,Petrol,17.57
4559,2016,400000,100000,Petrol,18.15
4560,2016,550000,8588,Petrol,22.0
4561,2019,1200000,40000,Diesel,25.6
4562,2015,500000,60000,Diesel,25.83
4563,2005,93000,80000,Petrol,15.9
4564,2014,500000,110000,Diesel,26.0
4565,2018,670000,150000,Diesel,23.59
4566,2012,750000,120000,Diesel,12.8
4567,2017,370000,30000,Petrol,23.95
4568,2012,100000,70000,Petrol,16.1
4569,2016,425000,50000,Petrol,19.81
4571,2012,400000,158500,Diesel,19.3
4573,2016,850000,35000,Diesel,24.52
4574,2018,750000,22000,Diesel,21.03
4575,2010,235000,50000,Diesel,10.71
4576,2017,700000,70000,Diesel,25.5
4577,2016,480000,56000,Diesel,24.0
4578,2016,475000,50000,Diesel,22.95
4579,2015,610000,120000,Diesel,21.14
4580,2011,650000,120000,Diesel,12.8
4581,2017,800000,70000,Diesel,25.5
4582,2015,520000,120000,Diesel,11.57
4583,2014,160000,90000,Diesel,25.0
4584,2018,1000000,70000,Diesel,25.1
4585,2015,700000,120000,Diesel,20.77
4586,2017,590000,70000,Diesel,25.8
4587,2002,140000,80000,Petrol,18.9
4588,2017,725000,100000,Diesel,18.49
4590,2015,550000,50000,Diesel,26.59
4591,2012,240000,90000,Diesel,23.2
4592,2013,667000,65000,Diesel,14.6
4593,2017,670000,50000,Diesel,27.3
4594,2015,550000,110000,Diesel,26.59
4595,2015,400000,30000,Petrol,23.1
4596,2014,545000,80000,Diesel,22.32
4597,2015,599000,70000,Petrol,16.02
4598,2016,725000,100000,Diesel,21.38
4599,2015,525000,120000,Petrol,17.4
4600,2011,204999,85000,Diesel,21.1
4601,2012,190000,110000,Diesel,21.0
4602,2015,310000,60000,Diesel,24.0
4603,2016,380000,90000,Diesel,24.0
4604,2012,204000,110000,Petrol,20.92
4605,2018,350000,25000,Petrol,20.3
4606,2013,350000,100000,Diesel,20.54
4607,2012,175000,120000,Diesel,20.0
4608,2011,340000,90000,Diesel,20.54
4609,2017,950000,35000,Petrol,17.4
4610,2017,894999,35000,Petrol,17.8
4611,2014,350000,101200,Diesel,15.3
4612,2005,100000,90000,Petrol,12.8
4613,2016,550000,76000,Diesel,26.59
4614,2004,100000,60000,Diesel,16.1
4615,2016,800000,90000,Diesel,16.0
4616,2013,525000,80000,Diesel,15.96
4617,2008,500000,179150,Diesel,11.57
4618,2003,42000,62000,Petrol,16.1
4619,2009,190000,160000,Petrol,17.5
4620,2019,694000,35000,Diesel,28.4
4621,2016,861999,120000,Diesel,16.0
4622,2017,650000,50000,Diesel,25.8
4623,2011,310000,70000,Diesel,19.3
4624,2013,360000,97000,Diesel,22.9
4625,2011,240000,90000,Diesel,19.3
4626,2012,500000,84487,Diesel,15.1
4627,2010,475000,100000,Diesel,12.8
4628,2007,100000,60000,Petrol,19.7
4629,2009,200000,110000,Petrol,15.0
4631,2010,245000,146000,Diesel,14.0
4632,2014,450000,70000,Diesel,23.4
4633,2017,800000,51146,Diesel,24.3
4634,2011,215000,40000,Petrol,21.1
4635,2017,760000,50000,Diesel,24.3
4636,2015,416000,80000,Diesel,20.14
4637,2011,195000,120000,Petrol,18.9
4638,2017,325000,23000,Petrol,24.7
4639,2010,145000,70000,Petrol,20.92
4640,2018,675000,23000,Diesel,28.4
4641,2016,340000,30000,Petrol,20.51
4642,2011,340000,50000,Diesel,19.0
4643,2014,260000,40000,Petrol,16.8
4644,2015,300000,50000,Petrol,22.74
4645,2007,75000,60000,Petrol,16.1
4646,2011,350000,80000,Diesel,19.4
4647,2019,1000000,15000,Petrol,19.01
4648,2010,170000,150000,Diesel,21.12
4649,2018,600000,40000,Petrol,19.0
4650,2010,800000,25000,Petrol,16.8
4651,2018,850000,120000,Diesel,17.0
4652,2014,980000,120000,Diesel,15.1
4655,2018,900000,50000,Diesel,24.3
4656,2010,310000,120000,Diesel,19.3
4657,2013,600000,60000,Diesel,20.77
4658,2008,270000,149000,Diesel,19.3
4659,2019,509999,5000,Petrol,20.3
4660,2013,225000,70000,Diesel,19.4
4661,2015,280000,55000,Petrol,20.36
4662,2016,490000,100000,Diesel,27.28
4663,2013,440000,120000,Diesel,15.96
4665,2005,476999,85000,Petrol,11.1
4666,2015,590000,70000,Petrol,17.19
4667,2010,500000,120000,Diesel,13.1
4668,2015,600000,40000,Diesel,22.77
4669,2016,750000,70000,Diesel,15.4
4672,2019,695000,36800,Diesel,20.14
4673,2018,690000,52200,Diesel,26.59
4674,2016,409999,78000,Diesel,24.0
4677,2017,525000,29000,Diesel,24.0
4679,2013,540000,60000,Diesel,15.1
4681,2016,1000000,112000,Diesel,15.4
4683,2017,725000,40000,Diesel,18.49
4684,2018,975000,36000,Diesel,28.09
4685,2016,355000,60000,Petrol,21.79
4686,2008,400000,120000,Petrol,11.1
4687,2015,265000,48000,Petrol,24.7
4688,2018,650000,40000,Diesel,20.14
4689,2017,720000,60000,Diesel,28.09
4690,2016,850000,25000,Petrol,17.01
4691,2015,290000,42000,Petrol,23.95
4692,2010,1200000,35000,Petrol,10.93
4693,2016,600000,90000,Diesel,18.49
4694,2011,300000,90000,Diesel,21.1
4695,2012,225000,110000,Diesel,23.08
4696,2009,240000,70000,Diesel,19.3
4697,2014,700000,80000,Diesel,22.32
4698,2014,470000,70000,Diesel,25.2
4699,2016,800000,80000,Diesel,21.19
4700,2012,450000,90000,Diesel,19.01
4701,2007,90000,90000,Diesel,17.2
4702,2010,450000,120000,Diesel,21.43
4703,2012,400000,107500,Diesel,19.3
4705,2016,925000,79000,Diesel,19.67
4709,2007,300000,110000,Diesel,10.5
4710,2009,360000,100000,Diesel,19.3
4711,2010,320000,70000,Diesel,16.2
4713,2016,780000,50000,Diesel,24.52
4714,2013,620000,139000,Diesel,20.77
4715,2006,100000,120000,Petrol,13.1
4716,2014,210000,35000,Petrol,16.7
4717,2015,375000,80000,Diesel,15.96
4718,2019,786000,7720,Petrol,20.0
4719,2014,1000000,50000,Diesel,15.1
4720,2002,120000,60000,Diesel,20.8
4721,2016,750000,100000,Diesel,20.8
4722,2016,550000,57882,Petrol,18.6
4723,2018,875000,142000,Diesel,14.1
4724,2018,890000,140000,Diesel,14.1
4725,2015,700000,35000,Petrol,16.02
4726,2015,550000,30000,Diesel,15.96
4727,2018,400000,10000,Petrol,19.83
4728,2015,290000,30000,Petrol,23.1
4729,2012,150000,90000,Diesel,19.09
4730,2015,300000,35000,Petrol,15.37
4731,2009,220000,25000,Petrol,19.3
4732,2008,221000,35008,Petrol,21.79
4733,2017,270000,31100,Petrol,22.7
4734,2014,455000,42312,Diesel,24.4
4735,2011,300000,72000,Petrol,17.6
4736,2014,480000,54891,Diesel,23.59
4737,2018,1000000,30000,Diesel,22.0
4740,2019,500000,5000,Petrol,20.3
4741,2013,800000,117000,Diesel,11.18
4742,2013,1000000,75010,Diesel,13.73
4743,2013,250000,50000,Diesel,21.02
4744,2012,245000,100000,Diesel,23.08
4745,2019,625000,4337,Petrol,18.9
4746,2018,560000,14495,Petrol,18.78
4747,2018,680000,8576,Petrol,18.7
4748,2019,700000,30000,Diesel,28.4
4749,2013,220000,80000,Diesel,23.03
4750,2017,450000,70000,Diesel,19.09
4751,2017,525000,19723,Petrol,20.3
4754,2017,875000,30000,Diesel,28.4
4755,2019,785000,9000,Petrol,18.6
4756,2017,819999,30000,Petrol,17.5
4759,2017,885000,39000,Diesel,25.5
4760,2015,680000,64000,Petrol,16.05
4761,2017,960000,42000,Diesel,23.0
4762,2012,385000,45000,Petrol,18.5
4764,2018,890000,55000,Diesel,18.49
4765,2015,1275000,64000,Diesel,11.4
4767,2019,1025000,15000,Petrol,20.28
4768,2016,675000,69000,Petrol,17.2
4769,2017,700000,80000,Petrol,22.0
4770,2016,780000,60000,Diesel,22.77
4771,2017,1050000,70000,Diesel,22.32
4773,2016,400000,100000,Diesel,22.95
4774,2011,400000,100000,Diesel,15.96
4775,2009,85000,90000,Petrol,19.7
4776,2018,1300000,35000,Diesel,17.6
4777,2018,819999,11500,Diesel,18.49
4778,2015,620000,40000,Diesel,18.49
4779,2018,260000,50000,Petrol,23.01
4780,2016,805000,49900,Petrol,16.3
4781,2015,484999,55380,Petrol,18.9
4783,2018,811000,11000,Petrol,17.0
4784,2015,575000,50000,Petrol,19.0
4786,2016,645000,11000,Petrol,14.3
4790,2017,650000,18816,Petrol,17.0
4792,2017,925000,18000,Petrol,15.6
4793,2019,894999,9654,Petrol,19.56
4794,2011,175000,11000,Petrol,23.95
4795,2012,340000,24300,Petrol,21.21
4797,2017,810000,47747,Diesel,28.09
4798,2018,1025000,8000,Diesel,21.5
4800,2013,910000,70000,Diesel,12.99
4801,2016,300000,60000,Diesel,17.88
4802,2004,120000,80000,Petrol,17.3
4803,2015,490000,45900,Petrol,18.6
4804,2013,425000,70000,Diesel,25.8
4805,2011,155000,40000,Petrol,19.7
4806,2013,490000,90000,Diesel,12.05
4807,2010,132000,105000,Petrol,19.7
4808,2018,750000,30000,Diesel,22.54
4809,2011,225000,20000,Petrol,18.9
4810,2011,240000,80000,Petrol,20.36
4811,2004,33351,90000,Petrol,18.9
4812,2010,80000,80000,Petrol,18.0
4813,2004,40000,120000,Petrol,16.1
4814,2019,1100000,50000,Diesel,21.9
4818,2015,503000,110000,Diesel,14.1
4821,2013,225000,58343,Petrol,21.79
4822,2018,740000,38817,Diesel,27.39
4823,2016,550000,56494,Petrol,18.2
4824,2013,750000,79328,Diesel,12.99
4825,2019,650000,5621,Petrol,22.0
4826,2017,625000,25538,Petrol,16.78
4827,2018,600000,69779,Petrol,22.0
4828,2017,450000,56290,Diesel,24.0
4831,2019,779000,7032,Petrol,19.0
4832,2016,645000,11000,Petrol,14.3
4834,2016,380000,80000,Diesel,24.4
4835,2011,300000,120000,Diesel,11.57
4836,2014,240000,50000,Petrol,22.74
4837,2011,325000,70000,Diesel,22.9
4838,2016,400000,130000,Diesel,25.32
4839,2017,800000,50000,Diesel,21.04
4840,2018,950000,80000,Diesel,23.0
4841,2013,300000,120000,Diesel,22.9
4842,2020,350000,5000,Petrol,22.05
4843,2017,530000,59000,Petrol,18.15
4844,2013,350000,100000,Diesel,18.2
4845,2008,168000,50000,Petrol,11.0
4846,2016,240000,45000,Petrol,25.17
4847,2010,220000,80000,Diesel,19.3
4848,2008,110000,80000,Petrol,18.9
4849,2016,850000,100000,Diesel,24.3
4850,2014,545000,110000,Diesel,20.77
4852,2018,950000,25000,Diesel,25.1
4853,2013,200000,68697,Petrol,21.1
4854,2017,660000,30000,Diesel,25.2
4855,2013,420000,40000,Diesel,25.8
4856,2010,150000,29000,Petrol,16.5
4857,2013,175000,68000,Diesel,25.44
4858,2018,750000,15000,Petrol,18.1
4859,2014,425000,70000,Diesel,23.2
4860,2015,790000,126000,Diesel,21.43
4862,2015,650000,94000,Diesel,24.5
4863,2015,780000,129000,Diesel,21.43
4864,2010,180000,55000,Petrol,19.81
4865,2019,869999,40000,Diesel,23.0
4866,2011,275000,50000,Diesel,21.12
4867,2017,630000,25000,Petrol,18.6
4868,2008,150000,60000,Petrol,13.4
4869,2016,315000,25000,Petrol,22.74
4870,2011,189000,70000,Diesel,23.57
4871,2014,580000,120000,Diesel,23.4
4872,2009,150000,153000,Diesel,19.3
4873,2018,825000,35000,Diesel,24.3
4874,2016,650000,60000,Diesel,14.1
4875,2004,50000,62000,Petrol,13.0
4876,2011,200000,120000,Petrol,16.25
4877,2013,135000,120000,Diesel,15.42
4878,2017,680000,80000,Diesel,22.54
4879,2017,670000,80000,Diesel,22.54
4880,2010,1000000,60000,Diesel,16.73
4881,2010,240000,80000,Petrol,20.92
4882,2014,555000,147279,Diesel,17.0
4883,2013,455000,98000,Diesel,20.5
4884,2018,750000,25000,Diesel,28.4
4885,2016,700000,90000,Diesel,26.59
4886,2016,220000,22000,Petrol,21.9
4887,2014,160000,120000,Diesel,25.0
4888,2013,225000,100000,Diesel,22.1
4889,2008,140000,120000,Diesel,19.09
4890,2014,600000,70000,Diesel,23.4
4891,2015,1000000,24700,Diesel,16.0
4892,2008,65000,100000,Petrol,18.0
4893,2019,500000,10000,Petrol,20.89
4894,2017,1100000,88754,Diesel,16.0
4895,2011,325000,53287,Petrol,19.3
4896,2017,1150000,43526,Diesel,16.0
4897,2012,320000,55885,Petrol,16.25
4898,2019,950000,16034,Diesel,21.7
4899,2012,250000,156040,Diesel,20.0
4900,2004,400000,93415,Diesel,13.1
4901,2008,1100000,122000,Diesel,18.48
4902,2017,600000,20000,Diesel,27.39
4903,2017,509999,46000,Petrol,22.0
4904,2016,395000,50000,Petrol,15.41
4905,2018,469000,5000,Petrol,21.79
4906,2017,250000,42000,Petrol,24.7
4907,2011,130000,68519,Petrol,16.2
4908,2019,906000,30000,Diesel,23.0
4909,2011,160000,85000,Diesel,20.0
4910,2012,300000,88000,Petrol,17.5
4911,2010,60000,100000,Petrol,14.0
4912,2014,400000,100000,Petrol,19.1
4913,2018,450000,22966,Petrol,23.84
4914,2014,465000,80000,Diesel,15.96
4915,2012,325000,80000,Diesel,22.9
4916,2008,150000,70000,Petrol,19.7
4917,2014,250000,2350,Petrol,21.1
4918,2011,175000,50000,Petrol,19.7
4919,2010,175000,58000,Petrol,19.7
4920,2006,150000,80000,Petrol,16.9
4921,2018,797000,60000,Diesel,16.5
4922,2019,800000,35000,Petrol,18.6
4923,2019,750000,59872,Diesel,15.96
4924,2011,400000,140000,Diesel,13.5
4925,2012,160000,110000,Petrol,19.7
4926,2016,700000,91182,Diesel,15.96
4927,2010,160000,60000,Petrol,19.7
4928,2012,400000,100000,Diesel,21.27
4929,2013,451000,120000,Diesel,23.59
4930,2002,40000,80000,Petrol,16.1
4931,2012,300000,70000,Diesel,21.12
4932,2017,421000,59500,Petrol,23.1
4934,2016,950000,45000,Diesel,24.3
4935,2011,395000,75500,Diesel,23.0
4936,2016,950000,46000,Diesel,24.3
4937,2013,270000,60000,Petrol,22.74
4938,2009,360000,60000,Petrol,15.0
4939,2008,235000,152500,Diesel,17.8
4942,2017,550000,23456,Petrol,18.9
4943,2015,1225000,39000,Diesel,16.0
4944,2017,700000,15000,Petrol,17.5
4946,2012,376000,26000,Petrol,19.4
4947,2017,875000,77524,Diesel,22.7
4948,2014,459999,40523,Petrol,18.5
4949,2018,755000,39000,Diesel,28.4
4955,2015,1050000,120000,Diesel,15.1
4956,2018,800000,25000,Petrol,21.4
4957,2015,600000,31000,Diesel,25.2
4958,2017,530000,42000,Petrol,21.4
4959,2015,450000,80000,Petrol,20.85
4960,2011,235000,60000,Petrol,20.92
4962,2013,395000,35000,Petrol,14.3
4963,2018,450000,35000,Petrol,20.3
4964,2019,600000,5000,Petrol,20.0
4965,2016,610000,110000,Diesel,24.3
4966,2017,690000,20000,Petrol,18.6
4967,2018,790000,15000,Petrol,17.0
4968,2014,254999,40000,Petrol,20.92
4969,2016,500000,41000,Petrol,18.7
4970,2011,340000,100000,Diesel,13.6
4971,2008,150000,120000,Diesel,12.2
4972,2007,245000,110000,Diesel,13.6
4973,2015,515000,120000,Diesel,20.34
4974,2008,122000,60000,Diesel,12.8
4975,2009,160000,35000,Petrol,19.81
4976,2007,110000,120000,Petrol,19.7
4977,2014,360000,70000,Diesel,25.2
4978,2009,210000,110000,Diesel,19.3
4979,2011,260000,90000,Diesel,16.2
4980,2007,128000,60000,Petrol,19.7
4981,2015,600000,80000,Diesel,23.9
4982,2010,800000,151000,Diesel,11.5
4983,2019,675000,25000,Diesel,28.4
4984,2015,1000000,24700,Diesel,16.0
4985,2008,65000,100000,Petrol,18.0
4986,2019,500000,10000,Petrol,20.89
4987,2010,300000,50000,Petrol,15.0
4988,2009,125000,80000,Petrol,16.1
4989,2017,550000,25000,Petrol,18.9
4990,2007,150000,80000,Petrol,19.7
4991,2017,891000,80000,Diesel,15.4
4992,2015,1050000,70000,Diesel,12.99
4993,2018,750000,15000,Petrol,21.1
4994,2012,380000,27500,Petrol,18.5
4995,2013,800000,110000,Diesel,12.99
4996,2010,200000,120000,Petrol,15.7
4997,2016,700000,70000,Diesel,28.09
4999,2010,300000,74000,Petrol,12.8
5000,2015,670000,120000,Diesel,24.2
5001,2007,210000,140000,Petrol,17.7
5002,2017,370000,40000,Petrol,20.89
5003,2019,600000,20000,Petrol,21.4
5004,2020,810000,15000,Diesel,24.3
5005,2006,80000,35000,Petrol,19.3
5006,2019,346000,16000,Petrol,23.84
5007,2005,55000,130000,Petrol,13.0
5008,2012,250000,118000,Diesel,13.93
5009,2006,120000,44000,Petrol,16.1
5010,2013,600000,50000,Diesel,20.77
5011,2016,330000,60000,Petrol,15.37
5012,2014,400000,147000,Petrol,18.6
5013,2004,100000,40000,Diesel,16.8
5014,2014,450000,100000,Petrol,19.1
5015,2017,800000,55000,Diesel,24.52
5016,2015,340000,40000,Diesel,27.62
5017,2010,225000,64000,Diesel,21.1
5018,2002,55000,100000,Petrol,17.3
5019,2016,900000,50000,Diesel,24.52
5021,2018,465000,30000,Petrol,20.51
5022,2004,70000,150000,Petrol,17.3
5023,2016,400000,24177,Petrol,17.57
5024,2012,185000,80000,Diesel,16.1
5025,2006,140000,150000,Petrol,18.9
5026,2015,415000,120000,Diesel,21.04
5027,2012,532000,121779,Diesel,12.05
5028,2017,600000,56000,Diesel,27.39
5029,2008,150000,100000,Petrol,15.0
5030,2018,459999,12000,Petrol,20.4
5031,2017,800000,15381,Diesel,24.3
5032,2011,310000,5000,Diesel,13.6
5033,2014,475000,40000,Diesel,19.01
5034,2016,310000,35000,CNG,26.6
5035,2018,350000,10000,Petrol,23.95
5037,2018,640000,25000,Petrol,22.0
5038,2017,350000,50000,Petrol,20.51
5039,2018,600000,30000,Petrol,17.0
5040,2015,575000,23000,Diesel,23.9
5041,2019,974000,15000,Diesel,16.55
5042,2018,445000,5000,Petrol,20.51
5043,2015,580000,15000,Diesel,20.77
5044,2020,1050000,20000,Diesel,22.1
5045,2015,600000,50000,Diesel,22.77
5046,2017,370000,40000,Petrol,18.16
5047,2007,150000,70000,Petrol,18.2
5048,2017,483000,15000,Petrol,23.1
5049,2016,470000,10000,Petrol,18.9
5050,2018,950000,25000,Diesel,24.3
5051,2013,450000,50000,Petrol,17.01
5052,2011,345000,70000,Petrol,17.6
5053,2020,600000,5000,Petrol,20.89
5054,2009,300000,60000,Petrol,19.0
5055,2007,160000,74800,Petrol,18.2
5056,2004,120000,80000,Petrol,16.1
5058,2018,340000,120000,Petrol,20.3
5059,2007,138000,120000,Petrol,17.7
5061,2010,231000,80000,Petrol,17.5
5062,2013,800000,120000,Diesel,15.1
5063,2019,960000,20000,Petrol,17.0
5064,2009,120000,70000,Petrol,18.9
5065,2012,270000,40000,Petrol,18.9
5066,2011,200000,100000,Petrol,21.1
5067,2012,328000,123000,Petrol,18.6
5068,2012,432000,77000,Diesel,22.32
5069,2019,565000,7000,Petrol,18.78
5070,2017,390000,70000,Petrol,15.37
5071,2017,600000,30000,Diesel,25.83
5072,2011,250000,120000,Diesel,23.0
5073,2011,165000,70000,Petrol,18.0
5074,2011,421000,105000,Petrol,17.0
5075,2012,225000,109322,Petrol,16.36
5076,2013,350000,120000,Diesel,21.64
5078,2015,600000,70000,Diesel,27.39
5079,2018,515000,35000,Petrol,24.0
5081,2017,800000,70000,Diesel,23.65
5082,2004,120000,100000,Diesel,10.5
5086,2015,503000,110000,Diesel,14.1
5089,2013,225000,58343,Petrol,21.79
5090,2018,740000,38817,Diesel,27.39
5091,2016,550000,56494,Petrol,18.2
5092,2013,750000,79328,Diesel,12.99
5093,2019,650000,5621,Petrol,22.0
5094,2017,625000,25538,Petrol,16.78
5095,2018,600000,69779,Petrol,22.0
5096,2017,450000,56290,Diesel,24.0
5099,2019,779000,7032,Petrol,19.0
5100,2016,645000,11000,Petrol,14.3
5102,2017,475000,40000,Petrol,20.51
5103,2015,400000,20000,Petrol,20.51
5104,2004,80000,90000,Petrol,19.3
5105,2011,300000,60000,Diesel,20.3
5107,2009,235000,70000,Petrol,17.3
5108,2015,350000,40000,Petrol,20.51
5109,2017,625000,34000,Diesel,28.4
5110,2014,525000,120000,Diesel,15.1
5111,2018,550000,10000,Petrol,20.3
5112,2015,550000,80000,Diesel,15.96
5113,2006,200000,100000,Petrol,17.7
5114,2011,350000,120000,Diesel,13.0
5115,2006,220000,100000,Petrol,17.7
5116,2016,412000,25000,Petrol,18.9
5117,2009,126000,52000,Petrol,18.9
5118,2013,430000,63000,Diesel,23.4
5119,2009,130000,90000,Petrol,19.0
5120,2017,350000,60000,Petrol,23.84
5121,2011,220000,35000,Petrol,19.7
5122,2011,380000,80000,Diesel,13.6
5123,2010,200000,110000,Diesel,20.0
5125,2015,610000,90000,Diesel,22.77
5127,2017,620000,61000,Diesel,26.59
5128,2013,150000,66000,Petrol,14.7
5129,2018,450000,80000,Petrol,20.62
5130,2017,1150000,27000,Diesel,19.67
5131,2018,500000,60000,Petrol,18.15
5132,2011,246000,139000,Petrol,18.9
5133,2017,400000,60000,CNG,21.94
5134,2008,65000,10000,Petrol,16.1
5135,2016,725000,30000,Diesel,21.7
5136,2014,736000,125000,Diesel,22.32
5137,2018,700000,45000,Diesel,28.4
5138,2011,150000,30000,Petrol,18.0
5139,2010,180000,80500,Petrol,19.7
5141,2013,550000,60000,Diesel,15.96
5142,2004,50000,18000,Petrol,16.1
5143,2006,80000,110000,Diesel,20.8
5144,2005,110000,90000,Petrol,19.7
5145,2006,180000,120000,Petrol,17.7
5146,2017,605000,127000,Diesel,28.4
5147,2017,800000,70000,Diesel,24.52
5148,2011,350000,116500,Diesel,23.0
5149,2012,300000,120000,Petrol,18.5
5150,2008,160000,100000,Petrol,13.9
5151,2011,225000,90000,Diesel,20.0
5152,2009,1025000,120000,Diesel,12.07
5153,2017,1300000,40000,Diesel,17.6
5154,2018,560000,18000,Diesel,21.66
5155,2017,650000,70000,Diesel,24.3
5156,2018,1150000,29000,Diesel,15.1
5157,2016,480000,65755,Petrol,21.4
5158,2019,960000,2600,Diesel,23.0
5159,2017,1050000,46000,Diesel,16.0
5160,2017,310000,15000,Petrol,21.1
5161,2014,500000,60000,Diesel,23.4
5162,2017,350000,15500,Petrol,23.95
5163,2015,365000,120000,Diesel,25.8
5164,2008,165000,120000,Diesel,14.8
5165,2007,100000,120000,Diesel,14.6
5166,2007,240000,80000,Diesel,13.6
5167,2019,925000,40000,Diesel,17.3
5168,2018,590000,15000,Petrol,18.16
5169,2013,525000,110000,Diesel,13.7
5170,2014,720000,80000,Diesel,12.99
5171,2017,850000,50000,Diesel,19.6
5172,2010,490000,110000,Diesel,11.79
5173,2013,325000,100000,Diesel,25.8
5174,2019,1200000,20000,Diesel,22.0
5175,2012,450000,135000,Diesel,15.96
5176,2014,300000,50700,Diesel,19.09
5177,2013,365000,70000,Diesel,22.07
5178,2007,500000,120000,Petrol,11.7
5179,2014,900000,112000,Diesel,12.99
5180,2018,700000,35000,Diesel,24.0
5181,2017,880000,50000,Diesel,19.6
5182,2014,700000,121000,Diesel,12.99
5183,2009,380000,120000,Diesel,12.05
5184,2006,150000,90000,Petrol,13.4
5185,2014,235000,70000,CNG,26.3
5186,2018,320000,20000,Petrol,23.01
5187,2015,550000,60000,Diesel,20.45
5190,2017,645000,60000,Diesel,18.49
5191,2015,300000,110000,Petrol,20.51
5192,2016,580000,152000,Diesel,21.19
5194,2013,451000,70000,Diesel,15.96
5195,2018,850000,50000,Petrol,17.0
5196,2011,300000,125000,Diesel,19.3
5197,2016,350000,60000,Petrol,18.16
5198,2014,300000,90000,CNG,21.94
5199,2017,390000,30000,CNG,21.94
5200,2016,1200000,90000,Diesel,12.99
5201,2017,550000,20000,Petrol,17.0
5202,2012,300000,110000,Diesel,22.9
5203,2012,300000,150000,Diesel,20.54
5204,2012,350000,110000,Diesel,23.0
5205,2015,880000,120000,Diesel,19.67
5206,2010,160000,120000,CNG,13.2
5207,2012,250000,80000,Diesel,15.3
5208,2016,660000,110000,Diesel,21.19
5209,2015,450000,40000,Petrol,17.57
5210,2012,400000,110000,Diesel,19.7
5211,2019,1300000,20000,Diesel,16.36
5213,2010,140000,60000,Petrol,18.6
5214,2012,195000,35000,Petrol,19.0
5215,2015,500000,45000,Petrol,17.19
5216,2012,60000,45000,Petrol,25.4
5217,2016,400000,25000,Petrol,17.57
5218,2014,400000,10000,Petrol,18.6
5219,2018,380000,19000,Petrol,20.51
5220,2019,579000,10000,Petrol,21.4
5221,2019,400000,25000,Petrol,18.15
5222,2012,270000,30000,Petrol,20.36
5223,2014,500000,90000,Diesel,15.96
5224,2017,475000,20000,Petrol,23.84
5225,2018,850000,48000,Diesel,19.87
5226,2009,475000,120000,Diesel,12.05
5229,2008,195000,110000,Petrol,20.36
5230,2014,459999,38000,Diesel,13.93
5231,2004,135000,90000,Petrol,13.4
5232,2017,850000,43000,Diesel,24.52
5233,2018,500000,25000,Petrol,20.3
5234,2016,385000,26000,Petrol,20.51
5235,2006,135000,120000,Diesel,16.8
5236,2008,120000,70000,Petrol,19.7
5237,2006,200000,60000,Petrol,11.9
5238,2007,200000,120000,Diesel,13.93
5239,2016,700000,20000,Petrol,20.73
5240,2013,290000,25000,Diesel,23.57
5241,2017,725000,60000,Diesel,28.4
5242,2008,200000,80000,Diesel,12.2
5243,2014,155000,80000,Petrol,16.8
5244,2019,690000,1303,Petrol,17.8
5250,2016,550000,56494,Petrol,18.2
5251,2013,750000,79328,Diesel,12.99
5254,2019,779000,7032,Petrol,19.0
5260,2019,1125000,3500,Petrol,18.15
5263,2011,280000,20000,Petrol,18.6
5264,2019,450000,25000,Petrol,20.3
5265,2006,135000,70000,Petrol,15.9
5266,2014,650000,40000,Diesel,15.1
5267,2020,650000,7300,Petrol,21.01
5268,2018,750000,25000,Diesel,28.09
5269,2010,150000,100000,Petrol,19.7
5270,2017,500000,35000,Diesel,25.32
5271,2012,311000,100000,Diesel,19.3
5272,2013,425000,80000,Diesel,22.32
5273,2010,260000,60000,Petrol,20.36
5274,2014,400000,110000,Diesel,20.14
5275,2017,575000,70000,Diesel,22.54
5277,2010,250000,90000,CNG,21.4
5278,2012,400000,95000,Diesel,19.7
5280,2015,484999,30000,Diesel,25.2
5281,2015,484999,30000,Diesel,25.2
5282,2013,350000,70000,Diesel,20.14
5284,2012,250000,100000,Diesel,19.3
5285,2017,655000,70000,Diesel,28.4
5286,2016,500000,30000,Diesel,27.3
5287,2016,300000,15000,Petrol,18.6
5288,2018,650000,21000,Diesel,25.83
5289,2014,300000,35000,Petrol,20.52
5290,2016,475000,25000,Petrol,18.7
5291,2017,450000,30000,Petrol,23.84
5292,2019,754000,10000,Diesel,28.4
5293,2013,300000,40000,Petrol,20.36
5294,2014,250000,25000,Petrol,21.1
5295,2018,725000,15000,Diesel,28.4
5296,2008,95000,70000,Petrol,19.7
5297,2018,475000,7800,Petrol,20.3
5298,2014,575000,55000,Diesel,14.0
5299,2016,350000,30000,Petrol,23.84
5300,2013,330000,125000,Diesel,15.96
5301,2016,482000,50000,Petrol,20.4
5302,2017,625000,40000,Diesel,22.77
5303,2017,380000,30000,Petrol,23.84
5304,2016,310000,30000,Petrol,18.6
5305,2009,280000,35000,Petrol,17.5
5306,2018,900000,30000,Petrol,14.99
5307,2010,250000,60000,Petrol,18.9
5308,2017,750000,39000,Petrol,17.01
5309,2019,420000,15000,Petrol,23.01
5310,2019,670000,5000,Petrol,19.5
5311,2016,420000,9750,Petrol,19.81
5313,2018,900000,35000,Petrol,17.5
5314,2015,1200000,10000,Diesel,15.1
5315,2003,195000,157138,Diesel,10.5
5316,2007,185000,120000,Diesel,16.8
5317,2008,185000,110000,Petrol,19.81
5319,2006,215000,102000,Petrol,16.1
5320,2015,210000,50000,Petrol,22.74
5324,2015,800000,50000,Petrol,17.4
5325,2014,570000,70000,Diesel,25.2
5326,2012,350000,120000,Diesel,21.5
5327,2011,350000,93000,Diesel,21.9
5328,2018,750000,50000,Diesel,16.5
5329,2011,160000,100000,Petrol,15.37
5330,2010,150000,70000,Diesel,15.7
5331,2008,250000,90000,Diesel,19.3
5332,2019,562000,5000,Petrol,18.9
5333,2012,290000,27000,Petrol,20.36
5334,2014,600000,122000,Diesel,15.1
5335,2015,401000,74000,Diesel,24.4
5336,2019,750000,6500,Petrol,21.21
5337,2007,240000,80000,Diesel,13.6
5338,2012,229999,50000,Petrol,20.92
5339,2013,500000,50000,Diesel,15.96
5340,2010,350000,80000,Petrol,11.96
5341,2018,217000,25000,Petrol,22.7
5342,2018,670000,35000,Diesel,22.71
5343,2011,225000,30000,Petrol,20.92
5344,2020,737000,10000,Petrol,18.76
5345,2014,300000,80000,Petrol,23.1
5346,2008,85000,120000,Diesel,17.0
5347,2010,195000,120000,Diesel,16.2
5348,2017,675000,127991,Diesel,25.5
5350,2010,290000,65000,Petrol,15.64
5351,2002,95000,90000,Petrol,19.3
5352,2018,889000,20000,Diesel,28.09
5353,2016,400000,60000,Petrol,17.0
5354,2018,390000,13120,Petrol,25.17
5356,2014,600000,125000,Diesel,22.32
5357,2018,800000,25000,Petrol,17.4
5358,2013,600000,120000,Diesel,20.77
5359,2015,795000,35000,Petrol,17.01
5360,2016,735000,25000,Diesel,22.54
5361,2005,250000,120000,Diesel,16.4
5362,2018,400000,25000,Petrol,24.04
5363,2014,395000,140000,Diesel,14.0
5364,2005,130000,79000,Diesel,13.1
5365,2015,600000,125000,Diesel,21.04
5366,2016,720000,80000,Diesel,21.19
5367,2011,450000,110000,Petrol,16.8
5368,2010,220000,80000,Diesel,16.2
5369,2014,545000,100000,Diesel,22.32
5370,2011,370000,100000,Diesel,20.54
5371,2010,450000,78000,Diesel,13.6
5372,2018,750000,15000,Petrol,17.4
5373,2015,1100000,70000,Diesel,15.4
5374,2019,711000,5000,Petrol,21.4
5375,2016,285000,75000,Petrol,23.95
5376,2020,749000,5500,Petrol,21.01
5377,2016,550000,80000,Diesel,19.64
5378,2010,300000,120000,Diesel,19.3
5379,2017,625000,70000,Diesel,27.39
5380,2017,650000,80000,Petrol,17.19
5381,2014,575000,120000,Diesel,22.32
5382,2016,631000,75000,Diesel,26.59
5383,2010,220000,80000,Diesel,16.2
5384,2017,600000,40000,Petrol,20.3
5386,2012,390000,120000,Diesel,23.5
5387,2007,375000,110000,Diesel,12.7
5388,2010,340000,110000,Diesel,23.0
5389,2019,670000,2000,Diesel,27.28
5390,2014,530000,80000,Diesel,23.4
5391,2015,350000,38000,Petrol,23.95
5392,2014,415000,46000,Petrol,21.63
5393,2014,700000,102000,Diesel,24.2
5394,2012,925000,96000,Diesel,19.62
5395,2017,375000,20000,Petrol,22.0
5396,2015,575000,16000,Petrol,19.1
5397,2013,425000,23000,Petrol,17.0
5398,2011,245000,25000,Petrol,18.16
5399,2015,540000,35000,Petrol,17.7
5400,2011,1000000,90000,Diesel,14.94
5401,2013,291000,37000,Petrol,20.36
5402,2017,600000,34000,Petrol,21.4
5403,2012,355000,60000,Petrol,17.7
5404,2010,225000,50000,Petrol,20.36
5405,2013,350000,37000,Petrol,13.7
5406,2012,200000,38000,Petrol,24.7
5407,2017,600000,40000,Diesel,19.3
5408,2012,434999,57000,Petrol,17.7
5409,2014,440000,62200,Petrol,17.0
5410,2013,390000,77000,Diesel,21.1
5412,2012,450000,30000,Petrol,17.5
5413,2009,125000,60000,Petrol,19.7
5414,2014,999000,25000,Diesel,15.4
5415,2005,225000,188000,Diesel,12.3
5416,2010,85000,150000,Petrol,19.7
5417,2012,150000,40000,Petrol,21.1
5418,2014,500000,120000,Diesel,19.01
5419,2011,220000,70000,Petrol,20.36
5420,2014,999000,25000,Diesel,15.4
5421,2017,957000,60000,Diesel,21.38
5423,2018,320000,35000,Petrol,22.5
5424,2016,300000,15000,Petrol,23.95
5425,2010,270000,98000,Diesel,17.8
5426,2011,170000,62000,Petrol,16.36
5427,2010,270000,90000,Diesel,18.3
5428,2013,140000,110000,Petrol,18.6
5429,2010,170000,90000,Petrol,20.36
5431,2019,1200000,25000,Diesel,20.0
5432,2019,834000,13000,Diesel,22.54
5433,2017,450000,80000,Diesel,27.28
5434,2014,575000,40000,Diesel,20.14
5435,2019,900000,20000,Diesel,28.4
5436,2008,149000,87540,LPG,16.6
5437,2007,100000,84000,LPG,16.0
5438,2011,325000,160000,Diesel,20.86
5439,2012,400000,100000,Diesel,20.54
5440,2017,250000,35000,Petrol,20.3
5441,2010,225000,60000,Petrol,12.9
5442,2012,300000,70000,Diesel,18.6
5443,2015,459999,60000,Diesel,20.5
5444,2016,825000,35000,Diesel,22.77
5446,2016,710000,71000,Diesel,27.39
5447,2008,200000,90000,Petrol,19.3
5448,2016,425000,70000,Diesel,23.2
5449,2007,45000,80000,Petrol,16.1
5452,2009,240000,90000,Diesel,21.1
5453,2016,1150000,154000,Diesel,19.67
5454,2013,520000,109000,Diesel,19.64
5455,2016,675000,120000,Diesel,26.59
5456,2006,170000,77000,Diesel,19.3
5457,2012,297000,100000,CNG,26.2
5458,2009,250000,110000,Diesel,11.57
5460,2008,225000,120000,Diesel,19.3
5461,2016,380000,39000,Petrol,20.51
5462,2005,40000,96000,Petrol,16.1
5463,2014,575000,90000,Diesel,20.54
5464,2010,300000,135000,Diesel,17.8
5465,2018,450000,90000,Diesel,27.28
5466,2003,45000,90000,Petrol,16.1
5468,2017,745000,35000,Diesel,28.4
5469,2016,509999,120000,Diesel,24.4
5470,2009,142000,110000,Petrol,20.36
5471,2009,185000,50000,Petrol,19.0
5472,2012,300000,77000,Diesel,20.4
5473,2007,210000,120000,Petrol,17.7
5474,2008,260000,120000,Petrol,13.9
5475,2013,430000,190000,Diesel,23.4
5476,2013,600000,110000,Diesel,12.05
5477,2010,400000,30000,Petrol,15.6
5478,2012,400000,182000,Diesel,24.8
5479,2017,669000,60000,Diesel,28.4
5480,2019,509999,40000,Petrol,20.14
5481,2016,616000,112000,Diesel,22.54
5482,2013,530000,80000,Diesel,12.05
5483,2010,190000,90000,Diesel,16.8
5484,2015,700000,140000,Diesel,25.1
5485,2012,250000,188000,Diesel,14.0
5486,2014,225000,60000,Petrol,20.36
5487,2017,470000,30000,Petrol,18.9
5488,2019,900000,40000,Diesel,24.3
5489,2013,170000,70000,Diesel,25.44
5490,2013,140000,100000,Diesel,19.09
5491,2011,95000,44000,Petrol,16.0
5492,2016,280000,110000,Petrol,18.5
5494,2011,129000,80000,Petrol,21.1
5495,2012,165000,70000,Diesel,25.44
5496,2016,600000,25000,Petrol,17.19
5497,2012,260000,31000,Petrol,18.9
5498,2005,70000,50000,Petrol,18.9
5499,2015,515000,120000,Petrol,18.6
5500,2012,225000,60000,Diesel,20.0
5501,2011,270000,60000,Diesel,19.3
5502,2011,225000,110000,Diesel,13.93
5503,2012,459999,70000,Diesel,22.32
5504,2009,115999,110000,Petrol,19.7
5505,2013,475000,77300,Diesel,21.14
5507,2011,165000,75000,Diesel,25.0
5508,2015,550000,45000,Diesel,28.4
5509,2017,861000,61260,Diesel,24.3
5510,2019,1050000,26000,Diesel,23.0
5512,2017,750000,43000,Diesel,22.54
5513,2018,730000,4773,Petrol,22.0
5514,2017,860000,31000,Diesel,21.66
5515,2017,940000,57900,Diesel,21.9
5516,2019,1075000,8600,Diesel,17.3
5517,2016,775000,52000,Diesel,23.65
5518,2013,411000,62000,Petrol,22.0
5519,2012,911000,155000,Diesel,12.8
5520,2016,540000,66000,Diesel,20.14
5521,2016,660000,78010,Diesel,21.66
5522,2018,875000,83844,Diesel,24.52
5523,2015,411000,23999,Petrol,23.1
5524,2016,635000,52000,Diesel,27.39
5525,2012,350000,145000,Diesel,22.9
5526,2018,800000,70000,Diesel,18.49
5527,2015,180000,25000,Petrol,16.8
5529,2014,490000,120000,Diesel,24.2
5530,2010,180000,55000,Petrol,19.0
5531,2013,310000,91400,Petrol,19.34
5532,2012,275000,48000,CNG,13.2
5533,2014,450000,80000,Diesel,18.2
5534,2017,500000,50000,Diesel,25.32
5535,2010,245000,185000,Diesel,16.2
5536,2011,275000,125000,Diesel,20.54
5537,2006,200000,178500,Petrol,17.7
5539,2012,229999,166000,Diesel,23.08
5540,2011,280000,131000,Diesel,20.54
5541,2009,125000,50000,Petrol,18.9
5542,2015,600000,25000,Diesel,25.2
5543,2018,600000,20000,Petrol,18.2
5544,2016,411000,60000,Petrol,18.5
5545,2010,150000,170000,Petrol,15.37
5546,2015,630000,70000,Diesel,26.21
5547,2013,1200000,110000,Diesel,17.11
5548,2019,700000,45000,Petrol,22.0
5549,2010,250000,60000,Diesel,14.0
5550,2016,535000,32000,Diesel,18.2
5551,2016,600000,60000,Diesel,18.49
5552,2003,145000,120000,Diesel,13.1
5553,2015,400000,143000,Diesel,25.83
5554,2015,600000,100000,Diesel,26.59
5555,2018,459999,50000,Petrol,21.63
5556,2018,800000,30000,Diesel,22.54
5557,2017,370000,25000,CNG,21.94
5558,2012,800000,102000,Diesel,12.8
5559,2013,290000,90000,Diesel,23.08
5560,2018,671000,62000,Diesel,28.4
5561,2012,140000,80000,Diesel,19.09
5562,2011,141000,15000,Petrol,19.7
5563,2009,125000,70000,Petrol,19.7
5564,2013,150000,90000,Diesel,19.4
5565,2007,125000,100000,Petrol,18.9
5566,2018,600000,25000,Petrol,18.9
5567,2017,700000,40000,Diesel,22.54
5568,2017,700000,70000,Diesel,22.54
5569,2017,740000,40000,Diesel,28.4
5571,2018,1150000,35000,Diesel,22.0
5572,2007,300000,155000,Diesel,18.7
5573,2011,300000,110000,Petrol,17.6
5574,2015,530000,110000,Diesel,21.64
5575,2017,530000,80000,Diesel,24.0
5576,2011,210000,50000,Petrol,17.92
5577,2007,130000,90000,Petrol,19.7
5578,2008,148000,80000,LPG,17.3
5579,2008,585000,120000,Diesel,14.3
5580,2011,270000,105000,Diesel,21.9
5581,2013,375000,40000,Petrol,20.36
5582,2014,725000,141000,Diesel,15.1
5583,2005,350000,15000,Diesel,19.3
5584,2007,180000,150000,Diesel,18.1
5585,2014,425000,80000,Diesel,23.2
5586,2018,900000,25000,Diesel,23.0
5587,2017,570000,51000,Diesel,14.07
5588,2017,290000,40000,Diesel,25.0
5589,2011,229999,40000,Diesel,20.0
5590,2012,300000,70000,Diesel,20.0
5591,2010,220000,110000,Diesel,21.1
5592,2011,409999,80000,Diesel,18.3
5593,2013,355000,136000,Diesel,18.2
5594,2013,695000,120000,Diesel,19.01
5595,2010,320000,120000,Diesel,19.3
5596,2017,710000,120000,Diesel,18.49
5597,2004,85000,120000,Diesel,16.8
5599,2015,550000,90000,Diesel,20.14
5600,2007,215000,100750,Petrol,16.1
5601,2006,110000,140000,Petrol,14.4
5602,2007,170000,110000,Petrol,17.7
5603,2018,850000,40000,Petrol,17.0
5604,2010,350000,148000,Diesel,23.0
5605,2005,120000,190000,Petrol,19.3
5606,2015,250000,155000,Diesel,22.3
5607,2015,433000,70000,Diesel,25.83
5608,2010,1200000,100000,Diesel,11.5
5609,2015,300000,45000,Petrol,21.1
5611,2017,760000,90000,Diesel,15.96
5612,2014,250000,20000,Petrol,21.1
5613,2013,187000,120000,Petrol,17.92
5617,2015,503000,110000,Diesel,14.1
5620,2013,225000,58343,Petrol,21.79
5621,2018,740000,38817,Diesel,27.39
5622,2016,550000,56494,Petrol,18.2
5623,2013,750000,79328,Diesel,12.99
5624,2019,650000,5621,Petrol,22.0
5625,2017,625000,25538,Petrol,16.78
5626,2018,600000,69779,Petrol,22.0
5627,2017,450000,56290,Diesel,24.0
5630,2019,779000,7032,Petrol,19.0
5631,2016,645000,11000,Petrol,14.3
5633,2013,335000,90000,Diesel,22.9
5634,2016,488000,80000,Petrol,20.85
5635,2008,111000,110000,Petrol,15.6
5636,2015,600000,70000,Diesel,26.21
5637,2020,570000,5000,Petrol,21.21
5638,2007,110000,75000,Petrol,17.8
5639,2014,434999,50000,Petrol,18.6
5640,2014,229999,70000,Petrol,21.1
5641,2014,490000,90000,Diesel,20.45
5642,2011,300000,100000,Petrol,17.5
5643,2017,350000,90000,Petrol,17.8
5644,2019,580000,35000,Petrol,17.5
5645,2017,385000,155000,Diesel,25.0
5646,2019,434999,19500,Petrol,20.3
5648,2015,495000,30000,Petrol,18.6
5649,2016,575000,53000,Diesel,22.54
5650,2013,200000,120000,Diesel,19.09
5651,2012,140000,120000,Diesel,21.03
5652,2012,300000,64000,Diesel,17.8
5653,2015,350000,50000,Petrol,18.2
5654,2015,250000,80000,Diesel,19.09
5655,2013,280000,80000,Diesel,21.02
5656,2017,600000,5000,Petrol,20.14
5657,2015,700000,25000,Petrol,17.01
5658,2014,560000,72000,Diesel,26.0
5659,2016,565000,72000,Diesel,19.3
5660,2017,880000,65000,Diesel,19.98
5661,2005,250000,80000,Diesel,13.6
5662,2016,550000,120000,Diesel,15.96
5663,2018,530000,60000,Diesel,25.4
5664,2013,750000,110000,Diesel,15.1
5665,2017,310000,35000,Petrol,24.7
5666,2014,620000,130000,Diesel,20.77
5667,2013,400000,188000,Diesel,22.9
5668,2008,67000,80000,Diesel,17.2
5669,2015,480000,80000,Diesel,25.83
5670,2008,110000,48676,Petrol,19.7
5671,2006,105000,60000,Petrol,19.3
5672,2018,475000,40000,Petrol,20.62
5673,2012,275000,120000,Diesel,19.3
5674,2003,40000,70000,Diesel,19.3
5675,2018,300000,15000,Petrol,24.7
5676,2007,100000,70000,Petrol,19.7
5677,2011,70000,80000,Diesel,17.0
5678,2017,900000,60000,Diesel,22.77
5679,2017,650000,120000,Diesel,23.59
5680,2003,55000,120000,Petrol,19.3
5682,2016,550000,70000,Petrol,18.9
5684,2019,425000,15000,Petrol,20.3
5685,2017,900000,65000,Diesel,28.09
5686,2015,516000,90000,Petrol,18.6
5687,2011,150000,70000,Petrol,16.5
5688,2016,400000,30000,Petrol,20.51
5689,2016,800000,79500,Diesel,15.4
5690,2007,165000,90000,Petrol,17.8
5691,2015,1000000,110000,Diesel,20.45
5692,2015,440000,110000,Diesel,26.59
5693,2011,390000,153000,Diesel,22.32
5695,2013,475000,149000,Diesel,23.4
5696,2016,515000,100000,Diesel,25.83
5697,2012,175000,90000,Diesel,15.42
5698,2012,380000,80000,Diesel,21.5
5699,2012,405000,150000,Diesel,19.3
5700,2018,535000,12000,Petrol,20.89
5701,2011,215000,40000,Petrol,20.36
5703,2017,445000,27000,Petrol,18.9
5704,2015,335000,120000,Petrol,20.51
5705,2015,600000,80000,Diesel,15.96
5706,2014,300000,49025,Petrol,15.37
5707,2015,110000,15000,Petrol,25.4
5708,2014,240000,90000,Petrol,23.95
5709,2016,300000,90000,Petrol,23.84
5711,2007,50000,80000,Diesel,17.2
5712,2009,295000,195000,Diesel,14.8
5713,2006,310000,90000,Diesel,10.5
5715,2016,925000,22000,Petrol,17.8
5716,2016,640000,70000,Diesel,24.3
5717,2012,350000,35000,Petrol,17.5
5718,2013,385000,120000,Petrol,19.1
5719,2013,409999,100000,Diesel,23.4
5720,2016,1300000,40000,Diesel,16.0
5721,2009,210000,60000,Petrol,15.3
5722,2007,300000,110000,Diesel,10.5
5723,2008,450000,112000,Diesel,10.5
5724,2011,170000,70000,Diesel,20.0
5725,2014,650000,140000,Diesel,25.1
5727,2012,145000,70000,Petrol,19.7
5728,2018,681000,27000,Diesel,20.14
5729,2015,635000,173000,Diesel,25.1
5730,2010,140000,80000,Petrol,19.7
5731,2016,750000,86000,Diesel,26.0
5732,2015,611000,80000,Diesel,26.0
5733,2007,110000,120000,Petrol,19.7
5734,2006,100000,100000,Petrol,16.0
5735,2014,225000,120000,Diesel,22.3
5736,2010,250000,190000,Diesel,16.2
5737,2011,385000,120000,Diesel,14.0
5738,2012,135000,70000,Petrol,19.7
5739,2006,65000,100000,Petrol,19.7
5740,2016,260000,120000,Petrol,23.95
5741,2014,465000,120000,Diesel,23.4
5742,2007,150000,80000,Petrol,19.3
5743,2017,430000,20000,Petrol,18.15
5744,2009,200000,81000,Petrol,17.0
5745,2011,125000,90000,Petrol,18.6
5747,2012,124000,40000,Petrol,18.6
5748,2007,80000,80000,Petrol,15.3
5749,2014,545000,35000,CNG,22.8
5750,2019,1050000,20000,Diesel,25.47
5751,2015,200000,50000,Petrol,18.2
5752,2015,1100000,77000,Diesel,16.0
5753,2014,750000,50000,Diesel,15.1
5754,2016,425000,13500,Petrol,23.84
5755,2016,300000,38000,Petrol,24.7
5756,2019,1200000,14000,Diesel,25.47
5757,2009,240000,70000,Petrol,13.5
5758,2016,450000,55000,Diesel,25.32
5759,2006,80000,150000,Petrol,18.9
5760,2013,500000,160000,Diesel,15.96
5761,2013,295000,50000,Diesel,22.1
5762,2008,100000,120000,Diesel,19.09
5763,2013,700000,76460,Diesel,22.32
5764,2011,180000,125000,Diesel,20.0
5765,2012,225000,110000,Diesel,20.8
5766,2017,310000,25000,Petrol,21.1
5767,2015,625000,30000,Diesel,26.0
5768,2013,275000,70000,LPG,19.2
5769,2013,245000,110000,Petrol,19.81
5771,2014,250000,80000,Petrol,21.1
5772,2014,450000,76000,Diesel,25.8
5773,2007,85000,150000,Diesel,17.2
5775,2016,550000,40000,Petrol,18.6
5776,2015,551000,110000,Diesel,22.77
5777,2019,500000,60000,Petrol,20.14
5778,2018,585000,15000,Petrol,17.8
5779,2013,172000,120000,Petrol,16.36
5780,2012,360000,100000,Diesel,22.32
5781,2017,350000,24000,Diesel,27.28
5782,2018,700000,53000,Diesel,23.0
5783,2011,148000,40000,Petrol,19.7
5784,2016,330000,47370,CNG,21.94
5785,2007,110000,120000,Diesel,18.7
5786,2015,450000,100000,Diesel,25.2
5787,2009,260000,80000,Diesel,11.5
5788,2011,200000,91000,Petrol,20.36
5790,2013,550000,80000,Diesel,12.05
5791,2013,245000,80000,Diesel,23.2
5792,2016,320000,80000,CNG,21.94
5793,2008,120000,110000,CNG,13.2
5794,2013,615000,120000,Diesel,22.7
5795,2013,600000,90000,Diesel,17.2
5796,2010,300000,120000,Petrol,14.3
5797,2016,400000,45217,Diesel,25.83
5798,2017,1000000,60000,Diesel,17.01
5799,2012,525000,70000,Petrol,13.44
5800,2013,300000,133000,Diesel,20.3
5801,2011,220000,117000,Diesel,20.3
5802,2015,850000,173000,Diesel,16.0
5803,2011,500000,35000,Petrol,17.0
5804,2003,59000,70000,Petrol,13.2
5805,2011,130000,60000,Petrol,19.7
5806,2016,375000,120000,Petrol,16.2
5807,2009,180000,163000,Diesel,19.3
5809,2013,625000,100000,Diesel,12.99
5810,2013,295000,120000,Diesel,23.2
5811,2011,350000,160000,Diesel,19.3
5812,2010,235000,90000,Diesel,14.0
5814,2017,509999,20000,Petrol,22.0
5816,2016,370000,30000,Petrol,18.9
5817,2009,180000,50000,Petrol,19.3
5819,2015,350000,20000,Petrol,19.81
5820,2018,395000,20000,Petrol,23.01
5821,2015,850000,100000,Diesel,12.99
5822,2015,1150000,40000,Diesel,12.99
5824,2012,280000,120000,Diesel,20.54
5825,2018,775000,50000,Diesel,18.49
5826,2012,420000,100000,Diesel,22.32
5827,2010,310000,91000,Petrol,17.0
5829,2015,375000,67000,Diesel,20.4
5830,2015,500000,40000,Petrol,18.9
5831,2013,300000,100000,Diesel,23.2
5832,2008,155000,120000,Petrol,17.7
5833,2013,350000,185000,Diesel,23.4
5834,2016,950000,75000,Diesel,16.0
5835,2015,350000,80000,Diesel,24.0
5837,2020,537000,5000,Petrol,17.0
5838,2019,585000,10000,Petrol,18.78
5839,2002,56000,60000,Petrol,19.3
5840,2012,350000,140000,Diesel,20.77
5841,2019,700000,19000,Petrol,18.6
5842,2017,849000,44600,Diesel,24.52
5844,2014,484999,28800,Petrol,18.6
5845,2018,360000,21900,Petrol,20.71
5847,2014,550000,110000,Diesel,26.0
5848,2016,700000,100000,Diesel,22.54
5849,2019,825000,7673,Diesel,28.4
5850,2008,114999,100000,Petrol,18.9
5851,2009,150000,75000,Petrol,15.0
5852,2018,851000,50000,Diesel,28.4
5853,2014,550000,40000,Petrol,17.43
5854,2016,890000,40000,Diesel,24.52
5855,2012,265000,100000,Petrol,18.5
5856,2014,900000,110000,Diesel,15.4
5857,2013,210000,96272,Diesel,25.44
5859,2011,750000,168000,Diesel,12.8
5860,2019,675000,7000,Petrol,19.4
5861,2017,715000,60000,Diesel,21.19
5862,2013,227999,60000,Diesel,25.0
5863,2015,400000,22500,Petrol,20.51
5864,2020,925000,7400,Diesel,24.3
5865,2011,275000,70000,Petrol,17.5
5866,2009,175000,67000,Petrol,18.9
5867,2009,155000,110000,Diesel,17.7
5868,2012,325000,175000,Diesel,21.5
5869,2014,700000,120000,Diesel,12.05
5870,2008,50000,120000,Diesel,17.5
5872,2014,645000,150360,Diesel,22.32
5873,2017,597000,15000,Diesel,24.7
5874,2018,400000,30000,Petrol,24.04
5875,2009,300000,150000,Diesel,17.8
5876,2015,573000,100000,Diesel,25.2
5877,2011,180000,70000,Petrol,20.92
5878,2011,70000,40000,Petrol,26.0
5879,2008,500000,154000,Diesel,12.8
5880,2004,110000,110000,Petrol,14.4
5881,2013,450000,120000,Diesel,20.77
5882,2013,310000,145000,Diesel,15.3
5883,2017,400000,30000,Diesel,25.32
5884,2014,390000,90000,Diesel,22.9
5885,2011,122000,110000,Petrol,19.7
5886,2016,741000,70000,Diesel,15.4
5887,2012,330000,40000,Diesel,23.0
5888,2010,300000,166000,Diesel,12.05
5889,2011,215000,100000,Petrol,20.36
5890,2009,150000,75000,Petrol,18.9
5891,2013,250000,42130,Petrol,21.1
5892,2010,180000,53000,Petrol,21.1
5893,2006,150000,106000,Petrol,17.3
5894,2005,275000,96000,Petrol,13.4
5895,2019,556000,10000,Petrol,21.01
5896,2016,550000,37000,Petrol,20.85
5898,2017,549000,35000,Petrol,17.71
5899,2016,630000,50000,Petrol,18.6
5901,2011,320000,85000,Petrol,19.3
5902,2017,1125000,47000,Diesel,19.67
5903,2017,680000,71000,Diesel,27.39
5904,2017,1050000,50000,Diesel,25.6
5905,2015,450000,57000,Diesel,23.0
5906,2010,210000,43000,Petrol,18.9
5907,2014,470000,60000,Diesel,23.4
5908,2014,470000,60000,Petrol,19.1
5909,2015,550000,40000,Diesel,22.54
5910,2011,204999,60000,Petrol,19.0
5911,2015,950000,30000,Petrol,18.0
5912,2015,550000,160000,Diesel,22.54
5913,2007,270000,147500,Diesel,12.8
5914,2013,280000,90000,Diesel,22.07
5915,2015,630000,70000,Diesel,28.09
5916,2007,220000,70000,Petrol,17.7
5917,2014,320000,120000,Diesel,14.95
5918,2013,225000,75000,Petrol,21.1
5919,2010,380000,85000,Petrol,17.0
5920,2012,380000,70000,Diesel,19.3
5921,2017,600000,29000,Diesel,22.0
5922,2014,620000,40000,Diesel,13.1
5923,2012,500000,90000,Diesel,19.08
5924,2015,700000,40000,Diesel,18.49
5925,2015,550000,138000,Diesel,22.77
5926,2016,600000,70000,Diesel,25.2
5927,2019,550000,30000,Petrol,19.44
5928,2013,475000,125000,Diesel,22.32
5929,2015,615000,120000,Diesel,26.0
5930,2013,385000,180000,Diesel,23.4
5931,2015,500000,20000,Petrol,17.57
5932,2012,450000,80000,Diesel,19.87
5933,2014,969999,110000,Diesel,12.99
5934,2013,580000,80000,Diesel,22.32
5935,2017,550000,40000,Diesel,23.59
5936,2018,780000,30000,Petrol,17.5
5937,2014,500000,80000,Diesel,25.01
5938,2011,270000,140000,Diesel,20.0
5939,2017,335000,25000,Petrol,23.95
5940,2017,755000,20000,Diesel,28.4
5941,2016,651000,42323,Diesel,21.19
5942,2011,1075000,42545,Diesel,19.62
5943,2016,690000,32000,Diesel,25.1
5944,2017,589000,41232,Diesel,26.59
5945,2015,445000,40200,Diesel,21.0
5946,2013,475000,48000,Diesel,21.7
5947,2014,465000,27233,Diesel,27.4
5948,2011,225000,35000,Petrol,15.0
5950,2016,445000,63000,Diesel,15.3
5951,2015,445000,62000,Diesel,21.0
5952,2012,450000,68240,Diesel,13.93
5953,2008,450000,78000,Diesel,15.4
5954,2017,525000,38000,Diesel,19.3
5955,2010,200000,35000,Petrol,18.9
5956,2018,611000,9000,Petrol,19.1
5957,2016,819999,39000,Diesel,19.67
5958,2016,825000,39000,Diesel,21.38
5959,2015,599000,92651,Diesel,21.7
5960,2018,490000,28000,Petrol,16.1
5961,2017,340000,30000,Petrol,21.1
5962,2009,1000000,80000,Petrol,10.93
5963,2018,1237000,46000,Diesel,19.67
5964,2013,350000,70000,Diesel,22.07
5966,2018,695000,40000,Petrol,22.0
5967,2015,270000,40000,Petrol,22.74
5968,2016,790000,120000,Diesel,24.52
5969,2016,590000,120000,Diesel,25.2
5970,2017,635000,120000,Petrol,21.21
5971,2015,540000,110000,Diesel,15.96
5972,2012,265000,67000,Diesel,23.08
5973,2014,600000,50000,Diesel,23.4
5974,2012,409999,100000,Diesel,22.32
5975,2015,525000,80000,Diesel,23.59
5976,2011,150000,50000,Diesel,18.5
5977,2007,55000,70000,Petrol,15.9
5978,2011,130000,70000,Petrol,14.0
5979,2017,925000,50000,Diesel,24.3
5980,2017,690000,65000,Diesel,21.04
5982,2018,950000,7500,Diesel,28.09
5983,2017,695000,65000,Diesel,21.04
5984,2013,450000,35000,Petrol,18.6
5986,2009,229999,71000,Petrol,16.1
5987,2017,300000,30000,Petrol,23.95
5988,2012,200000,50000,Petrol,19.7
5989,2008,725000,80000,Diesel,14.84
5990,2011,235000,90000,Petrol,18.06
5991,2017,666000,13000,Petrol,18.6
5993,2004,85000,80000,Petrol,19.3
5994,2018,834000,30000,Diesel,25.5
5995,2012,430000,120000,Diesel,15.96
5996,2010,360000,120000,Diesel,17.8
5997,2014,240000,70000,Petrol,21.1
5999,2010,135000,148000,Diesel,19.09
6000,2017,700000,54188,Diesel,18.49
6001,2017,750000,60000,Diesel,18.49
6002,2012,425000,90000,Diesel,20.5
6003,2011,150000,100000,Petrol,18.6
6004,2014,215000,40000,Petrol,21.1
6005,2014,225000,35000,Petrol,20.63
6006,2017,330000,20000,Petrol,23.01
6007,2007,54000,144000,LPG,10.9
6008,2014,374000,54043,Petrol,18.9
6009,2012,549000,66657,Diesel,22.32
6010,2016,390000,42000,Diesel,19.09
6011,2013,455999,35582,Petrol,18.5
6012,2013,453000,54327,Petrol,17.2
6013,2016,579000,7949,Petrol,17.0
6014,2010,258000,59734,Petrol,16.95
6015,2012,428000,49185,Petrol,16.8
6016,2011,262000,56389,Petrol,20.36
6017,2013,389000,58245,Petrol,16.47
6018,2015,346000,36422,Petrol,18.44
6019,2011,339000,42535,Petrol,16.7
6020,2011,272000,40736,Petrol,16.95
6021,2012,369000,56246,Petrol,18.6
6022,2011,277000,55403,Petrol,18.6
6023,2018,535000,30000,Petrol,20.3
6024,2015,265000,67000,Petrol,23.95
6025,2013,400000,70000,Petrol,17.01
6026,2014,459999,90000,Diesel,24.0
6027,2019,667000,7500,Petrol,18.6
6028,2011,300000,80000,Diesel,11.57
6029,2012,229999,186000,Diesel,23.57
6030,2016,200000,110000,Diesel,25.0
6031,2005,150000,120000,Diesel,17.8
6032,2012,280000,105358,Diesel,17.8
6033,2014,590000,70000,Petrol,18.6
6034,2010,142000,49200,Petrol,19.81
6035,2017,850000,40000,Petrol,17.4
6036,2014,600000,40000,Diesel,24.2
6037,2017,700000,40000,Diesel,18.49
6038,2013,200000,70000,Petrol,18.6
6039,2016,900000,110000,Diesel,19.67
6040,2014,220000,100000,Petrol,23.95
6041,2018,650000,10000,Petrol,18.9
6045,2014,800000,136000,Diesel,15.1
6047,2010,250000,110000,Diesel,17.8
6048,2012,550000,86000,Diesel,19.01
6049,2009,125000,141000,Petrol,19.7
6050,2011,450000,80000,Petrol,17.0
6051,2015,850000,140000,Diesel,16.0
6052,2014,459999,65000,Diesel,23.4
6053,2014,434999,110000,Diesel,23.4
6054,2008,120000,100000,Diesel,17.0
6055,2015,600000,80000,Diesel,25.2
6056,2008,135000,90000,Petrol,18.9
6057,2016,550000,44000,Petrol,18.16
6058,2014,385000,25000,Petrol,23.1
6059,2016,800000,25000,Petrol,15.29
6060,2016,780000,35000,Diesel,22.54
6061,2008,100000,195000,Petrol,19.7
6062,2017,650000,60000,Diesel,22.54
6063,2004,50000,50000,Petrol,16.1
6064,2012,425000,100000,Diesel,22.32
6065,2015,500000,70000,Diesel,20.4
6066,2017,590000,30000,Diesel,25.2
6067,2016,459999,27000,Petrol,23.1
6068,2020,578000,5000,Petrol,21.21
6069,2012,550000,110000,Diesel,20.77
6070,2013,465000,80000,Petrol,16.8
6071,2018,890000,80000,Diesel,16.5
6072,2014,250000,110000,Diesel,20.8
6073,2018,420000,35000,Petrol,20.51
6074,2017,550000,20000,Petrol,21.21
6075,2018,270000,20000,Petrol,24.7
6076,2018,700000,7800,Petrol,22.0
6077,2017,500000,20000,Petrol,20.4
6078,2019,1250000,15000,Diesel,17.6
6079,2013,320000,31377,Petrol,18.5
6080,2018,700000,50000,Diesel,28.4
6081,2015,290000,60000,Petrol,20.51
6082,2012,550000,100000,Petrol,14.53
6083,2012,265000,60000,Petrol,19.4
6084,2018,830000,5000,Petrol,21.4
6085,2017,800000,60000,Diesel,14.1
6086,2011,160000,25000,Petrol,19.7
6087,2018,335000,30000,Petrol,25.17
6088,2017,329000,80000,Petrol,20.63
6089,2017,775000,75000,Diesel,24.3
6090,2020,524000,32000,Petrol,20.14
6091,2015,245000,40000,Petrol,22.74
6092,2012,275000,93000,Petrol,17.0
6093,2015,610000,50000,Diesel,21.19
6094,2015,615000,60000,Diesel,26.59
6095,2014,684000,60000,Diesel,20.77
6096,2014,680000,64000,Diesel,20.77
6097,2014,500000,120000,Diesel,20.45
6098,2014,520000,120000,Diesel,20.45
6099,2012,390000,140000,Diesel,19.3
6100,2012,434999,135000,Diesel,19.3
6101,2010,350000,166000,Diesel,19.3
6102,2018,675000,60000,Diesel,24.4
6105,2019,675000,5000,Petrol,21.21
6106,2016,725000,30000,Diesel,21.7
6107,2019,1200000,15000,Diesel,20.0
6108,2018,650000,40000,Diesel,20.14
6109,2019,1090000,16500,Petrol,17.0
6110,2017,1100000,67000,Diesel,17.01
6111,2017,670000,48000,Diesel,22.54
6112,2018,780000,35000,Diesel,22.54
6113,2017,720000,60000,Diesel,28.09
6114,2018,610000,52000,Petrol,22.0
6115,2017,600000,29000,Diesel,22.0
6116,2016,535000,50000,Diesel,19.87
6117,2009,142000,110000,Petrol,20.36
6118,2017,515000,23000,Petrol,21.4
6119,2016,335000,40000,Petrol,20.63
6120,2017,957000,60000,Diesel,21.38
6121,2017,605000,127000,Diesel,28.4
6122,2013,316000,140000,Diesel,21.02
6123,2019,675000,5000,Petrol,20.0
6124,2015,520000,70000,Diesel,26.59
6125,2011,265000,60000,Diesel,19.3
6126,2016,395000,40000,Petrol,16.2
6127,2016,385000,40000,Petrol,16.2
6128,2009,142000,70000,Petrol,18.9
6129,2009,160000,35000,Petrol,19.81
6130,2012,180000,50000,Diesel,19.09
6131,2013,480000,42462,Petrol,16.8
6132,2015,470000,54723,Diesel,25.2
6133,2018,480000,20375,Petrol,20.89
6134,2013,450000,43978,Diesel,28.4
6135,2017,520000,28832,Diesel,23.4
6136,2019,700000,3177,Petrol,18.5
6137,2015,400000,39414,Petrol,18.9
6138,2012,200000,30078,Petrol,15.3
6139,2012,250000,44588,Petrol,21.1
6140,2015,400000,49907,Petrol,21.63
6141,2013,371000,67082,Petrol,21.21
6142,2016,450000,40000,Petrol,18.9
6143,2016,570000,112879,Diesel,23.0
6144,2013,300000,80000,Petrol,19.4
6145,2017,620000,25000,Petrol,18.6
6146,2018,949000,10200,Petrol,17.4
6147,2018,750000,60000,Diesel,16.5
6148,2017,350000,20000,Petrol,23.1
6149,2017,1250000,60000,Diesel,16.0
6150,2016,270000,30000,Petrol,23.01
6151,2013,235000,40000,Petrol,21.1
6152,2016,500000,60000,Petrol,20.4
6153,2012,220000,111000,Petrol,19.7
6154,2014,380000,70000,Diesel,23.4
6155,2010,160000,100000,Petrol,20.92
6156,2010,160000,100000,Petrol,20.92
6157,2017,339000,25000,Petrol,20.3
6158,2011,229999,100000,Petrol,15.3
6159,2016,400000,35000,Diesel,25.32
6160,2018,470000,25000,Diesel,25.4
6161,2003,45000,58000,Petrol,16.1
6162,2019,575000,20000,Petrol,19.4
6163,2019,325000,1300,Petrol,22.5
6165,2014,350000,15000,Petrol,20.51
6169,2015,503000,110000,Diesel,14.1
6172,2013,225000,58343,Petrol,21.79
6173,2018,740000,38817,Diesel,27.39
6174,2016,550000,56494,Petrol,18.2
6175,2013,750000,79328,Diesel,12.99
6176,2019,650000,5621,Petrol,22.0
6177,2017,625000,25538,Petrol,16.78
6178,2018,600000,69779,Petrol,22.0
6179,2017,450000,56290,Diesel,24.0
6182,2019,779000,7032,Petrol,19.0
6183,2016,645000,11000,Petrol,14.3
6185,2016,300000,25000,Petrol,25.17
6186,2014,540000,150000,Diesel,19.01
6187,2018,580000,10000,Petrol,23.1
6188,2015,1000000,70000,Diesel,19.67
6189,2017,459999,80000,Diesel,22.95
6190,2015,635000,50000,Diesel,25.2
6191,2014,650000,83000,Diesel,22.32
6192,2013,525000,116000,Diesel,23.4
6193,2015,350000,60000,Petrol,15.8
6194,2008,320000,175802,Diesel,19.3
6195,2006,450000,192000,Diesel,12.8
6196,2011,227000,73840,Petrol,15.04
6197,2011,325000,162000,Diesel,13.6
6198,2018,275000,20000,Petrol,23.0
6199,2013,300000,75000,Petrol,18.9
6201,2015,550000,120000,Diesel,20.34
6202,2016,550000,20000,Petrol,20.4
6203,2017,900000,40000,Diesel,21.66
6204,2010,165000,20000,Petrol,19.7
6205,2014,210000,70000,Petrol,21.1
6206,2016,650000,30000,Diesel,19.64
6207,2014,680000,120000,Diesel,15.1
6208,2019,390000,25000,Petrol,23.01
6209,2016,260000,80000,Petrol,25.17
6210,2013,450000,67000,Petrol,19.1
6211,2008,130000,120000,Petrol,19.81
6212,2019,890000,9000,Diesel,24.3
6214,2010,225000,80000,Petrol,14.0
6216,2010,210000,120000,Diesel,21.12
6218,2014,750000,80000,Diesel,25.1
6219,2011,350000,120000,Diesel,12.2
6221,2017,270000,26442,Petrol,20.3
6222,2017,700000,35000,Petrol,17.5
6223,2010,130000,28000,Petrol,19.7
6224,2015,650000,80000,Diesel,20.77
6225,2005,55000,39000,Petrol,19.7
6226,2017,475000,20000,Petrol,20.51
6227,2013,325000,50000,Diesel,21.64
6228,2017,615000,40000,Petrol,19.0
6229,2015,390000,15000,Petrol,18.9
6230,2019,650000,15000,Petrol,22.0
6231,2015,440000,30000,Petrol,20.4
6232,2014,600000,70000,Diesel,26.0
6233,2012,170000,80000,Petrol,16.2
6234,2013,499000,80000,Diesel,15.96
6235,2012,525000,120000,Diesel,22.54
6236,2015,580000,90000,Diesel,20.45
6237,2016,420000,110000,Diesel,18.2
6238,2015,1300000,120000,Diesel,12.99
6239,2016,800000,80000,Diesel,23.9
6240,2020,600000,5000,Petrol,21.21
6241,2017,400000,50000,Petrol,18.5
6242,2017,700000,65000,Diesel,26.59
6243,2017,800000,35000,Diesel,27.39
6244,2015,600000,90000,Diesel,27.3
6245,2016,580000,100000,Diesel,25.2
6246,2016,350000,15000,Petrol,25.17
6247,2011,204999,147000,Diesel,20.0
6249,2009,310000,120000,Diesel,23.0
6251,2016,459999,69000,Diesel,25.83
6252,2017,860000,80000,Diesel,28.09
6253,2012,275000,97000,LPG,19.0
6254,2016,390000,15000,Petrol,25.17
6256,2005,110000,50800,Petrol,19.7
6257,2017,484999,10000,Petrol,23.1
6259,2012,185000,60000,Petrol,19.7
6260,2018,665000,40142,Diesel,24.4
6261,2019,721000,9400,Petrol,18.6
6262,2016,390000,62000,Diesel,25.32
6263,2011,190000,90000,Diesel,18.8
6264,2019,975000,12584,Diesel,16.55
6265,2016,275000,49000,Petrol,19.02
6266,2016,315000,32000,Petrol,24.7
6267,2019,685000,4300,Petrol,18.6
6268,2019,595000,14548,Petrol,21.21
6269,2018,900000,44772,Diesel,23.0
6270,2018,950000,48500,Diesel,25.47
6271,2016,275000,38000,Petrol,24.7
6272,2017,570000,28782,Petrol,18.6
6273,2018,700000,28451,Petrol,18.6
6274,2018,910000,36500,Diesel,24.3
6275,2018,751000,44885,Diesel,26.59
6276,2014,225000,35000,Petrol,21.1
6277,2009,135000,110000,Diesel,17.0
6278,2017,825000,79000,Diesel,25.47
6280,2018,875000,50000,Diesel,24.3
6281,2016,650000,81000,Diesel,28.09
6283,2017,975000,41000,Diesel,20.5
6284,2019,925000,50000,Diesel,24.52
6285,2016,725000,66000,Diesel,20.77
6286,2013,550000,65000,Diesel,20.77
6287,2014,550000,76000,Diesel,22.54
6288,2013,750000,95000,Diesel,12.8
6289,2013,475000,55000,Petrol,17.0
6290,2017,325000,65000,Petrol,19.02
6291,2017,725000,76000,Diesel,25.47
6292,2018,775000,47000,Petrol,16.02
6293,2017,625000,70000,Diesel,23.4
6294,2009,195000,56000,Petrol,19.3
6295,2014,470000,89000,Diesel,22.9
6298,2018,1050000,70000,Diesel,21.38
6299,2013,380000,57000,Diesel,22.9
6300,2017,650000,70000,Diesel,26.59
6301,2016,275000,49200,Petrol,21.1
6302,2009,220000,125000,Petrol,13.5
6303,2008,200000,60000,Petrol,19.81
6304,2015,315000,120000,Petrol,15.37
6305,2004,90000,110000,Petrol,19.7
6306,2007,120000,70000,Petrol,18.9
6307,2006,90000,168000,Petrol,18.9
6309,2015,370000,60000,Diesel,24.0
6310,2016,595000,131111,Diesel,25.2
6311,2007,150000,120000,Diesel,19.2
6312,2012,400000,58400,Diesel,19.3
6313,2016,310000,23400,Petrol,23.95
6314,2018,385000,50000,Petrol,23.1
6315,2005,105000,158107,Petrol,19.3
6316,2014,750000,90000,Diesel,15.1
6317,2019,521000,3010,Petrol,20.3
6318,2010,180000,80000,Diesel,21.12
6319,2011,220000,155000,Diesel,17.8
6321,2018,540000,4000,Petrol,18.9
6322,2007,140000,35000,Petrol,19.7
6323,2003,200000,121000,Petrol,17.3
6324,2015,650000,110000,Diesel,22.77
6325,2010,229999,170000,Diesel,17.8
6326,2010,305000,175000,Diesel,17.8
6328,2008,200000,163000,Diesel,17.8
6329,2008,200000,163000,Diesel,17.8
6330,2010,465000,77088,Diesel,14.0
6331,2011,210000,110000,Diesel,23.08
6332,2016,570000,136511,Diesel,15.96
6333,2015,570000,80000,Petrol,16.02
6334,2015,650000,60000,Petrol,16.02
6335,2016,620000,36000,Petrol,20.85
6336,2012,250000,65000,Petrol,18.9
6337,2011,1000000,50000,Diesel,17.05
6338,2012,300000,60000,LPG,26.2
6339,2013,300000,82500,Diesel,20.3
6340,2018,810000,30000,Diesel,23.0
6341,2011,270000,100000,Diesel,18.3
6342,2015,470000,70000,Diesel,26.59
6343,2017,400000,85000,Diesel,20.65
6344,2014,300000,60000,Petrol,20.51
6345,2015,170000,20000,Petrol,22.74
6346,2014,455999,80000,Diesel,19.01
6347,2009,121000,100000,Diesel,13.0
6348,2002,35000,75000,Petrol,19.3
6349,2005,85000,100000,Petrol,19.3
6350,2016,650000,80000,Diesel,24.3
6351,2017,350000,35000,Petrol,17.57
6352,2013,125000,139000,Diesel,25.44
6353,2005,80000,90000,Petrol,19.7
6354,2009,120000,120000,Petrol,19.3
6355,2008,250000,100000,Petrol,17.7
6356,2011,225000,90000,Diesel,20.54
6357,2007,215000,105000,Diesel,13.6
6358,2017,450000,40000,Diesel,25.4
6359,2017,509999,90000,Petrol,20.14
6360,2015,245000,36710,Petrol,22.74
6361,2018,400000,50000,Diesel,23.5
6362,2016,620000,28180,Diesel,23.65
6363,2017,650000,44000,Diesel,23.65
6365,2019,590000,4000,Petrol,19.72
6366,2014,370000,30000,Diesel,23.2
6367,2013,350000,15000,Petrol,18.6
6368,2017,580000,20000,Petrol,21.4
6369,2018,450000,56000,Petrol,18.9
6370,2017,600000,19000,Petrol,17.19
6372,2017,450000,70000,Petrol,18.6
6373,2009,150000,30000,Diesel,19.09
6374,2019,400000,15000,Petrol,15.37
6375,2013,185000,85000,Petrol,22.74
6376,2018,625000,50000,Petrol,22.0
6377,2019,700000,20000,Petrol,17.19
6378,2017,390000,25000,Petrol,20.51
6379,2018,625000,25000,Petrol,17.0
6380,2014,400000,50000,Petrol,19.1
6381,2011,380000,150000,Diesel,23.0
6382,2009,400000,90000,Petrol,14.53
6383,2019,620000,100000,Petrol,17.57
6384,2008,190000,180000,Diesel,17.8
6385,2013,210000,50000,Petrol,22.74
6386,2012,270000,80000,Diesel,23.2
6388,2014,220000,93000,Petrol,21.1
6389,2014,550000,11500,Diesel,15.96
6390,2013,370000,120000,Petrol,18.5
6391,2006,95000,100000,Petrol,19.3
6392,2015,650000,50000,Diesel,14.95
6393,2012,550000,120000,Petrol,16.8
6394,2010,225000,100000,Diesel,17.8
6395,2004,40000,57000,Petrol,16.1
6396,2016,280000,60000,Petrol,21.1
6397,2017,570000,44077,Petrol,17.01
6398,2017,290000,90000,Petrol,24.7
6399,2018,720000,50000,Diesel,21.19
6400,2017,800000,60000,Diesel,22.77
6401,2012,265000,20000,Petrol,19.81
6402,2010,135000,90000,Petrol,19.7
6403,2016,350000,70000,Diesel,25.83
6404,2008,200000,80000,Petrol,19.3
6405,2016,490000,80000,Diesel,18.2
6406,2012,450000,72000,Diesel,22.32
6407,2016,950000,50000,Diesel,15.4
6408,2012,355000,90000,Petrol,17.5
6409,2019,700000,17000,Petrol,18.6
6410,2012,459999,70000,Diesel,12.05
6411,2012,350000,74000,Diesel,22.07
6412,2006,85000,60000,Petrol,19.7
6413,2016,290000,15000,Petrol,22.74
6414,2019,1000000,72000,Diesel,25.5
6415,2008,85000,25000,Petrol,16.84
6416,2003,65000,114000,Petrol,19.7
6417,2005,75000,120000,Petrol,13.0
6419,2009,170000,55768,Diesel,17.0
6420,2017,525000,40000,Petrol,18.9
6421,2020,265000,70000,Petrol,21.79
6422,2018,459999,50000,Petrol,20.3
6423,2017,250000,20000,Petrol,23.95
6424,2013,395000,70000,Diesel,23.4
6425,2014,375000,60000,Petrol,18.9
6426,2009,120000,120000,Diesel,17.0
6427,2011,290000,110000,Diesel,21.1
6428,2017,409999,60000,Petrol,23.84
6429,2009,200000,30000,Petrol,16.5
6430,2018,900000,35000,Diesel,21.13
6431,2003,50000,50000,Petrol,16.1
6432,2012,450000,100000,Diesel,19.01
6433,2012,650000,80000,Diesel,15.1
6434,2014,300000,84000,Diesel,20.14
6435,2014,425000,60000,Diesel,25.01
6437,2011,200000,60000,Petrol,20.36
6438,2015,975000,100000,Diesel,16.0
6439,2013,450000,70000,Diesel,15.96
6440,2014,600000,82500,Diesel,15.96
6441,2014,550000,76000,Diesel,15.96
6442,2011,180000,87000,Diesel,18.0
6443,2010,300000,120000,Diesel,14.0
6444,2016,350000,70000,Petrol,17.57
6445,2014,465000,90000,Diesel,23.4
6446,2010,200000,188000,Diesel,21.12
6447,2014,350000,120000,Diesel,18.2
6448,2015,650000,80000,Petrol,17.4
6449,2010,150000,123278,Petrol,20.36
6450,2014,560000,100000,Diesel,26.0
6451,2015,625000,90000,Diesel,21.19
6452,2012,220000,110000,Diesel,20.0
6453,2013,250000,110000,Diesel,20.0
6454,2018,575000,70000,Diesel,20.65
6455,2015,1050000,65000,Diesel,15.1
6457,2012,200000,90000,Diesel,11.57
6458,2016,262000,50000,Petrol,22.74
6459,2018,299000,33000,Petrol,21.1
6460,2015,250000,26500,Petrol,22.74
6461,2011,140000,60000,Petrol,17.92
6462,2013,360000,70000,Diesel,23.4
6463,2015,210000,80000,Petrol,20.63
6464,2017,600000,60000,Diesel,22.54
6465,2011,210000,100000,Diesel,19.5
6466,2011,300000,80000,Diesel,20.54
6467,2016,450000,35000,Petrol,18.9
6469,2019,550000,10000,Petrol,18.9
6470,2011,100000,80000,Diesel,18.0
6471,2012,185000,50000,Petrol,21.1
6472,2006,80000,90000,Petrol,17.3
6473,2017,295000,80000,Petrol,24.7
6474,2017,360000,25000,Petrol,23.01
6475,2014,210000,70000,Petrol,20.92
6476,2019,585000,80000,Petrol,17.4
6477,2016,560000,50000,Diesel,20.14
6478,2015,600000,70000,Diesel,26.0
6479,2017,330000,60000,Petrol,20.63
6480,2019,990000,15000,Petrol,17.0
6481,2012,300000,90000,Diesel,23.59
6482,2018,650000,28000,Petrol,17.0
6483,2019,695000,20000,Petrol,17.4
6484,2014,300000,60000,Diesel,24.0
6485,2015,270000,22000,Petrol,22.74
6486,2010,185000,70000,Diesel,11.57
6487,2013,200000,80000,Diesel,22.1
6488,2019,459999,35000,CNG,26.6
6489,2018,860000,60000,Diesel,21.5
6490,2018,400000,20000,Petrol,23.84
6491,2013,240000,142000,Diesel,23.2
6492,2015,570000,72000,Diesel,26.59
6493,2018,850000,90000,Diesel,23.0
6494,2011,155000,80000,Diesel,20.0
6495,2011,270000,125000,Diesel,23.0
6496,2015,610000,33000,Petrol,20.73
6497,2015,1000000,50000,Diesel,19.67
6498,2012,450000,120000,Diesel,12.05
6499,2018,500000,35000,Diesel,25.4
6500,2018,700000,43000,Diesel,27.4
6501,2007,135000,60000,Petrol,19.7
6502,2012,430000,148000,Diesel,12.05
6503,2014,625000,70000,Diesel,22.32
6504,2011,280000,96000,Petrol,16.95
6505,2015,800000,70000,Diesel,15.4
6506,2012,220000,70000,Diesel,23.2
6507,2017,620000,18484,Petrol,20.89
6508,2011,300000,70000,Diesel,13.93
6509,2010,180000,25000,Petrol,19.7
6510,2013,250000,120000,Diesel,22.07
6511,2017,480000,55000,Petrol,20.85
6512,2019,885000,10000,Petrol,17.0
6513,2020,550000,60000,Diesel,25.32
6514,2018,800000,30000,Diesel,28.4
6515,2013,180000,65000,Petrol,17.92
6516,2010,200000,27000,Petrol,19.3
6517,2012,380000,50000,Diesel,21.9
6518,2019,520000,2560,Petrol,24.0
6519,2004,90000,60000,Petrol,19.7
6520,2016,330000,80000,Petrol,20.51
6522,2015,370000,120000,Diesel,18.2
6523,2009,290000,120000,Petrol,16.8
6524,2013,215000,47000,Petrol,21.1
6525,2017,1282000,45000,Diesel,17.6
6526,2012,610000,90000,Diesel,12.8
6527,2013,380000,110000,Diesel,21.27
6528,2017,1250000,95000,Diesel,15.4
6529,2012,400000,103655,Diesel,22.32
6530,2018,700000,25000,Petrol,17.4
6531,2014,650000,80000,Diesel,19.01
6532,2014,95000,50000,Petrol,25.4
6533,2015,1147000,56975,Diesel,16.0
6535,2008,120000,80000,Petrol,19.7
6536,2003,130000,74770,CNG,19.3
6537,2010,180000,187000,Diesel,17.8
6538,2013,325000,69000,Diesel,18.6
6540,2018,950000,27000,Diesel,22.77
6541,2014,500000,132000,Diesel,22.7
6542,2017,725000,75000,Diesel,26.1
6543,2015,500000,18000,Petrol,18.5
6545,2016,650000,10000,Diesel,22.54
6546,2010,285000,80000,Diesel,17.8
6548,2012,200000,137000,Diesel,17.8
6549,2011,295000,65000,Diesel,20.54
6550,2007,160000,120000,Petrol,17.7
6551,2017,450000,10000,Petrol,23.1
6552,2016,385000,20000,Petrol,20.62
6553,2011,350000,93500,Diesel,18.6
6557,2015,503000,110000,Diesel,14.1
6560,2013,225000,58343,Petrol,21.79
6561,2018,740000,38817,Diesel,27.39
6562,2016,550000,56494,Petrol,18.2
6563,2013,750000,79328,Diesel,12.99
6564,2019,650000,5621,Petrol,22.0
6565,2017,625000,25538,Petrol,16.78
6566,2018,600000,69779,Petrol,22.0
6567,2017,450000,56290,Diesel,24.0
6570,2019,779000,7032,Petrol,19.0
6571,2016,645000,11000,Petrol,14.3
6576,2015,503000,110000,Diesel,14.1
6579,2013,225000,58343,Petrol,21.79
6580,2018,740000,38817,Diesel,27.39
6581,2016,550000,56494,Petrol,18.2
6582,2013,750000,79328,Diesel,12.99
6583,2019,650000,5621,Petrol,22.0
6584,2017,625000,25538,Petrol,16.78
6585,2018,600000,69779,Petrol,22.0
6586,2017,450000,56290,Diesel,24.0
6589,2019,779000,7032,Petrol,19.0
6590,2016,645000,11000,Petrol,14.3
6592,2019,558000,70000,Diesel,28.4
6593,2010,165000,56000,Petrol,17.92
6594,2012,300000,80000,Diesel,21.9
6595,2019,500000,5000,Petrol,20.3
6596,2012,900000,100000,Diesel,15.1
6597,2008,830000,60000,Diesel,11.0
6598,2008,890000,70000,Diesel,19.3
6599,2014,640000,65000,Diesel,21.14
6600,2015,900000,70000,Diesel,15.4
6601,2013,450000,60000,Diesel,18.2
6602,2018,825000,82000,Diesel,28.09
6603,2013,500000,80000,Diesel,13.7
6604,2017,325000,5000,Petrol,18.15
6605,2014,450000,133000,Diesel,19.01
6606,2017,675000,25000,Petrol,17.5
6607,2017,415000,15000,Petrol,17.57
6608,2017,1100000,40000,Diesel,21.38
6609,2016,500000,35000,Petrol,17.0
6610,2014,509999,70000,Diesel,15.96
6611,2007,200000,152000,Diesel,10.5
6612,2007,60000,100000,Petrol,16.1
6613,2013,500000,80000,Diesel,22.32
6614,2009,45000,100000,Diesel,17.2
6615,2017,270000,50000,Petrol,25.17
6616,2017,550000,40000,Petrol,17.19
6617,2016,235000,60000,Petrol,23.01
6618,2018,600000,40000,Petrol,18.6
6619,2015,525000,60000,Diesel,27.3
6620,2012,325000,90000,Diesel,22.9
6621,2014,420000,90000,Diesel,23.4
6622,2014,229999,60000,Petrol,20.92
6623,2013,375000,80000,Diesel,23.4
6624,2012,750000,120000,Diesel,12.05
6625,2018,400000,40000,Petrol,23.84
6626,2013,600000,91000,Diesel,15.1
6627,2008,110000,80000,Petrol,17.8
6628,2007,45000,73257,Petrol,16.1
6630,2020,500000,15000,Petrol,23.84
6631,2007,250000,110000,Diesel,18.1
6632,2018,950000,40000,Diesel,21.13
6634,2018,780000,30000,Diesel,28.4
6635,2018,575000,30000,Petrol,20.3
6636,2017,563000,30000,Petrol,18.6
6637,2017,450000,15000,Petrol,23.84
6640,2010,320000,135000,Diesel,23.0
6641,2008,375000,100000,Petrol,13.5
6642,2017,400000,120000,Petrol,15.37
6644,2016,315000,60000,Petrol,23.01
6645,2012,1100000,80000,Diesel,16.07
6646,2010,350000,190000,Diesel,19.3
6647,2016,375000,120000,Petrol,15.37
6649,2005,130000,90000,Diesel,19.3
6650,2015,350000,29000,Petrol,23.1
6651,2011,170000,120000,CNG,19.3
6652,2010,120000,120000,Petrol,18.9
6653,2015,819999,90000,Diesel,16.0
6654,2018,700000,30000,Petrol,18.6
6655,2018,451999,30000,Petrol,23.1
6656,2016,500000,56000,Petrol,18.9
6657,2015,1250000,90000,Diesel,12.99
6658,2015,500000,120000,Diesel,18.49
6659,2015,490000,60000,Diesel,25.2
6660,2008,200000,147000,Diesel,19.3
6661,2012,240000,35000,Petrol,18.9
6662,2018,655000,19500,Petrol,18.6
6663,2018,620000,38426,Petrol,17.19
6664,2015,450000,35000,Petrol,20.4
6665,2014,310000,35000,Petrol,20.51
6666,2007,150000,50000,Petrol,19.7
6667,2012,180000,120000,Diesel,25.44
6668,2011,150000,120000,Diesel,19.4
6669,2011,160000,112000,Diesel,20.0
6670,2013,600000,70000,Diesel,14.0
6671,2012,380000,145000,Diesel,20.5
6672,2007,120000,135000,Diesel,17.0
6674,2012,135000,146000,Diesel,19.61
6675,2018,610000,10000,Petrol,18.9
6676,2020,260000,50000,Diesel,20.14
6677,2017,500000,25000,Petrol,20.14
6678,2016,220000,20000,Petrol,23.01
6679,2006,121000,70000,Petrol,13.5
6680,2017,350000,50000,Diesel,25.0
6682,2011,280000,100000,Diesel,23.0
6683,2020,919999,20000,Petrol,17.0
6684,2011,320000,155000,Diesel,23.0
6685,2012,140000,70000,Diesel,20.0
6686,2012,310000,25000,Diesel,21.5
6687,2006,65000,120000,Petrol,16.1
6688,2013,300000,90000,Diesel,18.2
6692,2015,503000,110000,Diesel,14.1
6695,2013,225000,58343,Petrol,21.79
6696,2018,740000,38817,Diesel,27.39
6697,2016,550000,56494,Petrol,18.2
6698,2013,750000,79328,Diesel,12.99
6699,2019,650000,5621,Petrol,22.0
6700,2017,625000,25538,Petrol,16.78
6701,2018,600000,69779,Petrol,22.0
6702,2017,450000,56290,Diesel,24.0
6705,2019,779000,7032,Petrol,19.0
6706,2016,645000,11000,Petrol,14.3
6708,2011,575000,110000,Diesel,15.1
6709,2014,440000,110000,Diesel,13.49
6710,2012,380000,100000,Diesel,22.9
6711,2010,140000,116700,Petrol,15.0
6712,2015,475000,25000,Diesel,22.95
6714,2010,400000,176062,Diesel,17.8
6716,2003,68000,70000,Petrol,19.3
6717,2015,509999,82000,Diesel,25.8
6718,2010,275000,80000,Petrol,19.81
6719,2017,650000,40000,Diesel,18.2
6721,2014,650000,129000,Diesel,19.72
6722,2016,360000,60000,Diesel,20.5
6723,2018,650000,82000,Diesel,21.73
6725,2017,675000,50000,Diesel,18.2
6726,2006,50000,40000,Petrol,16.1
6727,2017,445000,39500,Petrol,20.52
6728,2018,750000,40000,Diesel,22.54
6729,2012,425000,56000,Diesel,22.9
6731,2017,850000,54000,Diesel,22.54
6732,2016,400000,20000,Petrol,20.51
6733,2014,200000,55896,Diesel,25.0
6734,2016,550000,35000,Diesel,25.8
6735,2012,250000,97000,Petrol,19.4
6736,2014,206000,120000,Petrol,22.74
6737,2014,290000,50000,Petrol,21.1
6738,2010,45000,30400,Petrol,26.0
6739,2019,1200000,15000,Diesel,20.0
6740,2012,220000,110000,Diesel,21.64
6741,2008,515000,120000,Diesel,14.84
6742,2010,170000,100000,Petrol,19.7
6743,2010,260000,120000,Diesel,17.8
6744,2012,315000,130000,Diesel,20.54
6745,2011,225000,76000,Petrol,20.92
6746,2012,420000,110000,Diesel,19.33
6747,2011,525000,96000,Diesel,12.05
6748,2018,670000,90000,Diesel,28.4
6749,2012,220000,110000,Diesel,21.64
6750,2013,250000,25000,Diesel,20.0
6751,2009,229999,90000,Diesel,19.3
6752,2009,229999,164000,Diesel,19.3
6753,2013,300000,120000,Petrol,18.0
6754,2010,165000,66000,Petrol,19.0
6756,2011,360000,157000,Diesel,22.32
6757,2011,380000,157000,Diesel,22.32
6758,2017,300000,35000,Petrol,23.01
6759,2008,320000,100000,Diesel,12.7
6760,2016,325000,70000,Petrol,19.44
6761,2010,160000,30000,Diesel,21.12
6762,2018,630000,40000,Diesel,16.5
6763,2020,600000,5000,Petrol,21.21
6764,2014,229999,30000,Petrol,22.74
6765,2014,440000,70000,Diesel,22.9
6766,2007,90000,60000,Petrol,18.0
6767,2017,750000,60000,Diesel,28.09
6768,2012,330000,80000,Petrol,16.8
6769,2016,715000,70000,Diesel,28.09
6770,2013,250000,150000,Diesel,20.86
6771,2007,120000,150000,Petrol,18.2
6772,2004,100000,25000,Petrol,14.2
6773,2017,850000,35000,Diesel,21.72
6774,2018,450000,48000,Diesel,25.4
6777,2015,600000,135000,Diesel,26.59
6778,2016,280000,110000,Diesel,18.2
6779,2012,465000,146000,Diesel,22.32
6780,2018,350000,44000,Petrol,24.7
6781,2013,325000,70000,Petrol,20.36
6783,2006,110000,120000,Petrol,19.7
6784,2013,220000,80000,Diesel,23.03
6785,2015,515000,60000,Diesel,15.96
6786,2018,750000,40000,Petrol,20.73
6787,2018,350000,25000,Petrol,21.1
6788,2019,488999,15000,Petrol,18.9
6789,2017,300000,27000,Petrol,24.7
6790,2017,650000,35000,Diesel,27.39
6791,2014,250000,40000,Petrol,19.0
6792,2014,200000,40000,Petrol,22.74
6793,2015,950000,75262,Diesel,15.4
6794,2012,200000,120000,Diesel,23.03
6795,2016,276000,60000,Petrol,20.3
6796,2014,250000,40000,Petrol,21.1
6797,2008,95000,80000,Petrol,19.7
6798,2011,200000,70000,Diesel,23.57
6799,2012,450000,100000,Diesel,22.32
6800,2013,900000,18000,Diesel,15.1
6801,2010,200000,175000,Diesel,19.09
6802,2010,200000,70000,Petrol,20.36
6803,2011,370000,91863,Diesel,15.96
6804,2008,250000,100000,Petrol,15.2
6805,2016,290000,10000,Petrol,25.17
6806,2018,900000,35000,Diesel,24.52
6807,2013,325000,120000,Diesel,20.0
6808,2016,425000,30000,Petrol,18.9
6809,2016,315000,60000,Petrol,25.17
6810,2014,300000,70000,Petrol,23.95
6811,2013,325000,70000,Petrol,20.36
6812,2016,900000,130000,Diesel,21.38
6813,2016,950000,133000,Diesel,21.38
6814,2010,320000,120000,Diesel,20.54
6815,2019,500000,20000,Petrol,19.44
6816,2012,290000,25000,Petrol,15.6
6817,2012,60000,90000,Petrol,25.4
6818,2009,120000,140000,Petrol,19.0
6819,2017,850000,103000,Diesel,25.6
6821,2015,600000,128000,Diesel,26.0
6822,2015,620000,33000,Diesel,20.14
6823,2009,150000,70000,Petrol,19.7
6825,2008,135000,40000,Petrol,12.85
6826,2011,200000,80000,Diesel,17.0
6827,2015,730000,70000,Diesel,26.21
6828,2013,800000,100000,Diesel,12.99
6829,2009,300000,90000,Diesel,14.0
6830,2012,190000,112000,Diesel,20.0
6831,2011,350000,50000,Petrol,15.5
6832,2015,509999,62000,Diesel,24.4
6833,2012,400000,90000,Diesel,20.77
6834,2013,800000,80000,Diesel,12.99
6835,2013,250000,50000,Diesel,21.02
6836,2016,930000,47552,Diesel,19.67
6837,2016,720000,40000,Diesel,24.3
6838,2011,225000,15000,Petrol,15.6
6839,2019,950000,20000,Diesel,23.0
6840,2018,530000,52000,Petrol,17.19
6841,2016,470000,70000,Petrol,18.6
6842,2017,650000,110000,Diesel,15.96
6843,2014,540000,77500,Diesel,14.0
6844,2015,459999,100000,Diesel,25.2
6845,2019,325000,14700,Petrol,25.17
6846,2016,240000,40000,Petrol,16.8
6847,2017,400000,32000,Petrol,18.15
6848,2004,70000,70000,Petrol,19.7
6849,2009,250000,80000,Petrol,17.5
6850,2014,910000,80000,Diesel,12.99
6851,2018,720000,25000,Diesel,28.4
6852,2015,590000,50000,Diesel,26.59
6853,2015,434000,120000,Diesel,13.58
6854,2006,145000,170000,Diesel,13.6
6855,2018,445000,19700,Petrol,18.15
6856,2011,191000,70000,LPG,13.45
6857,2018,372000,50000,Diesel,25.83
6858,2005,65000,90000,Petrol,18.9
6859,2007,150000,60000,Petrol,19.3
6860,2015,300000,140000,Diesel,20.0
6861,2003,125000,120000,Diesel,12.7
6862,2017,520000,40000,Petrol,20.3
6863,2014,190000,70000,Petrol,22.74
6864,2018,310000,7000,Petrol,22.5
6865,2012,750000,90000,Diesel,12.8
6866,2016,750000,110000,Diesel,18.49
6867,2019,350000,15000,Petrol,23.95
6868,2020,360000,5000,Petrol,22.05
6869,2017,285000,5000,Petrol,25.17
6870,2013,160000,70000,Petrol,22.74
6871,2015,229999,60000,Petrol,19.44
6872,2007,85000,120000,Petrol,19.7
6873,2018,300000,7000,Petrol,22.5
6874,2014,675000,120000,Diesel,12.05
6875,2014,700000,145241,Diesel,12.05
6876,2008,400000,110000,Diesel,12.7
6877,2016,254999,30000,Petrol,25.17
6878,2015,1050000,80000,Diesel,15.4
6879,2013,390000,100000,Diesel,23.4
6880,2015,450000,80000,Diesel,23.59
6882,2017,725000,50000,Diesel,24.3
6883,2013,466000,95500,Diesel,14.0
6884,2017,370000,40000,Petrol,18.16
6885,2007,150000,70000,Petrol,18.2
6886,2017,483000,15000,Petrol,23.1
6887,2016,470000,10000,Petrol,18.9
6888,2018,950000,25000,Diesel,24.3
6889,2013,450000,50000,Petrol,17.01
6890,2011,345000,70000,Petrol,17.6
6891,2009,300000,60000,Petrol,19.0
6892,2007,160000,74800,Petrol,18.2
6893,2004,120000,80000,Petrol,16.1
6894,2020,500000,40000,Petrol,17.57
6896,2017,455000,50000,Diesel,24.0
6897,2013,165000,45000,Petrol,21.1
6898,2016,470000,23700,Petrol,20.4
6899,2016,470000,23700,Petrol,20.4
6901,2014,229999,53473,Petrol,23.95
6902,2011,250000,100000,Diesel,15.96
6904,2013,220000,80000,Petrol,17.92
6905,2015,360000,120000,Diesel,24.4
6906,2018,350000,40000,Petrol,23.95
6907,2012,500000,70000,Diesel,22.32
6908,2013,145000,90000,Diesel,25.44
6909,2014,300000,51000,Petrol,18.2
6910,2010,180000,87000,Diesel,19.3
6911,2009,180000,87000,Petrol,13.2
6912,2006,200000,120000,Diesel,19.3
6913,2013,530000,40000,Diesel,23.4
6914,2014,620000,90000,Diesel,19.01
6915,2015,360000,110000,Petrol,16.78
6916,2010,245000,86000,Petrol,17.92
6917,2009,370000,120000,Diesel,19.3
6918,2003,130000,80000,Petrol,14.2
6921,2014,650000,140000,Diesel,25.01
6922,2019,610000,18000,Petrol,21.21
6923,2015,300000,24000,Petrol,23.95
6924,2014,425000,60000,Diesel,24.0
6925,2012,450000,150000,Diesel,22.32
6926,2011,450000,108000,Diesel,22.32
6927,2011,340000,60000,Petrol,16.95
6928,2013,650000,90000,Diesel,20.77
6929,2009,160000,70000,Diesel,19.09
6930,2014,250000,120000,Diesel,19.1
6931,2012,225000,100000,Diesel,25.44
6932,2007,55000,75958,Diesel,17.88
6934,2012,250000,100000,Diesel,19.3
6935,2006,282000,128000,Diesel,12.6
6936,2007,80000,110000,Diesel,16.8
6937,2016,500000,40000,Petrol,20.85
6938,2016,500000,70000,Diesel,25.83
6939,2011,400000,60000,Diesel,22.9
6940,2013,550000,90000,Diesel,15.96
6941,2007,200000,70000,Diesel,13.93
6942,2012,280000,65000,Petrol,20.36
6943,2014,580000,88000,Diesel,23.4
6944,2009,100000,80000,Diesel,18.8
6945,2014,550000,60000,Diesel,14.0
6946,2017,700000,38000,Diesel,18.49
6947,2010,150000,80000,Petrol,15.0
6948,2014,190000,60000,Petrol,21.1
6949,2013,500000,110000,Diesel,15.96
6950,2017,640000,110000,Diesel,25.2
6951,2011,340000,145000,Diesel,20.86
6952,2019,811000,43000,Diesel,22.54
6953,2016,409999,120000,Diesel,23.2
6954,2007,220000,136000,Petrol,16.1
6955,2013,170000,120000,Diesel,17.88
6956,2018,700000,25000,Petrol,18.6
6957,2015,950000,80000,Diesel,15.4
6958,2003,80000,40000,Petrol,14.4
6962,2015,503000,110000,Diesel,14.1
6965,2013,225000,58343,Petrol,21.79
6966,2018,740000,38817,Diesel,27.39
6967,2016,550000,56494,Petrol,18.2
6968,2013,750000,79328,Diesel,12.99
6969,2019,650000,5621,Petrol,22.0
6970,2017,625000,25538,Petrol,16.78
6971,2018,600000,69779,Petrol,22.0
6972,2017,450000,56290,Diesel,24.0
6975,2019,779000,7032,Petrol,19.0
6976,2016,645000,11000,Petrol,14.3
6978,2014,420000,120000,Diesel,23.4
6979,2018,899000,35000,Diesel,25.1
6980,2019,459999,35000,Petrol,19.83
6981,2008,150000,120000,Diesel,18.1
6982,2017,350000,25000,Petrol,23.01
6983,2015,509999,100000,Diesel,23.59
6984,2013,500000,120000,Diesel,15.96
6985,2017,370000,35000,Petrol,17.57
6986,2013,240000,44000,Petrol,20.92
6987,2015,530000,100000,Diesel,22.54
6988,2015,1000000,133000,Diesel,15.4
6990,2014,350000,64000,Petrol,20.36
6991,2015,1100000,70000,Diesel,16.0
6992,2011,220000,70000,Petrol,18.5
6993,2015,350000,100000,Petrol,18.9
6994,2013,370000,90000,Diesel,22.9
6995,2014,220000,50000,Petrol,17.5
6996,2013,200000,80000,Diesel,22.1
6997,2017,400000,50000,Diesel,25.32
6998,2009,150000,55000,Petrol,14.6
7000,2011,130000,70000,Petrol,14.0
7001,2013,185000,80000,Petrol,22.74
7003,2012,450000,120000,Diesel,15.96
7004,2018,500000,20000,Petrol,18.9
7005,2017,570000,31596,Petrol,17.0
7006,2013,650000,85710,Diesel,15.1
7008,2018,250000,10000,Petrol,22.7
7009,2014,320000,15000,Petrol,20.36
7010,2017,440000,35000,Petrol,20.51
7011,2013,315000,49000,Petrol,18.5
7012,2007,100000,70000,Petrol,19.3
7013,2010,202999,158000,Diesel,18.8
7014,2012,179000,30000,Petrol,21.1
7015,2008,140000,60000,Petrol,20.36
7016,2008,150000,40000,Petrol,18.2
7017,2011,440000,60000,Diesel,13.6
7018,2011,250000,55130,Diesel,20.0
7019,2014,330000,22000,Petrol,20.51
7020,2010,250000,48000,Petrol,15.6
7021,2012,335000,45000,Petrol,18.5
7022,2016,1025000,22522,Diesel,16.0
7023,2012,320000,51856,Petrol,18.5
7024,2015,550000,29434,Petrol,20.73
7025,2018,800000,25000,Diesel,25.5
7026,2017,380000,28000,Petrol,23.84
7027,2013,400000,44500,Diesel,20.46
7028,2016,375000,34500,Petrol,20.51
7029,2017,1100000,20000,Petrol,18.0
7030,2018,650000,15000,Petrol,18.6
7031,2014,361000,26000,Petrol,19.34
7032,2012,140000,20000,Petrol,21.1
7033,2019,550000,3000,Petrol,20.14
7034,2019,670000,20000,Petrol,19.5
7035,2017,880000,25000,Diesel,24.3
7036,2018,950000,35000,Diesel,23.0
7037,2010,300000,60000,Diesel,18.3
7038,2017,1150000,6825,Petrol,18.0
7039,2015,450000,155000,Diesel,14.81
7040,2018,375000,50000,CNG,21.94
7041,2016,600000,13500,Petrol,17.5
7043,2018,600000,65000,Diesel,25.4
7044,2014,630000,95000,Diesel,14.02
7045,2016,590000,40000,Petrol,20.73
7046,2019,420000,30000,Petrol,20.3
7048,2013,541000,112011,Diesel,13.93
7049,2015,900000,125000,Diesel,12.99
7050,2015,900000,125000,Diesel,12.99
7051,2009,250000,43000,Diesel,18.8
7052,2019,670000,53534,Diesel,15.96
7053,2019,530000,20000,Petrol,20.3
7054,2012,150000,70000,Diesel,25.44
7055,2013,550000,70000,Diesel,15.1
7056,2015,650000,150000,Diesel,15.4
7057,2012,180000,100000,Diesel,19.4
7058,2015,585000,50000,Diesel,16.55
7059,2013,345000,120000,Petrol,18.5
7060,2013,350000,110000,Diesel,22.9
7061,2016,725000,140000,Petrol,15.4
7062,2012,250000,120000,Diesel,15.42
7063,2002,45000,70000,Petrol,16.1
7065,2017,325000,16500,Petrol,23.01
7066,2016,350000,9900,Petrol,23.95
7067,2012,180000,80000,Petrol,19.7
7068,2010,150000,100000,Petrol,16.0
7069,2020,700000,20000,Petrol,23.26
7070,2016,795000,90000,Diesel,28.09
7071,2019,950000,15000,Diesel,16.55
7072,2018,885000,75000,Diesel,21.5
7073,2011,160000,140000,Diesel,21.1
7074,2012,300000,120000,Diesel,23.0
7075,2018,950000,75000,Diesel,21.5
7076,2015,549000,90000,Diesel,20.77
7078,2015,1200000,61000,Diesel,12.99
7079,2012,570000,100000,Diesel,21.8
7080,2017,800000,60000,Diesel,16.55
7081,2009,375000,100000,Diesel,18.1
7082,2009,300000,170000,Diesel,13.6
7083,2013,350000,100000,Petrol,16.78
7084,2011,400000,120000,Diesel,13.6
7085,2015,434999,50000,Diesel,20.14
7086,2012,200000,120000,Petrol,19.3
7087,2015,260000,25000,Petrol,22.74
7088,2013,450000,24019,Diesel,22.9
7089,2013,459999,80000,Diesel,22.32
7090,2011,210000,100000,Diesel,21.1
7091,2015,540000,93000,Petrol,20.85
7092,2017,710000,50000,Diesel,24.52
7093,2018,285000,22000,Petrol,24.7
7094,2019,990000,19600,Diesel,22.1
7095,2017,362000,104000,Petrol,15.64
7096,2017,880000,33000,Diesel,23.0
7097,2017,700000,60000,Diesel,18.49
7098,2016,600000,60000,Diesel,15.96
7099,2015,700000,40000,Petrol,13.24
7100,2016,400000,60000,Diesel,27.28
7101,2010,165000,80000,LPG,13.2
7103,2014,425000,80000,Petrol,16.02
7104,2012,180000,70000,Petrol,17.92
7105,2012,170000,90000,Petrol,20.92
7106,2014,370000,183000,Diesel,15.96
7107,2018,800000,27000,Diesel,24.3
7108,2017,900000,35000,Diesel,23.0
7109,2013,390000,120000,Diesel,22.9
7110,2014,445000,80000,Diesel,23.4
7111,2014,459999,70000,Diesel,23.4
7112,2013,275000,55000,LPG,14.4
7113,2009,200000,120000,Diesel,21.1
7114,2012,350000,72000,Petrol,17.5
7115,2007,95000,120000,Diesel,12.0
7117,2016,900000,100000,Diesel,13.58
7118,2013,350000,120000,Diesel,15.3
7119,2015,325000,50000,Petrol,19.34
7120,2014,455999,32000,Petrol,18.9
7121,2008,129000,60000,Petrol,19.7
7122,2017,254000,40000,Petrol,24.7
7123,2014,570000,48000,Diesel,21.7
7124,2018,840000,30000,Diesel,19.87
7125,2010,235000,100000,Diesel,13.93
7126,2016,700000,50000,Diesel,18.49
7127,2010,140000,40000,Petrol,19.3
7128,2018,528000,5000,Petrol,18.9
7130,2016,560000,72000,Diesel,15.96
7131,2016,600000,70000,Diesel,15.96
7132,2007,102000,50000,Petrol,15.26
7133,2014,750000,70000,Diesel,15.1
7134,2010,148000,70000,Petrol,14.7
7135,2015,650000,50000,Petrol,21.4
7136,2012,310000,40000,Petrol,16.47
7137,2014,480000,30000,Petrol,19.1
7138,2018,320000,15000,Petrol,24.7
7139,2015,750000,40000,Petrol,17.4
7140,2017,370000,40000,Petrol,19.49
7141,2013,320000,60000,Petrol,18.6
7142,2013,420000,67000,Petrol,18.6
7143,2010,240000,60000,Petrol,17.5
7144,2017,220000,60000,Petrol,22.5
7145,2016,350000,30000,Petrol,23.84
7146,2018,675000,40000,Diesel,25.8
7147,2016,434999,50000,Petrol,18.16
7149,2016,400000,14000,Petrol,18.15
7150,2015,425000,70000,Diesel,13.58
7151,2010,311000,94000,Diesel,21.1
7153,2015,530000,79000,Diesel,25.83
7154,2008,210000,120000,Diesel,18.7
7155,2019,977000,30000,Diesel,17.3
7156,2018,440000,20000,Petrol,20.51
7157,2018,440000,17000,Petrol,20.51
7158,2018,655000,20000,Petrol,18.6
7159,2016,295000,60000,Petrol,25.17
7160,2018,655000,20000,Petrol,18.6
7161,2007,65000,70000,Petrol,15.0
7162,2017,1200000,150000,Diesel,17.6
7163,2017,1251000,35000,Diesel,17.6
7164,2010,200000,60000,Diesel,23.03
7165,2016,750000,40000,Diesel,21.19
7166,2018,400000,60000,CNG,26.6
7167,2017,475000,57000,Petrol,17.8
7168,2012,110000,120000,Diesel,17.8
7169,2017,350000,30000,Petrol,23.01
7170,2016,450000,175000,Diesel,23.4
7171,2010,150000,90000,Diesel,17.0
7172,2009,80000,110000,Diesel,17.2
7173,2015,430000,35000,Petrol,18.6
7175,2011,360000,100000,Diesel,18.3
7177,2016,670000,60000,Diesel,26.0
7179,2010,175000,83000,Petrol,19.3
7180,2015,440000,50000,Diesel,25.8
7181,2012,254999,90000,Diesel,23.0
7182,2018,530000,65000,Petrol,19.02
7183,2016,890000,40000,Diesel,16.0
7184,2013,280000,80000,Diesel,22.07
7185,2017,725000,35000,Petrol,21.21
7186,2016,700000,30000,Diesel,18.49
7187,2007,90000,70000,Petrol,18.2
7188,2015,287000,100000,Petrol,19.81
7190,2013,750000,80000,Diesel,12.99
7191,2016,650000,40000,Petrol,17.43
7192,2013,240000,108916,Petrol,20.51
7193,2013,290000,40000,Petrol,21.1
7194,2014,229999,80000,Petrol,21.1
7195,2016,1000000,50000,Diesel,26.0
7196,2012,200000,90000,Petrol,17.92
7197,2004,90000,70000,Petrol,19.7
7198,2012,330000,90000,Diesel,23.0
7199,2009,200000,70000,Diesel,21.1
7200,2018,420000,31000,Diesel,25.32
7201,2009,260000,120000,Diesel,19.3
7202,2016,590000,40000,Petrol,18.6
7203,2015,545000,180000,Diesel,25.2
7204,2011,210000,90000,Petrol,18.9
7205,2008,185000,110000,Petrol,17.7
7206,2006,125000,59000,Petrol,18.9
7207,2014,280000,60000,Petrol,21.1
7208,2005,99000,89500,Petrol,19.3
7209,2005,98000,70000,Petrol,18.9
7210,2009,100000,190000,Diesel,17.0
7211,2013,250000,180000,Diesel,20.8
7212,2010,750000,150000,Diesel,11.5
7213,2007,160000,130000,Diesel,16.52
7214,2013,509999,120000,Diesel,22.32
7215,2009,95000,80000,Diesel,17.88
7216,2014,525000,80000,Diesel,22.32
7217,2017,278000,20000,Petrol,22.5
7219,2011,254999,120000,Diesel,22.07
7220,2019,675000,10000,Petrol,21.21
7221,2016,600000,147000,Diesel,26.59
7222,2018,950000,51000,Diesel,25.1
7223,2007,229999,60000,Petrol,17.7
7225,2017,330000,20000,Petrol,24.7
7226,2017,350000,40000,Petrol,23.95
7227,2016,560000,35000,Petrol,16.2
7228,2017,440000,30000,Petrol,20.51
7229,2011,220000,90000,Petrol,19.0
7230,2017,750000,110000,Diesel,28.4
7231,2015,800000,140000,Diesel,15.1
7232,2007,59259,104000,Diesel,17.2
7233,2018,740000,9000,Petrol,21.4
7234,2019,570000,19000,Petrol,20.89
7235,2017,430000,20000,Petrol,20.51
7236,2016,800000,70000,Diesel,24.3
7237,2015,450000,53000,Diesel,24.0
7238,2013,420000,105000,Diesel,23.4
7239,2015,750000,16000,Diesel,18.06
7240,2019,780000,7200,Petrol,21.1
7241,2011,320000,77000,Diesel,22.07
7242,2017,690000,40000,Diesel,25.32
7243,2012,375000,70000,Diesel,19.3
7244,2017,620000,50000,Petrol,18.12
7245,2015,300000,85000,LPG,13.45
7246,2016,370000,58000,Petrol,15.37
7247,2013,770000,85000,Diesel,16.55
7248,2014,500000,65000,Petrol,19.1
7249,2017,450000,120000,Diesel,25.32
7250,2013,195000,50000,Petrol,17.92
7251,2018,472000,30000,Petrol,20.51
7252,2014,250000,58000,Petrol,23.95
7253,2011,165000,70000,Diesel,25.44
7254,2018,525000,110000,Diesel,20.65
7255,2003,145000,65000,Petrol,18.9
7256,2013,325000,100000,Diesel,22.3
7257,2017,660000,60000,Diesel,16.5
7258,2014,310000,90000,Diesel,19.68
7260,2014,330000,100000,Diesel,19.68
7261,2012,250000,80000,Diesel,20.0
7262,2017,650000,60000,Diesel,17.45
7263,2016,305000,40000,Petrol,23.95
7264,2015,600000,50000,Diesel,26.21
7265,2015,280000,110000,Petrol,20.51
7266,2011,153000,50000,Diesel,23.57
7267,2018,700000,30000,Diesel,18.49
7268,2017,325000,40000,Petrol,25.17
7269,2016,305000,40000,Petrol,23.95
7270,2006,155000,70000,Petrol,16.1
7271,2012,235000,80000,Petrol,20.92
7272,2005,60000,100000,Diesel,19.3
7273,2016,500000,15000,Petrol,20.4
7274,2004,120000,150000,Diesel,13.6
7275,2009,155000,63000,Petrol,19.3
7276,2016,675000,88000,Diesel,21.66
7277,2014,950000,80000,Diesel,12.99
7278,2018,1051000,59865,Diesel,15.1
7279,2016,591000,60000,Diesel,21.49
7280,2015,585000,72000,Diesel,22.54
7281,2017,1025000,68140,Petrol,18.0
7282,2014,450000,53190,Diesel,28.4
7283,2014,484999,70100,Diesel,22.54
7284,2018,650000,47725,Diesel,27.3
7285,2014,434999,70195,Diesel,28.4
7286,2011,195000,77395,Diesel,20.0
7287,2019,1000000,17000,Diesel,17.3
7288,2013,650000,64000,Diesel,14.62
7289,2014,190000,74321,Diesel,25.44
7290,2013,409999,80235,Diesel,28.4
7291,2016,1050000,77150,Diesel,17.01
7292,2015,651000,69000,Diesel,22.15
7293,2015,650000,57000,Diesel,23.65
7294,2017,750000,89000,Diesel,21.14
7295,2012,799000,61100,Diesel,14.3
7296,2010,355000,116000,Diesel,18.7
7297,2015,600000,80000,Diesel,23.9
7298,2018,685000,26000,Diesel,28.4
7299,2018,509999,100000,Diesel,28.4
7300,2012,150000,82300,CNG,26.83
7301,2017,650000,82050,Diesel,19.3
7302,2012,400000,74500,Diesel,19.3
7303,2012,675000,120000,Diesel,15.1
7304,2018,319000,30000,Petrol,24.04
7305,2019,640000,6000,Petrol,19.5
7306,2017,650000,30000,Petrol,18.6
7307,2015,650000,70000,Diesel,20.77
7308,2010,155000,70000,CNG,26.83
7309,2015,650000,70000,Diesel,20.77
7310,2008,175000,120000,Diesel,17.8
7311,2014,375000,76000,Diesel,24.0
7312,2014,430000,80000,Diesel,24.0
7313,2008,65000,110000,Diesel,17.2
7314,2009,150000,70000,Petrol,13.2
7315,2019,620000,13000,Petrol,17.19
7316,2013,250000,60000,Petrol,14.09
7317,2011,275000,165000,Diesel,21.1
7318,2013,454000,120000,Diesel,13.58
7319,2017,600000,30000,Diesel,18.49
7320,2011,400000,100000,Diesel,20.54
7321,2007,180000,187000,Diesel,19.2
7322,2016,750000,70000,Diesel,24.3
7323,2016,500000,40000,Petrol,20.4
7327,2019,840000,1500,Petrol,18.2
7328,2015,1000000,46000,Diesel,24.5
7329,2017,740000,24400,Diesel,27.39
7330,2018,1290000,29899,Diesel,22.15
7332,2020,775000,2000,Petrol,20.7
7333,2017,695000,34000,Diesel,21.04
7334,2018,730000,31000,Petrol,17.4
7335,2016,1295000,46000,Diesel,11.45
7336,2016,1160000,121000,Diesel,12.08
7338,2018,540000,7000,Petrol,20.3
7339,2016,434999,10000,Petrol,23.1
7341,2018,910000,20000,Diesel,17.0
7342,2015,850000,59235,Diesel,19.67
7344,2014,520000,48000,Diesel,25.8
7345,2018,650000,114000,Diesel,14.95
7346,2011,430000,120000,Diesel,19.3
7347,2013,360000,144000,Diesel,21.9
7348,2013,350000,144000,Diesel,21.9
7349,2016,791000,190000,Diesel,24.3
7350,2015,950000,190000,Diesel,12.99
7351,2019,690000,20000,Diesel,28.4
7352,2017,860000,40000,Diesel,22.0
7353,2012,371000,100000,Diesel,19.3
7354,2008,45000,60000,Diesel,16.8
7356,2011,240000,110000,Diesel,20.54
7357,2014,495000,77215,Diesel,25.2
7358,2005,170000,50000,Petrol,19.3
7359,2015,671000,48228,Petrol,18.7
7360,2017,693000,58559,Diesel,25.2
7361,2010,352000,72179,Diesel,19.3
7362,2016,802999,50856,Diesel,26.0
7363,2017,890000,18300,Petrol,17.8
7364,2015,495000,59292,Diesel,28.4
7365,2018,545000,10000,Petrol,23.1
7366,2018,775000,21147,Petrol,21.4
7367,2017,925000,69000,Diesel,25.6
7369,2018,790000,16000,Diesel,28.4
7371,2017,620000,37000,Petrol,21.01
7372,2016,375000,61173,Diesel,27.62
7373,2016,595000,77321,Diesel,19.3
7375,2014,850000,75000,Diesel,15.1
7376,2017,750000,51000,Petrol,19.56
7377,2018,775000,17000,Petrol,21.01
7378,2008,260000,100000,Diesel,17.8
7380,2017,300000,10000,Petrol,21.1
7381,2016,1300000,91567,Diesel,16.0
7382,2017,380000,50000,Petrol,23.1
7383,2017,480000,60000,Petrol,18.9
7384,2016,240000,35000,Petrol,22.74
7385,2014,500000,33400,Petrol,17.43
7386,2015,420000,36000,Petrol,20.4
7387,2011,130000,180000,Diesel,20.0
7388,2012,110000,80000,Petrol,20.92
7389,2007,120000,120000,Petrol,19.7
7390,2017,700000,80000,Diesel,28.4
7391,2018,550000,120000,Diesel,28.4
7392,2014,190000,110000,Diesel,19.09
7393,2018,665000,70000,Diesel,23.59
7394,2014,445000,120000,Diesel,14.95
7395,2012,340000,92686,Diesel,21.9
7396,2009,330000,180000,Diesel,13.6
7397,2012,270000,80000,Diesel,21.02
7398,2015,1044999,70000,Diesel,16.0
7399,2009,279000,117000,Diesel,17.8
7400,2018,620000,15000,Petrol,20.4
7401,2007,250000,100000,Diesel,16.6
7402,2012,475000,83000,Petrol,15.74
7403,2016,750000,67600,Diesel,14.81
7404,2015,1250000,160000,Diesel,13.5
7405,2014,250000,80000,Petrol,21.1
7406,2013,445000,100000,Diesel,25.8
7407,2010,400000,100000,Diesel,15.0
7408,2010,350000,90000,Diesel,23.0
7409,2012,295000,140000,Diesel,20.5
7410,2018,600000,25000,Petrol,21.21
7412,2012,100000,30000,Petrol,16.1
7413,2018,690000,13000,Petrol,20.4
7414,2018,710000,42000,Petrol,18.6
7415,2018,350000,10000,Petrol,20.3
7416,2012,220000,13000,Petrol,20.92
7417,2019,700000,6500,Petrol,20.0
7418,2013,198000,49500,Petrol,21.1
7419,2011,350000,50000,Diesel,23.0
7420,2011,210000,175000,Diesel,23.57
7421,2011,210000,175000,Diesel,23.03
7422,2003,70000,120000,Petrol,19.3
7423,2014,375000,110000,Diesel,23.2
7424,2012,380000,112048,Petrol,17.5
7425,2010,360000,98000,Petrol,17.0
7426,2015,944999,41000,Diesel,15.1
7427,2016,620000,120000,Diesel,13.58
7428,2018,780000,116000,Diesel,23.59
7429,2020,445000,1000,Petrol,21.21
7430,2018,575000,15000,Petrol,17.36
7431,2018,975000,5000,Diesel,25.1
7432,2019,450000,3500,Petrol,23.84
7433,2009,198000,91000,Petrol,19.3
7434,2017,495000,56000,Diesel,25.83
7436,2012,800000,40000,Diesel,15.1
7437,2010,300000,70000,Diesel,19.3
7438,2013,300000,120000,Diesel,23.2
7439,2003,200000,120000,Diesel,10.5
7440,2017,480000,30400,Petrol,18.5
7441,2017,950000,24000,Diesel,21.9
7442,2017,840000,30646,Petrol,15.4
7443,2017,800000,15000,Diesel,23.9
7444,2017,750000,50000,Diesel,22.27
7445,2017,254999,34000,Petrol,21.1
7446,2016,725000,54000,Diesel,24.52
7448,2012,145000,120000,Petrol,18.6
7449,2018,750000,15000,Petrol,17.0
7450,2017,655000,50000,Diesel,22.0
7451,2011,210000,84000,Diesel,20.0
7452,2011,450000,50000,Petrol,17.0
7453,2019,466000,25000,Petrol,20.3
7454,2018,624000,14681,Diesel,19.3
7455,2015,580000,52000,Diesel,25.83
7456,2019,430000,18500,Petrol,20.3
7457,2012,155000,50000,Diesel,23.03
7458,2017,240000,35000,Petrol,22.5
7459,2016,540000,15500,Petrol,16.78
7460,2013,250000,120000,Diesel,19.09
7461,2012,260000,60000,Diesel,25.0
7462,2011,550000,80000,Diesel,12.05
7463,2014,550000,43011,Petrol,18.88
7464,2015,600000,136000,Diesel,19.01
7465,2017,550000,15000,Diesel,25.83
7466,2011,370000,110000,Diesel,13.6
7467,2008,250000,100000,Petrol,19.81
7468,2005,125000,70000,Petrol,19.7
7469,2010,200000,110000,Diesel,17.0
7470,2017,675000,127991,Diesel,25.5
7472,2010,290000,65000,Petrol,15.64
7473,2002,95000,90000,Petrol,19.3
7474,2018,889000,20000,Diesel,28.09
7475,2016,400000,60000,Petrol,17.0
7476,2018,390000,13120,Petrol,25.17
7478,2014,600000,125000,Diesel,22.32
7479,2018,800000,25000,Petrol,17.4
7480,2013,600000,120000,Diesel,20.77
7481,2015,795000,35000,Petrol,17.01
7482,2016,735000,25000,Diesel,22.54
7483,2005,250000,120000,Diesel,16.4
7484,2018,400000,25000,Petrol,24.04
7485,2005,130000,79000,Diesel,13.1
7486,2015,600000,125000,Diesel,21.04
7487,2014,395000,140000,Diesel,14.0
7488,2016,720000,80000,Diesel,21.19
7489,2011,450000,110000,Petrol,16.8
7490,2018,700000,25000,Petrol,18.16
7491,2015,1000000,46000,Diesel,24.5
7492,2020,500000,1000,Petrol,20.3
7493,2007,125000,60000,Petrol,16.1
7494,2015,690000,80000,Diesel,21.04
7496,2013,170000,110000,Petrol,15.3
7497,2010,275000,110000,Diesel,20.4
7499,2013,950000,80000,Diesel,19.33
7500,2019,802999,24000,Diesel,28.4
7501,2013,470000,150000,Diesel,23.4
7502,2015,300000,60000,Petrol,25.17
7503,2014,600000,116000,Diesel,19.01
7504,2013,275000,104300,Diesel,20.0
7505,2018,700000,30000,Diesel,25.32
7507,2020,800000,25000,Diesel,21.66
7509,2007,245000,121000,Diesel,18.1
7510,2010,310000,120000,Diesel,16.8
7511,2007,245000,120000,Diesel,18.1
7512,2011,450000,110000,Petrol,16.47
7513,2013,850000,84000,Diesel,16.96
7514,2004,325000,120000,Petrol,10.1
7515,2013,409999,100000,Diesel,22.9
7517,2015,1000000,73500,Diesel,19.67
7518,2016,590000,34000,Diesel,24.4
7519,2019,1200000,23000,Diesel,20.45
7520,2008,175000,163000,Diesel,17.8
7521,2011,300000,119000,Diesel,16.52
7523,2019,1110000,10500,Diesel,25.6
7525,2013,325000,155000,Diesel,20.54
7526,2010,325000,163000,Diesel,17.8
7527,2008,280000,75000,Petrol,17.7
7528,2008,160000,56000,Petrol,19.3
7529,2016,765000,80000,Diesel,26.0
7530,2014,640000,120000,Diesel,26.0
7531,2007,65000,120000,Diesel,17.88
7532,2007,195000,175000,Diesel,18.7
7533,2017,295000,15000,Petrol,24.7
7534,2012,625000,100000,Diesel,23.4
7535,2009,160000,80000,Petrol,18.9
7536,2015,330000,84000,Petrol,23.1
7537,2010,180000,50000,Petrol,15.6
7538,2003,70000,50000,Petrol,19.3
7539,2012,150000,35000,Petrol,14.0
7540,2011,300000,30000,Petrol,19.81
7541,2018,730000,2388,Petrol,18.6
7542,2017,650000,16200,Diesel,24.3
7544,2019,366000,15000,Petrol,23.95
7545,2019,1149000,5000,Petrol,17.0
7546,2016,150000,42000,Petrol,20.63
7547,2013,187000,120000,Petrol,17.92
7548,2011,425000,60000,Diesel,13.93
7549,2012,150000,76000,Petrol,16.1
7550,2018,620000,15000,Petrol,20.4
7551,2007,250000,100000,Diesel,16.6
7552,2012,475000,83000,Petrol,15.74
7553,2016,750000,67600,Diesel,14.81
7554,2015,1250000,160000,Diesel,13.5
7555,2014,250000,80000,Petrol,21.1
7556,2013,445000,100000,Diesel,25.8
7557,2010,400000,100000,Diesel,15.0
7558,2010,350000,90000,Diesel,23.0
7559,2012,295000,140000,Diesel,20.5
7560,2018,600000,25000,Petrol,21.21
7562,2012,100000,30000,Petrol,16.1
7563,2018,690000,13000,Petrol,20.4
7564,2018,710000,42000,Petrol,18.6
7565,2018,350000,10000,Petrol,20.3
7566,2012,220000,13000,Petrol,20.92
7567,2019,700000,6500,Petrol,20.0
7568,2013,198000,49500,Petrol,21.1
7569,2011,350000,50000,Diesel,23.0
7570,2016,650000,35000,Petrol,21.4
7571,2015,380000,120000,Diesel,21.03
7572,2014,360000,50000,Petrol,17.57
7573,2012,385000,116000,Petrol,15.0
7574,2012,590000,110000,Diesel,22.32
7575,2013,750000,70000,Diesel,15.1
7576,2011,254999,100000,Diesel,20.3
7577,2015,499000,20000,Petrol,18.9
7578,2018,730000,60000,Diesel,28.4
7579,2016,650000,30000,Diesel,27.3
7580,2012,220000,75000,Diesel,23.08
7581,2006,229999,110000,Petrol,19.3
7582,2006,215000,90000,Petrol,19.3
7583,2006,100000,110000,Diesel,16.8
7584,2004,110000,120000,Petrol,14.4
7585,2009,152000,48000,Diesel,17.0
7586,2020,600000,5000,Petrol,20.89
7587,2016,620000,120000,Diesel,13.58
7588,2018,780000,116000,Diesel,23.59
7589,2020,445000,1000,Petrol,21.21
7590,2018,575000,15000,Petrol,17.36
7591,2018,975000,5000,Diesel,25.1
7592,2019,450000,3500,Petrol,23.84
7593,2015,480000,80000,Diesel,25.83
7594,2008,110000,48676,Petrol,19.7
7595,2006,105000,60000,Petrol,19.3
7597,2014,415000,72000,Petrol,18.6
7598,2015,475000,51000,Petrol,22.0
7599,2017,525000,29000,Petrol,20.89
7600,2015,365000,28000,Petrol,20.52
7601,2011,375000,97000,Diesel,25.2
7602,2018,765000,59000,Diesel,28.4
7603,2019,770000,27000,Diesel,28.4
7604,2018,350000,30000,Petrol,25.17
7605,2015,875000,70000,Diesel,15.4
7606,2014,780000,69000,Diesel,15.1
7607,2018,990000,15000,Diesel,25.1
7608,2019,800000,35700,Diesel,28.4
7609,2012,350000,120000,Diesel,22.32
7610,2013,325000,120000,Diesel,22.07
7611,2013,360000,80000,Diesel,22.07
7612,2010,148000,120000,Petrol,20.92
7613,2017,670000,36000,Diesel,27.39
7614,2014,430999,120000,Diesel,23.59
7615,2017,260000,9000,Petrol,16.8
7616,2012,70000,50000,Petrol,25.4
7617,2019,300000,35000,Petrol,23.01
7618,2011,150000,130000,Diesel,14.0
7619,2010,260000,70000,Diesel,20.0
7620,2012,320000,90000,Diesel,19.3
7621,2018,700000,35000,Petrol,17.0
7622,2012,415000,80000,Petrol,16.47
7623,2008,260000,120000,Diesel,17.8
7624,2011,70000,80000,Petrol,26.0
7625,2015,515000,30000,Petrol,17.71
7626,2016,803999,60000,Diesel,23.9
7628,2017,934000,101000,Diesel,22.77
7629,2007,210000,110000,Diesel,17.8
7630,2014,1050000,136000,Diesel,12.99
7632,2012,550000,74000,Diesel,17.3
7634,2015,700000,22700,Petrol,18.7
7635,2016,525000,45000,Petrol,18.9
7636,2011,250000,36000,Petrol,15.37
7637,2015,575000,57000,Diesel,26.59
7638,2018,540000,33000,Diesel,27.28
7639,2012,560000,59000,Petrol,16.02
7641,2011,240000,80000,Petrol,15.6
7642,2012,300000,70000,LPG,13.2
7643,2018,280000,50000,Petrol,22.7
7644,2011,350000,118000,Diesel,21.1
7646,2018,980000,20000,Diesel,21.5
7647,2018,969999,21871,Diesel,21.5
7648,2016,357000,120000,Diesel,25.32
7649,2014,280000,100000,Diesel,19.1
7650,2012,430000,50000,Diesel,15.96
7651,2014,217000,50000,Diesel,19.3
7652,2015,250000,70000,Petrol,22.74
7653,2016,525000,80000,Diesel,18.2
7654,2018,500000,25000,Petrol,23.84
7655,2019,1000000,60000,Diesel,16.36
7656,2017,316000,25000,Petrol,24.7
7657,2018,350000,50000,Petrol,24.7
7658,2018,950000,14000,Diesel,21.5
7659,2005,45000,55425,Petrol,16.1
7660,2013,475000,76000,Diesel,15.96
7662,2016,600000,139000,Diesel,18.49
7663,2014,430000,100000,Petrol,15.04
7664,2015,965000,60000,Diesel,19.67
7665,2013,395000,35000,Petrol,14.3
7666,2008,150000,120000,Diesel,12.2
7667,2013,700000,37659,Diesel,20.77
7668,2012,250000,89000,Diesel,23.2
7669,2013,680000,37500,Diesel,20.77
7670,2018,500000,5000,Petrol,23.84
7671,2013,420000,21000,Petrol,18.9
7672,2017,290000,10000,Petrol,23.95
7673,2017,750000,30000,Diesel,28.4
7674,2015,300000,19800,Petrol,15.37
7675,2011,250000,90000,Diesel,21.1
7676,2014,335000,33033,Petrol,19.4
7677,2015,465000,63063,Petrol,18.9
7678,2007,100000,70000,Petrol,18.9
7679,2007,100000,80000,Petrol,17.3
7680,2013,550000,120000,Diesel,20.77
7681,2012,341000,120000,Diesel,19.3
7682,2017,600000,50000,Diesel,24.0
7683,2014,650000,167000,Diesel,25.1
7684,2008,75527,80000,Petrol,16.0
7685,2014,215000,100000,Diesel,25.0
7686,2017,650000,60000,Diesel,28.09
7687,2017,900000,50000,Diesel,20.37
7688,2014,500000,17000,Petrol,18.6
7689,2017,550000,46000,Petrol,21.4
7690,2015,475000,60000,Diesel,25.2
7692,2015,425000,60000,Diesel,24.4
7693,2012,476999,90000,Diesel,21.43
7694,2011,150000,40000,Petrol,18.0
7695,2011,225000,90000,Petrol,19.7
7696,2010,190000,80000,Petrol,19.7
7697,2003,100000,164000,Petrol,19.7
7698,2011,400000,70000,Diesel,13.6
7704,2018,900000,12000,Diesel,16.55
7706,2016,550000,56494,Petrol,18.2
7707,2013,750000,79328,Diesel,12.99
7708,2019,779000,7032,Petrol,19.0
7712,2017,969999,26500,Diesel,17.6
7714,2016,475000,45629,Petrol,18.9
7715,2019,1125000,3500,Petrol,18.15
7717,2019,740000,35000,Diesel,16.5
7718,2018,400000,15000,Petrol,18.15
7719,2018,430000,14000,Petrol,20.51
7720,2019,1132000,20000,Petrol,17.0
7721,2017,352000,68850,Petrol,18.9
7722,2016,252999,45775,Petrol,23.84
7723,2012,80000,70000,Petrol,16.2
7724,2015,313000,68203,Petrol,21.79
7725,2014,380000,30000,Petrol,18.9
7726,2018,350000,25000,Petrol,25.17
7727,2016,600000,90000,Diesel,19.87
7728,2011,88000,97343,Diesel,18.8
7729,2008,160000,70000,Petrol,19.7
7730,2008,125000,70000,Petrol,19.3
7731,2014,290000,31000,Petrol,20.36
7732,2014,650000,70000,Diesel,15.4
7733,2015,380000,20000,CNG,21.94
7734,2014,180000,62000,Petrol,21.1
7735,2008,75000,29000,Petrol,16.1
7736,2012,132000,82507,Diesel,13.93
7737,2010,110000,60000,Petrol,18.6
7738,2018,390000,10000,Petrol,23.95
7739,2015,550000,70000,Petrol,18.6
7740,2004,70000,70000,Petrol,19.3
7741,2008,70000,59400,Petrol,16.1
7742,2013,275000,20000,Petrol,21.1
7743,2009,250000,125876,Petrol,15.0
7745,2011,250000,90000,Diesel,13.55
7746,2017,1250000,56800,Diesel,12.4
7748,2011,800000,60000,Diesel,12.8
7750,2014,325000,65204,Petrol,23.1
7751,2019,1150000,2286,Petrol,18.15
7752,2018,655000,15732,Petrol,22.0
7753,2019,890000,13000,Diesel,18.06
7754,2018,525000,33000,Petrol,20.89
7755,2014,300000,100000,Petrol,19.81
7758,2018,925000,28900,Petrol,17.8
7759,2017,675000,49523,Petrol,17.0
7760,2018,745000,48000,Diesel,24.3
7761,2018,835000,17000,Diesel,24.3
7762,2019,695000,36800,Diesel,20.14
7763,2018,725000,36521,Diesel,24.3
7764,2017,620000,90000,Petrol,22.0
7766,2014,335000,71000,Diesel,21.64
7767,2011,475000,108000,Diesel,16.0
7768,2015,484999,75000,Diesel,19.87
7769,2015,610000,33000,Petrol,20.73
7770,2015,1000000,50000,Diesel,19.67
7771,2019,300000,35000,Petrol,23.01
7773,2018,650000,22000,Petrol,21.56
7774,2015,850000,108000,Diesel,19.67
7776,2012,267000,40000,Petrol,20.36
7777,2013,215000,47000,Petrol,21.1
7778,2017,1282000,45000,Diesel,17.6
7779,2017,282000,15000,Petrol,24.7
7780,2012,610000,90000,Diesel,12.8
7781,2018,900000,35000,Diesel,16.55
7782,2015,800000,70000,Diesel,15.4
7783,2013,380000,110000,Diesel,21.27
7784,2012,450000,120000,Diesel,12.05
7785,2011,242000,120000,Diesel,21.5
7786,2017,350000,35000,Petrol,25.17
7787,2018,400000,22000,Petrol,20.3
7788,2017,400000,70000,Petrol,20.51
7789,2013,246000,56000,Diesel,22.1
7790,2014,221000,65000,Diesel,19.09
7791,2013,700000,62000,Diesel,13.1
7793,2017,550000,49000,Diesel,25.4
7794,2015,550000,50000,Diesel,28.09
7795,2013,375000,65000,Diesel,28.4
7796,2015,391000,55000,Diesel,24.4
7798,2014,525000,78000,Diesel,15.05
7799,2007,212000,58000,Diesel,16.8
7800,2011,221000,56000,Diesel,25.44
7801,2010,265000,61000,Diesel,20.4
7802,2013,399000,61000,Diesel,21.64
7803,2008,175000,61000,Diesel,17.1
7804,2011,411000,64481,Diesel,20.5
7805,2011,365000,65000,Diesel,20.54
7806,2009,975000,80000,Diesel,22.48
7807,2015,499000,61000,Diesel,22.71
7809,2009,145000,30000,Petrol,18.0
7812,2016,280000,100000,Petrol,20.3
7813,2011,450000,95000,Diesel,11.79
7814,2006,150000,140000,Petrol,17.7
7815,2017,600000,70000,Petrol,17.3
7816,2016,275000,60000,Petrol,25.17
7817,2010,110000,88000,Diesel,18.8
7819,2012,700000,60000,Diesel,15.1
7820,2012,900000,155000,Diesel,16.07
7821,2005,150000,80000,Petrol,18.9
7822,2013,275000,80000,Petrol,16.95
7823,2014,455000,40000,Diesel,28.4
7824,2015,900000,50000,Diesel,19.67
7825,2014,455000,40000,Diesel,25.2
7826,2017,650000,47000,Diesel,26.0
7827,2018,551000,20000,Petrol,18.9
7828,2017,650000,49060,Diesel,22.0
7829,2015,600000,60000,Petrol,18.6
7830,2013,235000,18000,Petrol,22.74
7831,2018,800000,37161,Diesel,22.7
7832,2016,1050000,80000,Diesel,19.67
7833,2012,45000,28000,Petrol,25.4
7834,2013,450000,100000,Petrol,15.74
7835,2014,391000,120000,Diesel,20.14
7836,2013,380000,70000,Diesel,18.2
7837,2010,170000,90000,Petrol,18.9
7838,2011,250000,90000,Diesel,13.55
7839,2011,800000,60000,Diesel,12.8
7841,2014,700000,24000,Diesel,16.55
7842,2016,450000,100000,Diesel,24.2
7843,2018,650000,6000,Petrol,18.15
7844,2013,950000,49700,Diesel,15.1
7845,2007,626000,80000,Diesel,12.8
7847,2019,600000,10000,Petrol,21.21
7848,2019,290000,21000,Petrol,25.17
7849,2013,215000,25000,Petrol,20.92
7850,2016,250000,22000,Petrol,25.17
7851,2017,750000,50000,Diesel,24.52
7852,2016,250000,20000,Petrol,23.95
7853,2017,950000,15000,Petrol,15.4
7854,2018,793000,30000,Diesel,25.83
7855,2015,750000,74000,Diesel,19.67
7856,2017,725000,6550,Petrol,18.2
7857,2016,480000,30000,Diesel,24.0
7861,2015,503000,110000,Diesel,14.1
7864,2013,225000,58343,Petrol,21.79
7865,2018,740000,38817,Diesel,27.39
7866,2016,550000,56494,Petrol,18.2
7867,2013,750000,79328,Diesel,12.99
7868,2019,650000,5621,Petrol,22.0
7869,2017,625000,25538,Petrol,16.78
7870,2018,600000,69779,Petrol,22.0
7871,2017,450000,56290,Diesel,24.0
7874,2019,779000,7032,Petrol,19.0
7875,2016,645000,11000,Petrol,14.3
7877,2017,990000,20000,Petrol,17.0
7878,2012,370000,68000,Diesel,23.4
7879,2014,300000,60175,Petrol,18.2
7880,2012,250000,25000,Petrol,21.1
7881,2017,700000,49957,Diesel,25.83
7882,2017,600000,43235,Diesel,24.29
7883,2018,925000,50699,Diesel,22.77
7884,2016,700000,111000,Diesel,21.19
7885,2018,700000,48000,Petrol,21.1
7886,2007,185000,90000,Diesel,17.8
7887,2015,434999,80000,Diesel,15.3
7888,2017,400000,100000,Petrol,18.16
7889,2011,180000,90000,Diesel,20.0
7890,2015,600000,50000,Diesel,26.59
7891,2014,320000,90000,Diesel,23.59
7893,2011,250000,140000,Petrol,14.4
7894,2019,650000,20000,Petrol,20.3
7895,2009,340000,82000,Petrol,14.53
7896,2008,200000,80000,Diesel,13.5
7897,2017,869999,40000,Diesel,24.3
7898,2017,795000,120000,Diesel,24.52
7899,2017,869999,60000,Diesel,24.3
7900,2010,200000,70000,Diesel,21.1
7901,2017,800000,45500,Diesel,23.9
7902,2014,1100000,120000,Diesel,12.99
7903,2008,114999,100000,Petrol,19.7
7904,2013,500000,92000,Diesel,20.77
7905,2014,700000,141000,Diesel,25.2
7907,2016,200000,35000,Petrol,22.7
7908,2015,450000,50000,Petrol,17.8
7909,2018,850000,9500,Diesel,21.5
7910,2019,359000,5500,Petrol,15.37
7911,2017,320000,28000,Petrol,25.17
7912,2009,110000,113000,Petrol,15.3
7913,2011,209000,1,CNG,15.1
7914,2010,169000,100000,Petrol,15.0
7915,2014,400000,50074,Diesel,24.0
7916,2014,600000,100000,Diesel,22.54
7917,2017,350000,35000,Petrol,15.37
7918,2018,990000,60000,Diesel,23.0
7921,2017,745000,10000,Petrol,21.4
7923,2015,500000,35000,Diesel,25.2
7924,2019,540000,5000,Petrol,20.52
7926,2017,600000,27000,Diesel,22.95
7927,2018,690000,25000,Petrol,19.0
7928,2016,630000,30154,Diesel,25.2
7929,2018,640000,20000,Petrol,20.14
7932,2016,500000,100000,Petrol,20.4
7933,2017,310000,54000,Petrol,24.7
7934,2015,600000,80000,Diesel,18.49
7936,2018,620000,70000,Diesel,25.4
7937,2018,760000,50000,Diesel,27.39
7938,2018,1200000,40000,Diesel,22.0
7939,2018,760000,50000,Diesel,27.39
7940,2012,300000,45000,Petrol,20.36
7941,2019,500000,5000,Petrol,23.84
7942,2012,120000,70000,Petrol,18.6
7943,2017,350000,26263,Petrol,21.1
7944,2016,350000,100000,Petrol,18.15
7946,2018,1050000,18000,Diesel,19.6
7947,2013,550000,80000,Diesel,25.0
7948,2016,675000,108000,Diesel,23.65
7950,2017,625000,25000,Petrol,22.0
7951,2018,1220000,11000,Petrol,15.8
7952,2019,475000,5000,Petrol,21.7
7953,2014,550000,105000,Diesel,21.7
7954,2012,320000,40000,Petrol,18.5
7955,2014,530000,90000,Diesel,22.9
7956,2018,300000,30000,Petrol,24.7
7957,2018,1180000,5500,Petrol,17.4
7959,2012,190000,65000,Petrol,21.1
7960,2014,730000,60000,Diesel,22.32
7961,2015,530000,120000,Diesel,25.2
7962,2019,530000,9500,Petrol,18.16
7963,2018,1265000,12000,Diesel,20.37
7964,2019,1025000,32000,Diesel,28.09
7965,2009,130000,60000,Petrol,19.7
7966,2017,735000,70000,Diesel,18.49
7968,2007,120000,120000,Petrol,17.8
7970,2018,1050000,18000,Diesel,19.6
7971,2013,550000,80000,Diesel,25.0
7972,2016,675000,108000,Diesel,23.65
7974,2017,625000,25000,Petrol,22.0
7975,2018,1220000,11000,Petrol,15.8
7976,2019,475000,5000,Petrol,21.7
7977,2014,550000,105000,Diesel,21.7
7978,2012,320000,40000,Petrol,18.5
7979,2014,530000,90000,Diesel,22.9
7980,2018,300000,30000,Petrol,24.7
7981,2018,1180000,5500,Petrol,17.4
7983,2012,190000,65000,Petrol,21.1
7984,2014,730000,60000,Diesel,22.32
7985,2015,530000,120000,Diesel,25.2
7986,2019,530000,9500,Petrol,18.16
7987,2018,1265000,12000,Diesel,20.37
7988,2019,1025000,32000,Diesel,28.09
7989,2017,470000,50000,Petrol,18.9
7990,2014,250000,50000,Diesel,25.0
7991,2013,430000,90000,Petrol,16.02
7992,2012,550000,93000,Diesel,20.77
7993,2015,500000,117000,Petrol,20.85
7994,2008,240000,90000,Petrol,17.7
7995,2008,170000,80000,Petrol,16.1
7997,2016,252000,30000,Petrol,22.74
7998,2017,270000,35000,Petrol,24.7
7999,2004,100000,40000,Petrol,19.7
8000,2015,350000,46357,Petrol,20.51
8001,2011,240000,80000,Petrol,16.6
8002,2016,620000,7000,Diesel,21.04
8003,2011,600000,43000,Petrol,13.4
8004,2016,650000,85000,Diesel,24.4
8005,2018,950000,70000,Diesel,22.0
8006,2017,660000,56000,Diesel,25.2
8007,2012,360000,90000,Diesel,21.9
8008,2017,382000,40000,Petrol,23.95
8009,2006,145000,80000,Petrol,19.3
8010,2011,270000,60000,Petrol,19.81
8011,2015,650000,70000,Diesel,22.54
8012,2011,200000,170000,Diesel,20.0
8013,2015,400000,95000,Diesel,27.62
8014,2012,416000,90000,Diesel,22.9
8015,2018,750000,35000,Diesel,27.39
8016,2013,190000,120000,Diesel,22.3
8017,2008,60000,120000,Diesel,17.88
8018,2006,300000,175000,Diesel,13.93
8019,2013,300000,90000,Petrol,18.9
8020,2007,65000,120000,Diesel,17.2
8021,2012,270000,108000,Diesel,17.8
8022,2014,600000,70000,Diesel,15.96
8023,2011,1200000,62000,Diesel,11.72
8024,2012,195000,35000,Petrol,21.1
8026,2008,100000,120000,Diesel,19.09
8027,2012,220000,67000,Petrol,20.36
8028,2016,320000,46737,Petrol,22.74
8029,2014,240000,30000,Petrol,18.6
8031,2014,275000,195000,Diesel,18.2
8032,2011,130000,70000,Petrol,16.5
8034,2015,600000,160000,Diesel,19.01
8035,2018,310000,20000,Petrol,24.7
8036,2018,432000,30000,Petrol,20.51
8037,2012,175000,90000,Diesel,19.4
8038,2016,770000,100000,Diesel,24.52
8039,2011,135000,110048,Petrol,20.92
8040,2018,680000,26000,Diesel,25.4
8041,2007,90000,110000,Petrol,18.9
8043,2007,100000,60000,Petrol,14.7
8044,2006,120000,70000,Petrol,19.7
8045,2017,750000,20171,Diesel,19.87
8046,2017,525000,37151,Diesel,27.3
8047,2015,649000,39000,Petrol,17.4
8048,2010,210000,44500,Petrol,16.47
8049,2016,526000,15000,Petrol,18.7
8050,2016,599000,39000,Petrol,15.9
8051,2015,500000,58161,Petrol,17.8
8052,2012,750000,50171,Petrol,11.1
8053,2011,325000,40000,Petrol,17.4
8054,2016,575000,55161,Petrol,17.8
8055,2012,245000,30000,Petrol,18.5
8056,2016,625000,55000,Petrol,17.8
8057,2013,580000,50000,Petrol,11.7
8059,2018,1175000,14000,Petrol,15.8
8060,2015,575000,9599,Petrol,17.8
8061,2017,600000,35000,Petrol,17.0
8062,2016,750000,16151,Petrol,17.8
8063,2016,890000,40000,Petrol,14.8
8064,2015,600000,28161,Petrol,17.8
8065,2010,114999,60000,Petrol,18.0
8066,2010,140000,60000,Petrol,18.0
8067,2011,360000,100000,Diesel,13.5
8068,2017,580000,165000,Diesel,19.3
8069,2017,500000,130000,Petrol,19.0
8070,2015,409999,60000,Diesel,25.8
8072,2014,450000,82000,Diesel,20.45
8073,2014,400000,20000,Petrol,18.9
8074,2013,295000,60000,Petrol,16.51
8075,2014,560000,90000,Diesel,26.21
8076,2006,150000,50000,Petrol,14.0
8078,2011,114999,100000,Petrol,18.0
8079,2007,90177,129000,Diesel,17.0
8080,2010,300000,100000,Diesel,11.57
8081,2005,110000,100000,Petrol,12.0
8082,2007,125000,110000,Diesel,17.8
8083,2008,300000,100000,Diesel,11.5
8084,2017,450000,20000,Petrol,18.9
8085,2011,300000,40000,Diesel,18.3
8086,2018,470000,30000,Petrol,23.1
8087,2015,330000,25000,Petrol,17.57
8088,2018,390000,25000,Petrol,20.51
8089,2011,46000,25000,Petrol,26.0
8090,2013,509999,170000,Diesel,20.45
8091,2010,125000,40000,Petrol,16.0
8092,2017,780000,28000,Diesel,22.54
8093,2011,450000,100000,Diesel,22.32
8094,2012,200000,80868,Petrol,13.7
8095,2012,260000,194000,Diesel,20.0
8096,2009,250000,151000,Diesel,17.8
8097,2018,880000,65000,Diesel,23.0
8098,2009,307000,100000,Diesel,17.8
8099,2013,750000,120000,Diesel,15.1
8100,2018,800000,85000,Diesel,21.5
8101,2012,450000,70000,Diesel,20.3
8102,2011,450000,128000,Diesel,22.32
8103,2006,130000,100000,Petrol,19.3
8104,2006,160000,70000,Petrol,16.9
8105,2004,135000,120000,Petrol,13.0
8106,2012,450000,128000,Diesel,22.32
8107,2013,325000,100000,Diesel,20.45
8109,2018,750000,24000,Diesel,24.4
8110,2017,425000,12000,Petrol,23.1
8111,2014,425000,50000,Diesel,23.59
8112,2018,746000,24000,Diesel,24.4
8113,2010,425000,129000,Diesel,12.8
8114,2011,200000,73000,Petrol,19.7
8116,2017,340000,45000,Petrol,23.95
8117,2015,625000,50000,Diesel,26.59
8118,2013,380000,25000,Petrol,18.5
8119,2017,360000,80000,Petrol,20.51
8120,2008,120000,191000,Petrol,17.92
8121,2013,260000,50000,Petrol,18.9
8122,2014,475000,80000,Diesel,22.54
8123,2013,320000,110000,Petrol,18.5
8124,2007,135000,119000,Diesel,16.8
8125,2009,382000,120000,Diesel,19.3
8126,2013,290000,25000,Diesel,23.57
8127,2013,290000,25000,Diesel,23.57
