text,emotion
What a shock — our family discovered the twist ending nobody saw coming.,surprise
"Our family finished the marathon, filled with pure happiness.",joy
My roommate found hair in the meal at the restaurant and immediately felt sick to the stomach.,disgust
"The crowd watched the shadow move across the wall, and panic set in immediately.",fear
What a shock — he heard the announcement that caught everyone off guard.,surprise
"The crowd listened to our old song and felt hollow, and it left a lasting ache.",sadness
My sister got a call saying I'd won an award I never applied for and stood there completely stunned.,surprise
The crowd listened to our old song and felt hollow and couldn't hold back the tears.,sadness
My boss landed the job offer and felt overjoyed about it.,joy
My boss hit a new personal record at the gym and celebrated with everyone around.,joy
"My mom smelled the garbage that had been sitting out for days, and had to look away in disgust.",disgust
The team watched the kids open their presents on Christmas morning and celebrated with everyone around.,joy
"The whole class discovered the contractor lied about the work, and was seething with rage.",anger
"The whole class couldn't say goodbye in time, and a heavy sorrow followed.",sadness
My mom opened the fridge to find it fully stocked by a neighbor and stood there completely stunned.,surprise
"My brother realized the relationship was over, and a heavy sorrow followed.",sadness
"The team heard the dog growl at something unseen in the yard, terrified of what might happen next.",fear
"My neighbor saw maggots in the trash can, and it was utterly revolting.",disgust
"We spent the holiday alone this year, and a deep sadness settled in.",sadness
My partner couldn't say goodbye in time and couldn't hold back the tears.,sadness
"The kids read the goodbye letter one more time, and it left a lasting ache.",sadness
"The whole class found a stranger had paid for our whole meal, and gasped in disbelief.",surprise
"The crowd heard someone try the locked door handle at night, and couldn't shake the sense of danger.",fear
"She heard the power go out during the thunderstorm, shaking with fear the whole time.",fear
"The whole class ran into my old teacher at the airport, and jaw dropped in astonishment.",surprise
"The whole class felt the boat rock violently in the storm, and braced for the worst in anxious dread.",fear
"The team got the promotion I've been working towards, grinning from ear to ear.",joy
"My sister was lied to right to my face, and slammed the door in anger.",anger
"The crowd saw the smoke alarm go off at 3am, and braced for the worst in anxious dread.",fear
"My coworker saw my favorite band live, grinning from ear to ear.",joy
"My dad found out my trust was betrayed, and snapped at everyone afterward.",anger
"She opened the door to find an old friend waiting, and was speechless for a moment.",surprise
"My sister spent the holiday alone this year, and everything felt empty afterward.",sadness
"The kids reunited with an old friend after years apart, grinning from ear to ear.",joy
"I kept getting the same excuse over and over, and snapped at everyone afterward.",anger
The team planted a garden that's finally blooming and celebrated with everyone around.,joy
"The crowd had my idea stolen and presented as someone else's, and it was the last straw.",anger
"My mom saw the dirty dishes piled up for a week, and it was absolutely repulsive.",disgust
"My partner landed the job offer, grinning from ear to ear.",joy
So much happiness today because my mom saw my favorite band live.,joy
"My dad opened the door to find an old friend waiting, totally caught off guard.",surprise
"The whole class found hair in the meal at the restaurant, and it turned my stomach.",disgust
"My friend found mold growing in the leftover food, and had to look away in disgust.",disgust
"The kids heard footsteps behind me on the dark street, and panic set in immediately.",fear
"The whole class saw the overflowing public restroom, gagging at the sight of it.",disgust
My mom reunited with an old friend after years apart and celebrated with everyone around.,joy
So gross — the kids saw someone litter directly on the beach.,disgust
"My brother missed the last train home in the rain, feeling low for the rest of the day.",sadness
"My mom got the call from the hospital in the middle of the night, and panic set in immediately.",fear
"My friend watched the shadow move across the wall, terrified of what might happen next.",fear
My dad watched the kids open their presents on Christmas morning and couldn't stop smiling all day.,joy
"My roommate watched the video of the unsanitary restaurant kitchen, and had to look away in disgust.",disgust
Our family saw my favorite band live and felt overjoyed about it.,joy
My sister opened the door to find an old friend waiting and stood there completely stunned.,surprise
"We found out my trust was betrayed, and it was the last straw.",anger
"My sister discovered the twist ending nobody saw coming, and it was the last thing anyone expected.",surprise
"My boss discovered a hidden room in the old house, and it was the last thing anyone expected.",surprise
"She found out the trip got cancelled, and it left a lasting ache.",sadness
"My best friend was blamed for a mistake I didn't make, and it made my blood boil.",anger
"My dad landed the job offer, and it felt absolutely wonderful.",joy
"My roommate opened the door to find an old friend waiting, totally caught off guard.",surprise
My best friend spent the whole day laughing with friends! Best day ever.,joy
My boss got accepted into my dream university! Best day ever.,joy
"He heard the sad news about the layoffs, and a deep sadness settled in.",sadness
The whole class hit a new personal record at the gym and couldn't stop smiling all day.,joy
"My sister discovered the twist ending nobody saw coming, and gasped in disbelief.",surprise
My partner noticed the rotten smell coming from under the sink and immediately felt sick to the stomach.,disgust
"He watched the referee make an unfair call, and was seething with rage.",anger
"My dad heard footsteps behind me on the dark street, and couldn't shake the sense of danger.",fear
"My coworker realized the relationship was over, and everything felt empty afterward.",sadness
My neighbor hit a new personal record at the gym and celebrated with everyone around.,joy
He got accepted into my dream university! Best day ever.,joy
"My coworker saw the entire office decorated for my birthday, and could hardly believe their eyes.",surprise
"The crowd landed the job offer, and my heart felt so light.",joy
My neighbor found out I passed the exam! Best day ever.,joy
"My best friend got a call saying I'd won an award I never applied for, and it was the last thing anyone expected.",surprise
What a joy — our family opened a birthday present early.,joy
What a shock — my coworker walked into a surprise party thrown by my friends.,surprise
"My neighbor felt the boat rock violently in the storm, shaking with fear the whole time.",fear
"My coworker found mold growing in the leftover food, wrinkling my nose in disgust.",disgust
"My mom watched the pile of dirty laundry grow mold in the corner, wrinkling my nose in disgust.",disgust
"My dad lost my grandmother last week, feeling low for the rest of the day.",sadness
"The crowd was yelled at for no reason, and it was infuriating.",anger
"My partner discovered the twist ending nobody saw coming, and it was the last thing anyone expected.",surprise
"My boss waited two hours for a refund that never came, and slammed the door in anger.",anger
"She discovered the contractor lied about the work, and was seething with rage.",anger
"My friend missed the last train home in the rain, and it left a lasting ache.",sadness
"My sister watched the video of the unsanitary restaurant kitchen, and it was utterly revolting.",disgust
It broke my heart when my dad watched my best friend move away.,sadness
"The team saw the dirty dishes piled up for a week, and it turned my stomach.",disgust
"Our family realized the relationship was over, and just wanted to be alone and cry.",sadness
"My partner remembered the anniversary of the loss, feeling completely heartbroken.",sadness
"My brother saw the kitchen left in a filthy state, and it was utterly revolting.",disgust
"The kids watched someone spit on the sidewalk, wrinkling my nose in disgust.",disgust
The kids watched the pile of dirty laundry grow mold in the corner and immediately felt sick to the stomach.,disgust
"My best friend heard the dog growl at something unseen in the yard, and couldn't shake the sense of danger.",fear
Our family watched the pile of dirty laundry grow mold in the corner and immediately felt sick to the stomach.,disgust
"My coworker heard a strange noise in the empty house, and a chill of dread ran down my spine.",fear
It broke my heart when my boss missed the last train home in the rain.,sadness
"He ran into my old teacher at the airport, out of absolutely nowhere.",surprise
"My coworker saw the smoke alarm go off at 3am, terrified of what might happen next.",fear
"The crowd opened the door to find an old friend waiting, and gasped in disbelief.",surprise
"The crowd was yelled at for no reason, and it felt completely unfair and enraging.",anger
"My neighbor found the bathroom left in a disgusting state after the party, wrinkling my nose in disgust.",disgust
"We spent the holiday alone this year, and the loneliness was overwhelming.",sadness
"My mom waited two hours for a refund that never came, and it made my blood boil.",anger
"He kept getting the same excuse over and over, and snapped at everyone afterward.",anger
My partner adopted a puppy today and felt overjoyed about it.,joy
"I heard the power go out during the thunderstorm, and a chill of dread ran down my spine.",fear
"The whole class found the bathroom left in a disgusting state after the party, and it was utterly revolting.",disgust
My mom got a surprise visit from family and couldn't stop smiling all day.,joy
I was yelled at for no reason and was absolutely furious about it.,anger
I got accepted into my dream university! Best day ever.,joy
"My partner discovered the twist ending nobody saw coming, out of absolutely nowhere.",surprise
"My sister heard the power go out during the thunderstorm, and my heart started racing with fear.",fear
"My mom saw fireworks go off out of nowhere, out of absolutely nowhere.",surprise
"Our family reunited with an old friend after years apart, filled with pure happiness.",joy
"My friend remembered the anniversary of the loss, and just wanted to be alone and cry.",sadness
"My roommate walked into a surprise party thrown by my friends, and it took a while to process the surprise.",surprise
"He won the small lottery prize, filled with pure happiness.",joy
"My best friend waited two hours for a refund that never came, and was seething with rage.",anger
"My mom was mocked in front of everyone, and I could not believe the audacity.",anger
My dad noticed the rotten smell coming from under the sink and immediately felt sick to the stomach.,disgust
We watched the kids open their presents on Christmas morning and couldn't stop smiling all day.,joy
So frustrated — my dad discovered the contractor lied about the work.,anger
"I saw the kitchen left in a filthy state, and could not stand to be in the room.",disgust
I watched the shadow move across the wall and froze in terror.,fear
"My brother saw the entire office decorated for my birthday, and jaw dropped in astonishment.",surprise
"My coworker waited for the biopsy results, terrified of what might happen next.",fear
"My neighbor couldn't say goodbye in time, and just wanted to be alone and cry.",sadness
"We read the goodbye letter one more time, and the loneliness was overwhelming.",sadness
"My best friend found out the rumor was actually true, and jaw dropped in astonishment.",surprise
The whole class remembered the anniversary of the loss and couldn't hold back the tears.,sadness
"My sister had to say goodbye to my childhood home, and a heavy sorrow followed.",sadness
"I heard someone try the locked door handle at night, and braced for the worst in anxious dread.",fear
"My boss found out I passed the exam, filled with pure happiness.",joy
"My boss saw the overflowing public restroom, and it turned my stomach.",disgust
"My sister was interrupted for the third time in a row, and was seething with rage.",anger
"My partner saw the entire office decorated for my birthday, and jaw dropped in astonishment.",surprise
"The kids realized we were lost deep in the woods after dark, and my heart started racing with fear.",fear
"She watched the shadow move across the wall, and braced for the worst in anxious dread.",fear
"My mom smelled the garbage that had been sitting out for days, wrinkling my nose in disgust.",disgust
"My neighbor found a letter from someone I hadn't heard from in years, out of absolutely nowhere.",surprise
"My neighbor lost my grandmother last week, and a heavy sorrow followed.",sadness
"My sister sat through the funeral trying not to cry, and it left a lasting ache.",sadness
"The kids found out my coworker was secretly the author of the book, totally caught off guard.",surprise
My sister found out I was accepted a full year early and stood there completely stunned.,surprise
"My mom found a cockroach crawling across the counter, and it turned my stomach.",disgust
The kids spent the holiday alone this year and couldn't hold back the tears.,sadness
"My best friend reunited with an old friend after years apart, grinning from ear to ear.",joy
Our family found out the rumor was actually true and stood there completely stunned.,surprise
"The whole class sat alone in the empty apartment, and everything felt empty afterward.",sadness
"Our family noticed the mildew smell coming from the carpet, and refused to touch anything after that.",disgust
"My dad found a cockroach crawling across the counter, and it was absolutely repulsive.",disgust
"My roommate saw the check engine light flash on the highway, shaking with fear the whole time.",fear
"The kids saw my favorite band live, and my heart felt so light.",joy
So frustrated — my roommate watched someone cut the line.,anger
So gross — the whole class found hair in the meal at the restaurant.,disgust
So much happiness today because my best friend won the small lottery prize.,joy
"The kids planted a garden that's finally blooming, and it felt absolutely wonderful.",joy
"My roommate had the neighbor's dog ruin the garden again, and it made my blood boil.",anger
She missed the last train home in the rain and couldn't hold back the tears.,sadness
"My partner got a text saying we need to talk right away, and was too scared to move.",fear
"My best friend watched someone cut the line, and I could not believe the audacity.",anger
"My brother found the milk had gone sour and lumpy, and it was absolutely repulsive.",disgust
"My partner watched the pile of dirty laundry grow mold in the corner, and it was absolutely repulsive.",disgust
"She listened to our old song and felt hollow, and a deep sadness settled in.",sadness
My dad saw my favorite band live and felt overjoyed about it.,joy
"My best friend watched the news about the approaching hurricane, and the fear was paralyzing.",fear
"My boss heard the power go out during the thunderstorm, terrified of what might happen next.",fear
What a shock — my friend found a letter from someone I hadn't heard from in years.,surprise
"We walked into a surprise party thrown by my friends, and jaw dropped in astonishment.",surprise
"The crowd heard someone try the locked door handle at night, and my heart started racing with fear.",fear
"The crowd packed away the belongings of someone I lost, and a deep sadness settled in.",sadness
"My partner sat through another broken promise, and it was infuriating.",anger
"My partner heard the dog growl at something unseen in the yard, and panic set in immediately.",fear
"My sister planted a garden that's finally blooming, and my heart felt so light.",joy
"I was interrupted for the third time in a row, and snapped at everyone afterward.",anger
"The kids was overcharged and refused a refund, and it was the last straw.",anger
"My brother had the neighbor's dog ruin the garden again, and snapped at everyone afterward.",anger
He saw my favorite band live and celebrated with everyone around.,joy
"My brother saw the smoke alarm go off at 3am, and my heart started racing with fear.",fear
The team got accepted into my dream university and felt overjoyed about it.,joy
"I heard the announcement that caught everyone off guard, and it took a while to process the surprise.",surprise
"He found a stranger had paid for our whole meal, and it took a while to process the surprise.",surprise
"The kids got the call from the hospital in the middle of the night, and braced for the worst in anxious dread.",fear
"We found hair in the meal at the restaurant, and had to look away in disgust.",disgust
The crowd cooked a meal that turned out perfectly and couldn't stop smiling all day.,joy
"I realized we were lost deep in the woods after dark, and a chill of dread ran down my spine.",fear
"She watched the video of the unsanitary restaurant kitchen, and it was utterly revolting.",disgust
"The kids found the milk had gone sour and lumpy, and had to look away in disgust.",disgust
"My partner noticed the mildew smell coming from the carpet, and it was absolutely repulsive.",disgust
The crowd danced all night at the wedding! Best day ever.,joy
"My neighbor failed the final exam after months of studying, and it left a lasting ache.",sadness
"We watched someone cut the line, and was seething with rage.",anger
What a joy — the kids watched the kids open their presents on Christmas morning.,joy
"My dad watched the rain fall on an empty street, and a heavy sorrow followed.",sadness
"My mom lost my job unexpectedly, and the loneliness was overwhelming.",sadness
"We watched the video of the unsanitary restaurant kitchen, and it was absolutely repulsive.",disgust
"My dad received an unexpected gift, grinning from ear to ear.",joy
"My sister was lied to right to my face, and it was infuriating.",anger
"We was yelled at for no reason, and it felt completely unfair and enraging.",anger
"He saw the dirty dishes piled up for a week, and it was utterly revolting.",disgust
He lost my grandmother last week and couldn't hold back the tears.,sadness
Our family watched the sunrise on the beach! Best day ever.,joy
"My boss read the goodbye letter one more time, feeling completely heartbroken.",sadness
"She found out the rumor was actually true, and it took a while to process the surprise.",surprise
"My neighbor was ignored during the entire meeting, and slammed the door in anger.",anger
"My best friend kept getting the same excuse over and over, and it felt completely unfair and enraging.",anger
"The whole class opened the box to find something completely unexpected, and jaw dropped in astonishment.",surprise
"He watched the old photographs and felt the years slip by, feeling low for the rest of the day.",sadness
"My brother felt the ground shake during the earthquake, shaking with fear the whole time.",fear
"My neighbor cancelled the trip we had planned together, and a heavy sorrow followed.",sadness
My neighbor was yelled at for no reason and was absolutely furious about it.,anger
It broke my heart when the team packed away the belongings of someone I lost.,sadness
So much happiness today because my sister got the promotion I've been working towards.,joy
"My roommate saw someone litter directly on the beach, and it was absolutely repulsive.",disgust
"Our family felt the elevator jolt to a stop between floors, and couldn't shake the sense of danger.",fear
"The whole class felt the elevator jolt to a stop between floors, and my heart started racing with fear.",fear
"My brother cancelled the trip we had planned together, feeling completely heartbroken.",sadness
"My neighbor was lied to right to my face, and it was infuriating.",anger
"The kids got cut off in traffic again, and slammed the door in anger.",anger
"My dad watched the underdog team win in the final second, and it was the last thing anyone expected.",surprise
"My neighbor waited for the biopsy results, terrified of what might happen next.",fear
"My best friend got charged twice for the same order, and I could not believe the audacity.",anger
It broke my heart when my sister spent the holiday alone this year.,sadness
"The whole class watched the rain fall on an empty street, feeling low for the rest of the day.",sadness
"Our family failed the final exam after months of studying, and just wanted to be alone and cry.",sadness
"He realized we were lost deep in the woods after dark, and my heart started racing with fear.",fear
"My roommate felt the plane shake violently in turbulence, and panic set in immediately.",fear
"Our family was mocked in front of everyone, and it made my blood boil.",anger
"My brother received an unexpected gift, filled with pure happiness.",joy
So frustrated — the whole class found out my trust was betrayed.,anger
"My best friend smelled the garbage that had been sitting out for days, and could not stand to be in the room.",disgust
"My roommate saw the smoke alarm go off at 3am, and a chill of dread ran down my spine.",fear
"My best friend found a cockroach crawling across the counter, and it was absolutely repulsive.",disgust
What a shock — the kids found out I was accepted a full year early.,surprise
"My roommate watched the shadow move across the wall, and panic set in immediately.",fear
"My boss was interrupted for the third time in a row, and I could not believe the audacity.",anger
"My partner got cut off in traffic again, and snapped at everyone afterward.",anger
"I heard a strange noise in the empty house, and braced for the worst in anxious dread.",fear
"The kids watched someone cut the line, and it was the last straw.",anger
My boss watched the sunrise on the beach and couldn't stop smiling all day.,joy
"Our family saw the overflowing public restroom, and had to look away in disgust.",disgust
"The team planted a garden that's finally blooming, and my heart felt so light.",joy
She won the small lottery prize and couldn't stop smiling all day.,joy
So much happiness today because my coworker won the small lottery prize.,joy
What a joy — the kids found out I passed the exam.,joy
"Our family realized the relationship was over, feeling low for the rest of the day.",sadness
It broke my heart when the crowd packed away the belongings of someone I lost.,sadness
"My roommate watched someone chew with their mouth wide open, and could not stand to be in the room.",disgust
"The team found hair in the meal at the restaurant, wrinkling my nose in disgust.",disgust
"My best friend found a stranger had paid for our whole meal, and could hardly believe their eyes.",surprise
He watched someone cut the line and was absolutely furious about it.,anger
"He watched the news about the approaching hurricane, and panic set in immediately.",fear
"My boss heard a strange noise in the empty house, and panic set in immediately.",fear
My best friend finally paid off all my debt and couldn't stop smiling all day.,joy
What a shock — my neighbor walked into a surprise party thrown by my friends.,surprise
"My brother missed the last train home in the rain, feeling completely heartbroken.",sadness
"She spent the holiday alone this year, and everything felt empty afterward.",sadness
"My neighbor found the milk had gone sour and lumpy, and it was utterly revolting.",disgust
"My friend saw fireworks go off out of nowhere, and it was the last thing anyone expected.",surprise
What a joy — my friend landed the job offer.,joy
"I realized we were lost deep in the woods after dark, and the fear was paralyzing.",fear
"I found out the trip got cancelled, feeling completely heartbroken.",sadness
"My neighbor opened the door to find an old friend waiting, and jaw dropped in astonishment.",surprise
"My neighbor watched the underdog team win in the final second, totally caught off guard.",surprise
"My sister listened to our old song and felt hollow, and it left a lasting ache.",sadness
"My partner noticed the rotten smell coming from under the sink, wrinkling my nose in disgust.",disgust
"My brother found a cockroach crawling across the counter, and it was absolutely repulsive.",disgust
"The team watched the news about the approaching hurricane, and a chill of dread ran down my spine.",fear
My friend reunited with an old friend after years apart and celebrated with everyone around.,joy
"My boss felt the boat rock violently in the storm, and panic set in immediately.",fear
"Our family sat through the funeral trying not to cry, and a deep sadness settled in.",sadness
"The whole class watched the news about the approaching hurricane, and braced for the worst in anxious dread.",fear
"My friend realized the relationship was over, feeling low for the rest of the day.",sadness
My neighbor got accepted into my dream university! Best day ever.,joy
"My boss noticed the rotten smell coming from under the sink, and could not stand to be in the room.",disgust
"She found a letter from someone I hadn't heard from in years, and it took a while to process the surprise.",surprise
"The whole class got an email saying the project was already approved, and was speechless for a moment.",surprise
My brother cooked a meal that turned out perfectly and couldn't stop smiling all day.,joy
"My neighbor saw someone litter directly on the beach, gagging at the sight of it.",disgust
"My sister waited two hours for a refund that never came, and it was infuriating.",anger
He waited two hours for a refund that never came and was absolutely furious about it.,anger
"Our family watched someone spit on the sidewalk, and it was absolutely repulsive.",disgust
"My neighbor lost my grandmother last week, and it left a lasting ache.",sadness
"My best friend saw headlights speeding straight at us, and my heart started racing with fear.",fear
"My neighbor got the promotion I've been working towards, filled with pure happiness.",joy
"The whole class kept getting the same excuse over and over, and it was the last straw.",anger
"The team discovered the contractor lied about the work, and was seething with rage.",anger
"My neighbor discovered the contractor lied about the work, and it was infuriating.",anger
"My mom heard footsteps behind me on the dark street, terrified of what might happen next.",fear
"My dad kept getting the same excuse over and over, and it made my blood boil.",anger
What a shock — my sister heard the announcement that caught everyone off guard.,surprise
"My roommate ran into my old teacher at the airport, and it was the last thing anyone expected.",surprise
The crowd adopted a puppy today and felt overjoyed about it.,joy
"The whole class cooked a meal that turned out perfectly, and my heart felt so light.",joy
"My friend found hair in the meal at the restaurant, and had to look away in disgust.",disgust
"My best friend heard footsteps behind me on the dark street, shaking with fear the whole time.",fear
"My best friend watched the news about the approaching hurricane, terrified of what might happen next.",fear
"My neighbor remembered the anniversary of the loss, feeling completely heartbroken.",sadness
"I saw the dirty dishes piled up for a week, and had to look away in disgust.",disgust
"My best friend felt the boat rock violently in the storm, and couldn't shake the sense of danger.",fear
"My roommate watched my best friend move away, and it left a lasting ache.",sadness
"She realized we were lost deep in the woods after dark, terrified of what might happen next.",fear
So much happiness today because we planted a garden that's finally blooming.,joy
"My friend found out my trust was betrayed, and was seething with rage.",anger
"My dad watched the old photographs and felt the years slip by, and just wanted to be alone and cry.",sadness
"The crowd finished the marathon, filled with pure happiness.",joy
What a shock — he found out the rumor was actually true.,surprise
She cooked a meal that turned out perfectly and celebrated with everyone around.,joy
"He saw the kitchen left in a filthy state, and refused to touch anything after that.",disgust
"The whole class heard a strange noise in the empty house, and was too scared to move.",fear
"My coworker read the goodbye letter one more time, feeling low for the rest of the day.",sadness
"My mom watched someone chew with their mouth wide open, gagging at the sight of it.",disgust
"My friend walked into a surprise party thrown by my friends, and could hardly believe their eyes.",surprise
"My partner got a text saying we need to talk right away, and my heart started racing with fear.",fear
"Our family landed the job offer, and my heart felt so light.",joy
"She found the milk had gone sour and lumpy, wrinkling my nose in disgust.",disgust
"The team was yelled at for no reason, and I could not believe the audacity.",anger
"My mom lost my job unexpectedly, and a deep sadness settled in.",sadness
So much happiness today because he watched the sunrise on the beach.,joy
"My friend sat alone in the empty apartment, feeling low for the rest of the day.",sadness
"My dad had to say goodbye to my childhood home, and just wanted to be alone and cry.",sadness
"My boss saw fireworks go off out of nowhere, and jaw dropped in astonishment.",surprise
"He opened a birthday present early, and it felt absolutely wonderful.",joy
"The kids watched the pile of dirty laundry grow mold in the corner, gagging at the sight of it.",disgust
"I watched the rain fall on an empty street, feeling low for the rest of the day.",sadness
"The kids felt the ground shake during the earthquake, and a chill of dread ran down my spine.",fear
It broke my heart when i couldn't say goodbye in time.,sadness
"My best friend saw the storm clouds rolling in fast, and my heart started racing with fear.",fear
"My best friend watched my best friend move away, feeling completely heartbroken.",sadness
"My neighbor found the food crawling with ants, and it was absolutely repulsive.",disgust
My roommate got the promotion I've been working towards and couldn't stop smiling all day.,joy
"Our family watched the referee make an unfair call, and was seething with rage.",anger
My neighbor won the small lottery prize and celebrated with everyone around.,joy
"The whole class cancelled the trip we had planned together, feeling completely heartbroken.",sadness
My dad spent the whole day laughing with friends and couldn't stop smiling all day.,joy
"She saw the entire office decorated for my birthday, and it took a while to process the surprise.",surprise
"My dad watched the video of the unsanitary restaurant kitchen, and could not stand to be in the room.",disgust
"The team heard someone try the locked door handle at night, and my heart started racing with fear.",fear
"I smelled the garbage that had been sitting out for days, gagging at the sight of it.",disgust
"My brother spent the holiday alone this year, and it left a lasting ache.",sadness
"My sister discovered the contractor lied about the work, and it was the last straw.",anger
"The team watched the kids open their presents on Christmas morning, and my heart felt so light.",joy
"My friend found the milk had gone sour and lumpy, gagging at the sight of it.",disgust
"The crowd got a text saying we need to talk right away, and panic set in immediately.",fear
"My coworker was mocked in front of everyone, and was seething with rage.",anger
So much happiness today because my boss opened a birthday present early.,joy
"The whole class found hair in the meal at the restaurant, and could not stand to be in the room.",disgust
"My mom waited for the biopsy results, terrified of what might happen next.",fear
My best friend landed the job offer and couldn't stop smiling all day.,joy
"The kids had the neighbor's dog ruin the garden again, and it made my blood boil.",anger
"The crowd watched the underdog team win in the final second, out of absolutely nowhere.",surprise
My partner cooked a meal that turned out perfectly and celebrated with everyone around.,joy
My brother heard the announcement that caught everyone off guard and stood there completely stunned.,surprise
"My dad heard the power go out during the thunderstorm, and couldn't shake the sense of danger.",fear
"My partner discovered the twist ending nobody saw coming, and gasped in disbelief.",surprise
"My mom was overcharged and refused a refund, and it was infuriating.",anger
"The whole class watched the rain fall on an empty street, and just wanted to be alone and cry.",sadness
So much happiness today because the team cooked a meal that turned out perfectly.,joy
"My friend watched the rain fall on an empty street, and a deep sadness settled in.",sadness
So gross — he saw someone litter directly on the beach.,disgust
"My neighbor saw the storm clouds rolling in fast, and panic set in immediately.",fear
"My boss found the milk had gone sour and lumpy, and could not stand to be in the room.",disgust
"The crowd found out the rumor was actually true, and was speechless for a moment.",surprise
"We saw the overflowing public restroom, gagging at the sight of it.",disgust
"The crowd watched the old photographs and felt the years slip by, and everything felt empty afterward.",sadness
"The whole class found a letter from someone I hadn't heard from in years, totally caught off guard.",surprise
So frustrated — my boss was blamed for a mistake I didn't make.,anger
"My roommate opened the door to find an old friend waiting, and could hardly believe their eyes.",surprise
"My boss listened to our old song and felt hollow, and the loneliness was overwhelming.",sadness
"My neighbor noticed someone following the car for several blocks, and a chill of dread ran down my spine.",fear
"My mom found the food crawling with ants, gagging at the sight of it.",disgust
"I got an email saying the project was already approved, and it took a while to process the surprise.",surprise
The whole class found the package smashed after waiting all week and was absolutely furious about it.,anger
The team got the promotion I've been working towards and couldn't stop smiling all day.,joy
The crowd remembered the anniversary of the loss and couldn't hold back the tears.,sadness
"My boss heard the power go out during the thunderstorm, and the fear was paralyzing.",fear
The team felt the plane shake violently in turbulence and froze in terror.,fear
"My partner had my idea stolen and presented as someone else's, and it made my blood boil.",anger
So gross — my mom found the food crawling with ants.,disgust
My brother found out I was accepted a full year early and stood there completely stunned.,surprise
"My partner cancelled the trip we had planned together, and just wanted to be alone and cry.",sadness
"I watched the news report about the contaminated water supply, and it was absolutely repulsive.",disgust
"We listened to our old song and felt hollow, and the loneliness was overwhelming.",sadness
"The whole class danced all night at the wedding, grinning from ear to ear.",joy
"My roommate was blamed for a mistake I didn't make, and I could not believe the audacity.",anger
"My brother got charged twice for the same order, and it was infuriating.",anger
She saw my favorite band live and couldn't stop smiling all day.,joy
"The whole class finally paid off all my debt, filled with pure happiness.",joy
So frustrated — she found the package smashed after waiting all week.,anger
"We was interrupted for the third time in a row, and it made my blood boil.",anger
The crowd sat through another broken promise and was absolutely furious about it.,anger
"My neighbor walked into a surprise party thrown by my friends, and gasped in disbelief.",surprise
"My mom was yelled at for no reason, and it was the last straw.",anger
The team danced all night at the wedding and celebrated with everyone around.,joy
She got the promotion I've been working towards and felt overjoyed about it.,joy
What a shock — my friend walked into a surprise party thrown by my friends.,surprise
"The kids got cut off in traffic again, and it was infuriating.",anger
So much happiness today because my dad cooked a meal that turned out perfectly.,joy
"He saw the kitchen left in a filthy state, gagging at the sight of it.",disgust
"My partner was overcharged and refused a refund, and snapped at everyone afterward.",anger
"My brother discovered a hidden room in the old house, and could hardly believe their eyes.",surprise
"He saw the storm clouds rolling in fast, and a chill of dread ran down my spine.",fear
What a joy — my best friend adopted a puppy today.,joy
"My mom missed the last train home in the rain, and it left a lasting ache.",sadness
"My friend found out my trust was betrayed, and it was infuriating.",anger
"The team couldn't say goodbye in time, and the loneliness was overwhelming.",sadness
It broke my heart when my dad sat alone in the empty apartment.,sadness
"The crowd had the neighbor's dog ruin the garden again, and I could not believe the audacity.",anger
"My partner found a letter from someone I hadn't heard from in years, and gasped in disbelief.",surprise
"She had my idea stolen and presented as someone else's, and snapped at everyone afterward.",anger
"The crowd got a text saying we need to talk right away, and my heart started racing with fear.",fear
"My roommate discovered a hidden room in the old house, and was speechless for a moment.",surprise
"The crowd saw headlights speeding straight at us, and panic set in immediately.",fear
"The crowd found the milk had gone sour and lumpy, and it was absolutely repulsive.",disgust
"The team watched my best friend move away, and a deep sadness settled in.",sadness
It broke my heart when my sister watched the rain fall on an empty street.,sadness
What a shock — my dad found out the rumor was actually true.,surprise
"My best friend spent the whole day laughing with friends, and my heart felt so light.",joy
"The crowd watched the pile of dirty laundry grow mold in the corner, and it was absolutely repulsive.",disgust
"My partner saw the entire office decorated for my birthday, totally caught off guard.",surprise
"My dad realized we were lost deep in the woods after dark, and a chill of dread ran down my spine.",fear
"The crowd was mocked in front of everyone, and slammed the door in anger.",anger
"The team was mocked in front of everyone, and I could not believe the audacity.",anger
My boss found a stranger had paid for our whole meal and stood there completely stunned.,surprise
"My neighbor lost my grandmother last week, and just wanted to be alone and cry.",sadness
"Our family discovered the contractor lied about the work, and snapped at everyone afterward.",anger
My dad found out I passed the exam and celebrated with everyone around.,joy
"My dad found out I was accepted a full year early, and gasped in disbelief.",surprise
"My neighbor saw fireworks go off out of nowhere, totally caught off guard.",surprise
"I found out the rumor was actually true, and jaw dropped in astonishment.",surprise
"My partner was blamed for a mistake I didn't make, and it felt completely unfair and enraging.",anger
"My dad was mocked in front of everyone, and snapped at everyone afterward.",anger
"I watched the pile of dirty laundry grow mold in the corner, wrinkling my nose in disgust.",disgust
Our family danced all night at the wedding! Best day ever.,joy
My best friend reunited with an old friend after years apart! Best day ever.,joy
"The crowd felt the elevator jolt to a stop between floors, terrified of what might happen next.",fear
We got the promotion I've been working towards and couldn't stop smiling all day.,joy
"My best friend realized the relationship was over, feeling completely heartbroken.",sadness
"My neighbor was lied to right to my face, and it was the last straw.",anger
"The whole class had to say goodbye to my childhood home, feeling completely heartbroken.",sadness
So gross — she found the milk had gone sour and lumpy.,disgust
"She got an email saying the project was already approved, totally caught off guard.",surprise
"The crowd got cut off in traffic again, and it made my blood boil.",anger
My dad adopted a puppy today and couldn't stop smiling all day.,joy
"My coworker found mold growing in the leftover food, and it turned my stomach.",disgust
"We found the bathroom left in a disgusting state after the party, and had to look away in disgust.",disgust
"The crowd was interrupted for the third time in a row, and slammed the door in anger.",anger
"My brother had to say goodbye to my childhood home, and it left a lasting ache.",sadness
"My coworker spent the whole day laughing with friends, and my heart felt so light.",joy
"My friend was lied to right to my face, and it was the last straw.",anger
"The crowd watched my best friend move away, and just wanted to be alone and cry.",sadness
Our family felt the ground shake during the earthquake and froze in terror.,fear
"We saw the storm clouds rolling in fast, and braced for the worst in anxious dread.",fear
Our family was interrupted for the third time in a row and was absolutely furious about it.,anger
"My partner watched someone chew with their mouth wide open, and could not stand to be in the room.",disgust
"My dad got accepted into my dream university, and it felt absolutely wonderful.",joy
"She walked into a surprise party thrown by my friends, and was speechless for a moment.",surprise
"My brother watched the news report about the contaminated water supply, gagging at the sight of it.",disgust
"The team saw the dirty dishes piled up for a week, and could not stand to be in the room.",disgust
"My coworker was blamed for a mistake I didn't make, and it made my blood boil.",anger
The whole class had to say goodbye to my childhood home and couldn't hold back the tears.,sadness
My dad got charged twice for the same order and was absolutely furious about it.,anger
"My dad found a cockroach crawling across the counter, gagging at the sight of it.",disgust
Our family spent the holiday alone this year and couldn't hold back the tears.,sadness
"My partner heard the dog growl at something unseen in the yard, and a chill of dread ran down my spine.",fear
My boss lost my grandmother last week and couldn't hold back the tears.,sadness
My neighbor watched my best friend move away and couldn't hold back the tears.,sadness
"She kept getting the same excuse over and over, and snapped at everyone afterward.",anger
"My partner remembered the anniversary of the loss, and everything felt empty afterward.",sadness
"My sister found out my coworker was secretly the author of the book, and was speechless for a moment.",surprise
The crowd was mocked in front of everyone and was absolutely furious about it.,anger
My boss saw my favorite band live! Best day ever.,joy
"My mom discovered the twist ending nobody saw coming, and was speechless for a moment.",surprise
"My partner was blamed for a mistake I didn't make, and snapped at everyone afterward.",anger
The crowd landed the job offer! Best day ever.,joy
My best friend reunited with an old friend after years apart and felt overjoyed about it.,joy
"The crowd watched the rain fall on an empty street, and a deep sadness settled in.",sadness
"My partner got an email saying the project was already approved, out of absolutely nowhere.",surprise
"My coworker saw fireworks go off out of nowhere, and it was the last thing anyone expected.",surprise
"My friend found the package smashed after waiting all week, and was seething with rage.",anger
"My coworker felt the plane shake violently in turbulence, shaking with fear the whole time.",fear
My friend was overcharged and refused a refund and was absolutely furious about it.,anger
My mom hit a new personal record at the gym! Best day ever.,joy
"My mom found out the rumor was actually true, and it took a while to process the surprise.",surprise
My friend planted a garden that's finally blooming! Best day ever.,joy
"Our family found out my trust was betrayed, and it was infuriating.",anger
"I noticed the mildew smell coming from the carpet, and could not stand to be in the room.",disgust
"My brother found the package smashed after waiting all week, and it was the last straw.",anger
"He saw fireworks go off out of nowhere, totally caught off guard.",surprise
"We was overcharged and refused a refund, and snapped at everyone afterward.",anger
What a shock — my friend discovered the twist ending nobody saw coming.,surprise
I finally paid off all my debt and felt overjoyed about it.,joy
"She saw the dirty dishes piled up for a week, and had to look away in disgust.",disgust
"The crowd saw the check engine light flash on the highway, and was too scared to move.",fear
"She watched the old photographs and felt the years slip by, and it left a lasting ache.",sadness
"The whole class realized we were lost deep in the woods after dark, and panic set in immediately.",fear
My best friend got accepted into my dream university and couldn't stop smiling all day.,joy
"Our family found the food crawling with ants, gagging at the sight of it.",disgust
"The whole class got cut off in traffic again, and I could not believe the audacity.",anger
"The kids had my flight cancelled with no explanation, and it was the last straw.",anger
"We missed the last train home in the rain, and a deep sadness settled in.",sadness
"My partner watched someone chew with their mouth wide open, and it turned my stomach.",disgust
I received an unexpected gift! Best day ever.,joy
"I waited for the biopsy results, and a chill of dread ran down my spine.",fear
"My coworker landed the job offer, filled with pure happiness.",joy
So much happiness today because my coworker planted a garden that's finally blooming.,joy
"My sister sat through another broken promise, and it was infuriating.",anger
"My neighbor saw the smoke alarm go off at 3am, and panic set in immediately.",fear
"My mom heard the announcement that caught everyone off guard, and it took a while to process the surprise.",surprise
"My dad had to say goodbye to my childhood home, feeling completely heartbroken.",sadness
He finally paid off all my debt and celebrated with everyone around.,joy
"She watched the pile of dirty laundry grow mold in the corner, and it turned my stomach.",disgust
"My roommate sat alone in the empty apartment, and just wanted to be alone and cry.",sadness
"My partner was interrupted for the third time in a row, and it was the last straw.",anger
"My best friend saw someone litter directly on the beach, and it turned my stomach.",disgust
"My brother felt the plane shake violently in turbulence, and panic set in immediately.",fear
"My best friend found the package smashed after waiting all week, and slammed the door in anger.",anger
"My partner watched someone spit on the sidewalk, and it was absolutely repulsive.",disgust
"I sat alone in the empty apartment, and it left a lasting ache.",sadness
"My neighbor saw the check engine light flash on the highway, and braced for the worst in anxious dread.",fear
"My mom was overcharged and refused a refund, and I could not believe the audacity.",anger
"My best friend smelled the garbage that had been sitting out for days, and it turned my stomach.",disgust
"My neighbor heard the sad news about the layoffs, and a heavy sorrow followed.",sadness
"I was mocked in front of everyone, and it felt completely unfair and enraging.",anger
"The whole class lost my grandmother last week, feeling low for the rest of the day.",sadness
"My dad was mocked in front of everyone, and slammed the door in anger.",anger
"We noticed the rotten smell coming from under the sink, and it was absolutely repulsive.",disgust
"She had to say goodbye to my childhood home, and a heavy sorrow followed.",sadness
What a shock — the whole class found a letter from someone I hadn't heard from in years.,surprise
"My boss watched the referee make an unfair call, and it felt completely unfair and enraging.",anger
So gross — we saw maggots in the trash can.,disgust
"We got a call saying I'd won an award I never applied for, out of absolutely nowhere.",surprise
The team realized the relationship was over and couldn't hold back the tears.,sadness
"My roommate watched the referee make an unfair call, and I could not believe the audacity.",anger
My mom finished the marathon and felt overjoyed about it.,joy
"The kids packed away the belongings of someone I lost, and a deep sadness settled in.",sadness
My boss saw the check engine light flash on the highway and froze in terror.,fear
"The whole class watched the referee make an unfair call, and slammed the door in anger.",anger
The whole class won the small lottery prize and couldn't stop smiling all day.,joy
The team opened a birthday present early and felt overjoyed about it.,joy
"The whole class was yelled at for no reason, and it made my blood boil.",anger
"My brother got cut off in traffic again, and I could not believe the audacity.",anger
The crowd watched someone spit on the sidewalk and immediately felt sick to the stomach.,disgust
So much happiness today because my brother found out I passed the exam.,joy
"The team opened the door to find an old friend waiting, and it took a while to process the surprise.",surprise
"I noticed the rotten smell coming from under the sink, wrinkling my nose in disgust.",disgust
My coworker adopted a puppy today! Best day ever.,joy
My roommate got an email saying the project was already approved and stood there completely stunned.,surprise
My coworker learned the whole trip was planned in secret and stood there completely stunned.,surprise
"My friend learned the whole trip was planned in secret, and jaw dropped in astonishment.",surprise
What a shock — the team discovered the twist ending nobody saw coming.,surprise
So gross — he watched someone chew with their mouth wide open.,disgust
What a joy — the crowd watched the kids open their presents on Christmas morning.,joy
"The kids sat alone in the empty apartment, and a deep sadness settled in.",sadness
"My partner found the bathroom left in a disgusting state after the party, and refused to touch anything after that.",disgust
She watched the old photographs and felt the years slip by and couldn't hold back the tears.,sadness
"She found the package smashed after waiting all week, and slammed the door in anger.",anger
"My partner watched the old photographs and felt the years slip by, and everything felt empty afterward.",sadness
"My boss found the milk had gone sour and lumpy, and it turned my stomach.",disgust
So frustrated — my partner was yelled at for no reason.,anger
My dad got a surprise visit from family and felt overjoyed about it.,joy
"My brother watched someone spit on the sidewalk, and could not stand to be in the room.",disgust
"She saw fireworks go off out of nowhere, and it was the last thing anyone expected.",surprise
"She saw the check engine light flash on the highway, and my heart started racing with fear.",fear
She was lied to right to my face and was absolutely furious about it.,anger
"My mom realized the relationship was over, feeling low for the rest of the day.",sadness
"My best friend noticed the rotten smell coming from under the sink, and it turned my stomach.",disgust
"My mom sat through the funeral trying not to cry, and just wanted to be alone and cry.",sadness
"The crowd was yelled at for no reason, and it made my blood boil.",anger
What a shock — my partner got an email saying the project was already approved.,surprise
"We felt the boat rock violently in the storm, and panic set in immediately.",fear
"My dad waited two hours for a refund that never came, and it felt completely unfair and enraging.",anger
"My coworker got charged twice for the same order, and snapped at everyone afterward.",anger
"Our family was overcharged and refused a refund, and was seething with rage.",anger
My friend opened the box to find something completely unexpected and stood there completely stunned.,surprise
"My brother cancelled the trip we had planned together, and a deep sadness settled in.",sadness
"My brother found out my trust was betrayed, and was seething with rage.",anger
"My roommate sat through the funeral trying not to cry, and the loneliness was overwhelming.",sadness
My sister found out we were having twins and stood there completely stunned.,surprise
My neighbor realized we were lost deep in the woods after dark and froze in terror.,fear
"My friend waited for the biopsy results, and braced for the worst in anxious dread.",fear
My brother discovered the contractor lied about the work and was absolutely furious about it.,anger
"My friend heard footsteps behind me on the dark street, and braced for the worst in anxious dread.",fear
"My friend saw fireworks go off out of nowhere, and was speechless for a moment.",surprise
"The kids saw the storm clouds rolling in fast, and was too scared to move.",fear
"My roommate saw the storm clouds rolling in fast, and panic set in immediately.",fear
"My best friend heard the power go out during the thunderstorm, and couldn't shake the sense of danger.",fear
"The crowd was yelled at for no reason, and snapped at everyone afterward.",anger
So much happiness today because my brother saw my favorite band live.,joy
"My friend felt the boat rock violently in the storm, terrified of what might happen next.",fear
"My boss saw the storm clouds rolling in fast, and couldn't shake the sense of danger.",fear
"I saw the check engine light flash on the highway, terrified of what might happen next.",fear
What a joy — my roommate won the small lottery prize.,joy
"My boss heard footsteps behind me on the dark street, and the fear was paralyzing.",fear
"My coworker got a call saying I'd won an award I never applied for, and jaw dropped in astonishment.",surprise
"The whole class found out the rumor was actually true, out of absolutely nowhere.",surprise
"My best friend watched the rain fall on an empty street, and the loneliness was overwhelming.",sadness
"The kids found out my trust was betrayed, and it was the last straw.",anger
My partner failed the final exam after months of studying and couldn't hold back the tears.,sadness
"The whole class watched the shadow move across the wall, and the fear was paralyzing.",fear
"The whole class found a letter from someone I hadn't heard from in years, and gasped in disbelief.",surprise
"The kids saw the smoke alarm go off at 3am, and a chill of dread ran down my spine.",fear
So much happiness today because the whole class saw my favorite band live.,joy
"We saw the smoke alarm go off at 3am, and was too scared to move.",fear
"My partner learned the whole trip was planned in secret, and gasped in disbelief.",surprise
"My sister felt the elevator jolt to a stop between floors, terrified of what might happen next.",fear
"The crowd saw the dirty dishes piled up for a week, and had to look away in disgust.",disgust
"The crowd got charged twice for the same order, and snapped at everyone afterward.",anger
My boss cooked a meal that turned out perfectly and couldn't stop smiling all day.,joy
What a shock — my coworker found out I was accepted a full year early.,surprise
My boss found out I was accepted a full year early and stood there completely stunned.,surprise
"My dad felt the ground shake during the earthquake, and couldn't shake the sense of danger.",fear
My dad saw headlights speeding straight at us and froze in terror.,fear
"He watched the kids open their presents on Christmas morning, grinning from ear to ear.",joy
The crowd reunited with an old friend after years apart and celebrated with everyone around.,joy
"He found out I was accepted a full year early, and could hardly believe their eyes.",surprise
"The kids packed away the belongings of someone I lost, and it left a lasting ache.",sadness
"My roommate watched the underdog team win in the final second, and was speechless for a moment.",surprise
"The team sat through another broken promise, and was seething with rage.",anger
"We watched someone cut the line, and it was infuriating.",anger
"My dad was interrupted for the third time in a row, and slammed the door in anger.",anger
"Our family realized we were lost deep in the woods after dark, terrified of what might happen next.",fear
What a joy — my coworker won the small lottery prize.,joy
"My boss saw maggots in the trash can, and could not stand to be in the room.",disgust
"My sister sat through another broken promise, and it was the last straw.",anger
I won the small lottery prize and celebrated with everyone around.,joy
My brother found the bathroom left in a disgusting state after the party and immediately felt sick to the stomach.,disgust
"My brother was mocked in front of everyone, and it was infuriating.",anger
"My mom was interrupted for the third time in a row, and it was infuriating.",anger
We had the neighbor's dog ruin the garden again and was absolutely furious about it.,anger
So gross — the kids found the bathroom left in a disgusting state after the party.,disgust
"He sat through another broken promise, and it was the last straw.",anger
"The whole class read the goodbye letter one more time, and everything felt empty afterward.",sadness
My sister was lied to right to my face and was absolutely furious about it.,anger
My neighbor found a letter from someone I hadn't heard from in years and stood there completely stunned.,surprise
The crowd found out I passed the exam and celebrated with everyone around.,joy
"My friend saw the smoke alarm go off at 3am, and couldn't shake the sense of danger.",fear
"My roommate listened to our old song and felt hollow, and a deep sadness settled in.",sadness
"The team found a stranger had paid for our whole meal, and it was the last thing anyone expected.",surprise
"I spent the holiday alone this year, and the loneliness was overwhelming.",sadness
"The kids was mocked in front of everyone, and it made my blood boil.",anger
"We watched the pile of dirty laundry grow mold in the corner, and could not stand to be in the room.",disgust
"She opened the box to find something completely unexpected, and it was the last thing anyone expected.",surprise
So much happiness today because we landed the job offer.,joy
"My neighbor sat through another broken promise, and slammed the door in anger.",anger
"My friend felt the ground shake during the earthquake, terrified of what might happen next.",fear
I watched the news report about the contaminated water supply and immediately felt sick to the stomach.,disgust
"The kids was yelled at for no reason, and slammed the door in anger.",anger
What a joy — my neighbor reunited with an old friend after years apart.,joy
"My brother heard the dog growl at something unseen in the yard, terrified of what might happen next.",fear
"I was ignored during the entire meeting, and snapped at everyone afterward.",anger
It broke my heart when my dad packed away the belongings of someone I lost.,sadness
My partner watched the rain fall on an empty street and couldn't hold back the tears.,sadness
"My sister watched someone cut the line, and snapped at everyone afterward.",anger
"My brother saw someone litter directly on the beach, gagging at the sight of it.",disgust
"We saw the entire office decorated for my birthday, out of absolutely nowhere.",surprise
"My friend waited for the biopsy results, and panic set in immediately.",fear
"My partner watched the pile of dirty laundry grow mold in the corner, and refused to touch anything after that.",disgust
"My roommate opened the fridge to a smell that made me gag, gagging at the sight of it.",disgust
The crowd packed away the belongings of someone I lost and couldn't hold back the tears.,sadness
"The crowd watched the video of the unsanitary restaurant kitchen, gagging at the sight of it.",disgust
So much happiness today because my partner found out I passed the exam.,joy
"We got an email saying the project was already approved, out of absolutely nowhere.",surprise
"My brother felt the plane shake violently in turbulence, and my heart started racing with fear.",fear
"The kids opened the fridge to a smell that made me gag, and refused to touch anything after that.",disgust
"My coworker sat alone in the empty apartment, and just wanted to be alone and cry.",sadness
"My friend remembered the anniversary of the loss, and a deep sadness settled in.",sadness
"The crowd heard the dog growl at something unseen in the yard, and couldn't shake the sense of danger.",fear
"My friend got an email saying the project was already approved, and was speechless for a moment.",surprise
"I watched the underdog team win in the final second, out of absolutely nowhere.",surprise
"My roommate found a stranger had paid for our whole meal, totally caught off guard.",surprise
My dad watched the rain fall on an empty street and couldn't hold back the tears.,sadness
"My partner reunited with an old friend after years apart, grinning from ear to ear.",joy
"My boss felt the plane shake violently in turbulence, and my heart started racing with fear.",fear
"My roommate found out the rumor was actually true, and could hardly believe their eyes.",surprise
"We had my flight cancelled with no explanation, and was seething with rage.",anger
"Our family found hair in the meal at the restaurant, and it was utterly revolting.",disgust
"He watched the shadow move across the wall, and braced for the worst in anxious dread.",fear
"We saw the check engine light flash on the highway, and was too scared to move.",fear
"The crowd felt the ground shake during the earthquake, and couldn't shake the sense of danger.",fear
My brother couldn't say goodbye in time and couldn't hold back the tears.,sadness
"My brother found out I was accepted a full year early, totally caught off guard.",surprise
"My boss discovered the contractor lied about the work, and I could not believe the audacity.",anger
"The team walked into a surprise party thrown by my friends, and was speechless for a moment.",surprise
"My sister got an email saying the project was already approved, and could hardly believe their eyes.",surprise
"My neighbor hit a new personal record at the gym, and it felt absolutely wonderful.",joy
"We realized the relationship was over, and a deep sadness settled in.",sadness
So much happiness today because i found out I passed the exam.,joy
So frustrated — my brother got charged twice for the same order.,anger
"My sister found the package smashed after waiting all week, and slammed the door in anger.",anger
"The crowd watched the underdog team win in the final second, and it took a while to process the surprise.",surprise
"My dad saw the kitchen left in a filthy state, and had to look away in disgust.",disgust
"We watched someone spit on the sidewalk, and refused to touch anything after that.",disgust
"My friend found out I was accepted a full year early, and gasped in disbelief.",surprise
"I found out the trip got cancelled, and a deep sadness settled in.",sadness
"My friend planted a garden that's finally blooming, and my heart felt so light.",joy
"Our family saw the smoke alarm go off at 3am, and couldn't shake the sense of danger.",fear
"My boss found a letter from someone I hadn't heard from in years, and could hardly believe their eyes.",surprise
"My best friend ran into my old teacher at the airport, out of absolutely nowhere.",surprise
So gross — my coworker found a cockroach crawling across the counter.,disgust
"My mom felt the plane shake violently in turbulence, and panic set in immediately.",fear
"He noticed the mildew smell coming from the carpet, wrinkling my nose in disgust.",disgust
"She watched someone spit on the sidewalk, and it turned my stomach.",disgust
"My friend saw fireworks go off out of nowhere, out of absolutely nowhere.",surprise
It broke my heart when my neighbor watched the old photographs and felt the years slip by.,sadness
The whole class cooked a meal that turned out perfectly and celebrated with everyone around.,joy
"My coworker sat alone in the empty apartment, and the loneliness was overwhelming.",sadness
"My boss kept getting the same excuse over and over, and it was infuriating.",anger
"My friend saw fireworks go off out of nowhere, and could hardly believe their eyes.",surprise
What a shock — my coworker ran into my old teacher at the airport.,surprise
The team watched the old photographs and felt the years slip by and couldn't hold back the tears.,sadness
"My sister watched the sunrise on the beach, grinning from ear to ear.",joy
"My boss watched the shadow move across the wall, and the fear was paralyzing.",fear
So frustrated — my sister got charged twice for the same order.,anger
My boss watched the referee make an unfair call and was absolutely furious about it.,anger
I saw headlights speeding straight at us and froze in terror.,fear
We remembered the anniversary of the loss and couldn't hold back the tears.,sadness
"The team opened the fridge to a smell that made me gag, and could not stand to be in the room.",disgust
My boss got a surprise visit from family and couldn't stop smiling all day.,joy
The team found out I was accepted a full year early and stood there completely stunned.,surprise
"She ran into my old teacher at the airport, and could hardly believe their eyes.",surprise
"My brother was lied to right to my face, and it felt completely unfair and enraging.",anger
"The crowd cooked a meal that turned out perfectly, and it felt absolutely wonderful.",joy
"My coworker kept getting the same excuse over and over, and was seething with rage.",anger
"My friend adopted a puppy today, and my heart felt so light.",joy
It broke my heart when the kids heard the sad news about the layoffs.,sadness
"The kids found out the rumor was actually true, and it was the last thing anyone expected.",surprise
"My friend saw the kitchen left in a filthy state, and refused to touch anything after that.",disgust
"My best friend watched the rain fall on an empty street, and a heavy sorrow followed.",sadness
"My boss had to say goodbye to my childhood home, and it left a lasting ache.",sadness
"My best friend spent the holiday alone this year, feeling low for the rest of the day.",sadness
"He couldn't say goodbye in time, and the loneliness was overwhelming.",sadness
"My sister noticed the rotten smell coming from under the sink, and had to look away in disgust.",disgust
My friend got a surprise visit from family and celebrated with everyone around.,joy
It broke my heart when my boss watched the old photographs and felt the years slip by.,sadness
What a shock — my mom got an email saying the project was already approved.,surprise
"My partner heard a strange noise in the empty house, terrified of what might happen next.",fear
"My partner watched my best friend move away, and the loneliness was overwhelming.",sadness
"My brother found the food crawling with ants, and it turned my stomach.",disgust
"My dad was interrupted for the third time in a row, and I could not believe the audacity.",anger
"My sister was overcharged and refused a refund, and it felt completely unfair and enraging.",anger
My best friend opened a birthday present early and felt overjoyed about it.,joy
"My neighbor kept getting the same excuse over and over, and slammed the door in anger.",anger
So gross — my best friend found the food crawling with ants.,disgust
"My friend noticed the mildew smell coming from the carpet, and had to look away in disgust.",disgust
So gross — my roommate saw maggots in the trash can.,disgust
"My mom was overcharged and refused a refund, and it made my blood boil.",anger
"My best friend saw the kitchen left in a filthy state, and had to look away in disgust.",disgust
"He felt the plane shake violently in turbulence, and my heart started racing with fear.",fear
"My dad got charged twice for the same order, and it made my blood boil.",anger
"My coworker watched the pile of dirty laundry grow mold in the corner, and had to look away in disgust.",disgust
"My boss walked into a surprise party thrown by my friends, and it was the last thing anyone expected.",surprise
"The whole class had my idea stolen and presented as someone else's, and it was infuriating.",anger
"My roommate heard footsteps behind me on the dark street, and the fear was paralyzing.",fear
"My partner heard the sad news about the layoffs, and a heavy sorrow followed.",sadness
"My friend packed away the belongings of someone I lost, and a heavy sorrow followed.",sadness
She saw the smoke alarm go off at 3am and froze in terror.,fear
"My neighbor saw headlights speeding straight at us, and the fear was paralyzing.",fear
"My roommate saw the storm clouds rolling in fast, terrified of what might happen next.",fear
"My best friend lost my grandmother last week, and a heavy sorrow followed.",sadness
My neighbor found out the rumor was actually true and stood there completely stunned.,surprise
So frustrated — we was ignored during the entire meeting.,anger
"The team was yelled at for no reason, and it was infuriating.",anger
"My best friend was ignored during the entire meeting, and it felt completely unfair and enraging.",anger
"My dad had the neighbor's dog ruin the garden again, and was seething with rage.",anger
"The crowd had to say goodbye to my childhood home, and a deep sadness settled in.",sadness
It broke my heart when my partner sat alone in the empty apartment.,sadness
"My friend was yelled at for no reason, and was seething with rage.",anger
"The whole class found the bathroom left in a disgusting state after the party, and it was absolutely repulsive.",disgust
"My dad saw someone litter directly on the beach, and it was absolutely repulsive.",disgust
"He felt the boat rock violently in the storm, and panic set in immediately.",fear
"My friend saw the storm clouds rolling in fast, and a chill of dread ran down my spine.",fear
"The whole class found out we were having twins, totally caught off guard.",surprise
My roommate waited two hours for a refund that never came and was absolutely furious about it.,anger
My mom won the small lottery prize and couldn't stop smiling all day.,joy
It broke my heart when my dad watched the rain fall on an empty street.,sadness
"My roommate got cut off in traffic again, and was seething with rage.",anger
"My friend heard the dog growl at something unseen in the yard, and was too scared to move.",fear
My best friend got a surprise visit from family and couldn't stop smiling all day.,joy
My friend watched the rain fall on an empty street and couldn't hold back the tears.,sadness
"She found out the trip got cancelled, and everything felt empty afterward.",sadness
"The crowd lost my job unexpectedly, and a deep sadness settled in.",sadness
So gross — my sister found the bathroom left in a disgusting state after the party.,disgust
"My dad watched the referee make an unfair call, and snapped at everyone afterward.",anger
He watched the kids open their presents on Christmas morning and celebrated with everyone around.,joy
"The kids saw the overflowing public restroom, and refused to touch anything after that.",disgust
My roommate opened a birthday present early and celebrated with everyone around.,joy
"My brother found out we were having twins, and jaw dropped in astonishment.",surprise
So much happiness today because my partner adopted a puppy today.,joy
"My dad walked into a surprise party thrown by my friends, and could hardly believe their eyes.",surprise
"He smelled the garbage that had been sitting out for days, and it turned my stomach.",disgust
"She watched my best friend move away, and a deep sadness settled in.",sadness
"The whole class waited two hours for a refund that never came, and it made my blood boil.",anger
"My partner opened the door to find an old friend waiting, totally caught off guard.",surprise
"My sister couldn't say goodbye in time, and a heavy sorrow followed.",sadness
He got a surprise visit from family and couldn't stop smiling all day.,joy
What a joy — i hit a new personal record at the gym.,joy
"The whole class learned the whole trip was planned in secret, totally caught off guard.",surprise
"My dad spent the holiday alone this year, feeling completely heartbroken.",sadness
"My coworker noticed someone following the car for several blocks, shaking with fear the whole time.",fear
"My boss realized the relationship was over, and the loneliness was overwhelming.",sadness
"My neighbor discovered the contractor lied about the work, and it was the last straw.",anger
"Our family noticed the mildew smell coming from the carpet, wrinkling my nose in disgust.",disgust
He was yelled at for no reason and was absolutely furious about it.,anger
"My dad read the goodbye letter one more time, and it left a lasting ache.",sadness
My coworker heard the sad news about the layoffs and couldn't hold back the tears.,sadness
"My partner noticed the mildew smell coming from the carpet, and could not stand to be in the room.",disgust
"My best friend listened to our old song and felt hollow, feeling low for the rest of the day.",sadness
"My mom watched someone cut the line, and it was infuriating.",anger
"We heard someone try the locked door handle at night, and a chill of dread ran down my spine.",fear
"The team read the goodbye letter one more time, and it left a lasting ache.",sadness
The whole class waited two hours for a refund that never came and was absolutely furious about it.,anger
"My roommate kept getting the same excuse over and over, and snapped at everyone afterward.",anger
My sister saw my favorite band live! Best day ever.,joy
"My neighbor was yelled at for no reason, and slammed the door in anger.",anger
"My roommate found a cockroach crawling across the counter, gagging at the sight of it.",disgust
"He realized we were lost deep in the woods after dark, and panic set in immediately.",fear
"She got an email saying the project was already approved, and it took a while to process the surprise.",surprise
"The team heard a strange noise in the empty house, terrified of what might happen next.",fear
"The whole class watched the old photographs and felt the years slip by, and a deep sadness settled in.",sadness
"The whole class found out the trip got cancelled, and the loneliness was overwhelming.",sadness
"My best friend realized we were lost deep in the woods after dark, and the fear was paralyzing.",fear
"My friend remembered the anniversary of the loss, feeling low for the rest of the day.",sadness
"The crowd opened a birthday present early, grinning from ear to ear.",joy
My dad was blamed for a mistake I didn't make and was absolutely furious about it.,anger
"My mom landed the job offer, and it felt absolutely wonderful.",joy
It broke my heart when my dad found out the trip got cancelled.,sadness
"My dad found the package smashed after waiting all week, and snapped at everyone afterward.",anger
"The whole class landed the job offer, and my heart felt so light.",joy
The kids heard the dog growl at something unseen in the yard and froze in terror.,fear
"My coworker heard the sad news about the layoffs, and the loneliness was overwhelming.",sadness
"I watched the shadow move across the wall, and panic set in immediately.",fear
"We was interrupted for the third time in a row, and it was the last straw.",anger
"My partner found the food crawling with ants, and it was utterly revolting.",disgust
"My partner heard the sad news about the layoffs, and a deep sadness settled in.",sadness
"We heard the sad news about the layoffs, feeling low for the rest of the day.",sadness
"My sister heard someone try the locked door handle at night, and a chill of dread ran down my spine.",fear
My mom got the promotion I've been working towards and couldn't stop smiling all day.,joy
"My friend listened to our old song and felt hollow, and it left a lasting ache.",sadness
My partner got a surprise visit from family and couldn't stop smiling all day.,joy
So gross — the kids found a cockroach crawling across the counter.,disgust
"I was lied to right to my face, and I could not believe the audacity.",anger
"My dad found hair in the meal at the restaurant, and refused to touch anything after that.",disgust
"My mom found out I was accepted a full year early, and gasped in disbelief.",surprise
"Our family was yelled at for no reason, and it was infuriating.",anger
"My coworker discovered the contractor lied about the work, and it made my blood boil.",anger
What a shock — my mom opened the door to find an old friend waiting.,surprise
"He discovered a hidden room in the old house, totally caught off guard.",surprise
"My friend had my idea stolen and presented as someone else's, and was seething with rage.",anger
"She learned the whole trip was planned in secret, totally caught off guard.",surprise
"My sister got a text saying we need to talk right away, and a chill of dread ran down my spine.",fear
"My sister had my flight cancelled with no explanation, and was seething with rage.",anger
"My sister felt the boat rock violently in the storm, and was too scared to move.",fear
"I saw headlights speeding straight at us, shaking with fear the whole time.",fear
So much happiness today because my friend finally paid off all my debt.,joy
What a joy — my friend got accepted into my dream university.,joy
"My brother saw the overflowing public restroom, and refused to touch anything after that.",disgust
My sister was blamed for a mistake I didn't make and was absolutely furious about it.,anger
What a joy — my dad hit a new personal record at the gym.,joy
"She found out the rumor was actually true, and jaw dropped in astonishment.",surprise
"My friend watched my best friend move away, and the loneliness was overwhelming.",sadness
"The whole class saw maggots in the trash can, wrinkling my nose in disgust.",disgust
"My neighbor watched someone cut the line, and it felt completely unfair and enraging.",anger
"My brother saw the kitchen left in a filthy state, gagging at the sight of it.",disgust
"My neighbor watched the rain fall on an empty street, and everything felt empty afterward.",sadness
What a joy — the crowd saw my favorite band live.,joy
"My neighbor kept getting the same excuse over and over, and it made my blood boil.",anger
"My neighbor saw the check engine light flash on the highway, shaking with fear the whole time.",fear
"My sister was lied to right to my face, and it felt completely unfair and enraging.",anger
"My partner found a letter from someone I hadn't heard from in years, and it took a while to process the surprise.",surprise
"The kids noticed someone following the car for several blocks, shaking with fear the whole time.",fear
It broke my heart when my best friend heard the sad news about the layoffs.,sadness
"The crowd watched my best friend move away, and a heavy sorrow followed.",sadness
"My neighbor listened to our old song and felt hollow, and a deep sadness settled in.",sadness
"My dad felt the boat rock violently in the storm, terrified of what might happen next.",fear
"The team was blamed for a mistake I didn't make, and it made my blood boil.",anger
"My brother felt the boat rock violently in the storm, and braced for the worst in anxious dread.",fear
"My friend watched my best friend move away, feeling completely heartbroken.",sadness
"My brother found out the trip got cancelled, and everything felt empty afterward.",sadness
"My mom saw the dirty dishes piled up for a week, and had to look away in disgust.",disgust
"My neighbor waited two hours for a refund that never came, and slammed the door in anger.",anger
"My neighbor felt the elevator jolt to a stop between floors, and panic set in immediately.",fear
"My roommate saw the kitchen left in a filthy state, and it was absolutely repulsive.",disgust
"We adopted a puppy today, and it felt absolutely wonderful.",joy
My neighbor realized the relationship was over and couldn't hold back the tears.,sadness
"Our family opened the fridge to a smell that made me gag, gagging at the sight of it.",disgust
"My boss landed the job offer, grinning from ear to ear.",joy
My coworker sat through the funeral trying not to cry and couldn't hold back the tears.,sadness
"My roommate heard footsteps behind me on the dark street, and braced for the worst in anxious dread.",fear
"Our family lost my job unexpectedly, and a heavy sorrow followed.",sadness
"My friend watched the old photographs and felt the years slip by, and just wanted to be alone and cry.",sadness
"My boss watched the rain fall on an empty street, and just wanted to be alone and cry.",sadness
"She discovered the contractor lied about the work, and it was the last straw.",anger
"My brother got a text saying we need to talk right away, and panic set in immediately.",fear
"My mom noticed someone following the car for several blocks, and the fear was paralyzing.",fear
"He finally paid off all my debt, and my heart felt so light.",joy
"The crowd discovered the twist ending nobody saw coming, out of absolutely nowhere.",surprise
"She couldn't say goodbye in time, and the loneliness was overwhelming.",sadness
"My mom watched the underdog team win in the final second, and could hardly believe their eyes.",surprise
"My neighbor sat alone in the empty apartment, feeling low for the rest of the day.",sadness
"My dad sat through the funeral trying not to cry, feeling completely heartbroken.",sadness
"My roommate watched the news about the approaching hurricane, and was too scared to move.",fear
"My best friend heard footsteps behind me on the dark street, and braced for the worst in anxious dread.",fear
"My dad watched the sunrise on the beach, filled with pure happiness.",joy
"I had the neighbor's dog ruin the garden again, and I could not believe the audacity.",anger
"He had my flight cancelled with no explanation, and snapped at everyone afterward.",anger
"My best friend was yelled at for no reason, and I could not believe the audacity.",anger
"I watched the underdog team win in the final second, and could hardly believe their eyes.",surprise
"My coworker finished the marathon, and it felt absolutely wonderful.",joy
My dad adopted a puppy today! Best day ever.,joy
"My dad saw the dirty dishes piled up for a week, and could not stand to be in the room.",disgust
I saw fireworks go off out of nowhere and stood there completely stunned.,surprise
"The kids planted a garden that's finally blooming, filled with pure happiness.",joy
"My coworker watched the rain fall on an empty street, and just wanted to be alone and cry.",sadness
The crowd saw my favorite band live and couldn't stop smiling all day.,joy
"My roommate heard a strange noise in the empty house, shaking with fear the whole time.",fear
"The whole class found the package smashed after waiting all week, and it made my blood boil.",anger
"My sister watched someone spit on the sidewalk, wrinkling my nose in disgust.",disgust
"Our family missed the last train home in the rain, and just wanted to be alone and cry.",sadness
My neighbor reunited with an old friend after years apart and felt overjoyed about it.,joy
"The whole class found the package smashed after waiting all week, and was seething with rage.",anger
"The crowd realized we were lost deep in the woods after dark, and the fear was paralyzing.",fear
It broke my heart when my brother remembered the anniversary of the loss.,sadness
"We discovered a hidden room in the old house, and gasped in disbelief.",surprise
"The kids lost my job unexpectedly, and a deep sadness settled in.",sadness
My sister watched the shadow move across the wall and froze in terror.,fear
My roommate saw my favorite band live and felt overjoyed about it.,joy
My best friend had the neighbor's dog ruin the garden again and was absolutely furious about it.,anger
"My coworker found a stranger had paid for our whole meal, and it was the last thing anyone expected.",surprise
It broke my heart when the kids missed the last train home in the rain.,sadness
"We watched someone cut the line, and it felt completely unfair and enraging.",anger
My friend planted a garden that's finally blooming and felt overjoyed about it.,joy
"I felt the ground shake during the earthquake, and was too scared to move.",fear
"He hit a new personal record at the gym, filled with pure happiness.",joy
"Our family found out my coworker was secretly the author of the book, out of absolutely nowhere.",surprise
"Our family hit a new personal record at the gym, and my heart felt so light.",joy
"My dad found mold growing in the leftover food, gagging at the sight of it.",disgust
It broke my heart when she lost my job unexpectedly.,sadness
"My friend discovered a hidden room in the old house, out of absolutely nowhere.",surprise
"My neighbor heard the dog growl at something unseen in the yard, and the fear was paralyzing.",fear
"My partner found out my trust was betrayed, and slammed the door in anger.",anger
"My brother finished the marathon, and my heart felt so light.",joy
"The team had to say goodbye to my childhood home, and just wanted to be alone and cry.",sadness
"My roommate opened the fridge to a smell that made me gag, and it was absolutely repulsive.",disgust
My friend finished the marathon! Best day ever.,joy
"We saw the entire office decorated for my birthday, and was speechless for a moment.",surprise
What a shock — my dad opened the box to find something completely unexpected.,surprise
My roommate hit a new personal record at the gym and felt overjoyed about it.,joy
"Our family heard the announcement that caught everyone off guard, out of absolutely nowhere.",surprise
The kids kept getting the same excuse over and over and was absolutely furious about it.,anger
"My brother saw the check engine light flash on the highway, and braced for the worst in anxious dread.",fear
It broke my heart when my partner lost my job unexpectedly.,sadness
"We found a letter from someone I hadn't heard from in years, and could hardly believe their eyes.",surprise
"My partner saw the check engine light flash on the highway, and a chill of dread ran down my spine.",fear
"My boss watched my best friend move away, and the loneliness was overwhelming.",sadness
My best friend landed the job offer! Best day ever.,joy
What a shock — my sister found a stranger had paid for our whole meal.,surprise
"My mom watched the video of the unsanitary restaurant kitchen, gagging at the sight of it.",disgust
We saw maggots in the trash can and immediately felt sick to the stomach.,disgust
"I was lied to right to my face, and slammed the door in anger.",anger
"The team noticed the mildew smell coming from the carpet, and it was absolutely repulsive.",disgust
"The kids listened to our old song and felt hollow, and a heavy sorrow followed.",sadness
"We had to say goodbye to my childhood home, and a deep sadness settled in.",sadness
"My partner had my idea stolen and presented as someone else's, and I could not believe the audacity.",anger
"I had my flight cancelled with no explanation, and it was infuriating.",anger
"We watched someone cut the line, and it made my blood boil.",anger
So gross — my neighbor found hair in the meal at the restaurant.,disgust
"My brother cancelled the trip we had planned together, and everything felt empty afterward.",sadness
"The crowd found a stranger had paid for our whole meal, out of absolutely nowhere.",surprise
So gross — the whole class watched someone spit on the sidewalk.,disgust
"My dad listened to our old song and felt hollow, and it left a lasting ache.",sadness
"My partner found out my coworker was secretly the author of the book, and gasped in disbelief.",surprise
Our family remembered the anniversary of the loss and couldn't hold back the tears.,sadness
"My neighbor found out my trust was betrayed, and slammed the door in anger.",anger
"Our family won the small lottery prize, and it felt absolutely wonderful.",joy
"She saw the kitchen left in a filthy state, gagging at the sight of it.",disgust
"My coworker opened the fridge to find it fully stocked by a neighbor, out of absolutely nowhere.",surprise
"My sister lost my grandmother last week, and the loneliness was overwhelming.",sadness
"My boss felt the plane shake violently in turbulence, and a chill of dread ran down my spine.",fear
"We was blamed for a mistake I didn't make, and it was infuriating.",anger
We ran into my old teacher at the airport and stood there completely stunned.,surprise
What a shock — my best friend saw the entire office decorated for my birthday.,surprise
"I sat through another broken promise, and was seething with rage.",anger
"My sister packed away the belongings of someone I lost, and everything felt empty afterward.",sadness
"My neighbor had my flight cancelled with no explanation, and it was infuriating.",anger
Our family saw the check engine light flash on the highway and froze in terror.,fear
"My best friend waited for the biopsy results, and my heart started racing with fear.",fear
"My roommate watched the rain fall on an empty street, and a heavy sorrow followed.",sadness
"My sister smelled the garbage that had been sitting out for days, and refused to touch anything after that.",disgust
"Our family found out we were having twins, and it was the last thing anyone expected.",surprise
"We found hair in the meal at the restaurant, and it was utterly revolting.",disgust
"My best friend couldn't say goodbye in time, and just wanted to be alone and cry.",sadness
"My mom cooked a meal that turned out perfectly, grinning from ear to ear.",joy
My best friend noticed someone following the car for several blocks and froze in terror.,fear
"We opened the fridge to find it fully stocked by a neighbor, and was speechless for a moment.",surprise
So frustrated — we watched the referee make an unfair call.,anger
"My brother saw someone litter directly on the beach, and it was absolutely repulsive.",disgust
"My friend walked into a surprise party thrown by my friends, and gasped in disbelief.",surprise
"My roommate found out we were having twins, and jaw dropped in astonishment.",surprise
"My neighbor listened to our old song and felt hollow, and a heavy sorrow followed.",sadness
"The kids spent the whole day laughing with friends, grinning from ear to ear.",joy
I found a stranger had paid for our whole meal and stood there completely stunned.,surprise
"The team heard the power go out during the thunderstorm, and braced for the worst in anxious dread.",fear
"The team watched someone spit on the sidewalk, wrinkling my nose in disgust.",disgust
"The whole class lost my job unexpectedly, feeling low for the rest of the day.",sadness
My best friend finished the marathon! Best day ever.,joy
So gross — my roommate found the bathroom left in a disgusting state after the party.,disgust
"My roommate watched the sunrise on the beach, and it felt absolutely wonderful.",joy
"The team was ignored during the entire meeting, and it was the last straw.",anger
"My coworker found out my trust was betrayed, and I could not believe the audacity.",anger
My boss heard someone try the locked door handle at night and froze in terror.,fear
"We found out my coworker was secretly the author of the book, and was speechless for a moment.",surprise
My coworker finally paid off all my debt! Best day ever.,joy
"We saw the kitchen left in a filthy state, and it was absolutely repulsive.",disgust
"My partner watched the old photographs and felt the years slip by, feeling completely heartbroken.",sadness
"My roommate landed the job offer, filled with pure happiness.",joy
"I realized the relationship was over, and everything felt empty afterward.",sadness
"My partner waited for the biopsy results, shaking with fear the whole time.",fear
"My best friend was ignored during the entire meeting, and it made my blood boil.",anger
"My coworker found out we were having twins, and it took a while to process the surprise.",surprise
"The kids lost my job unexpectedly, and everything felt empty afterward.",sadness
"My neighbor felt the ground shake during the earthquake, and my heart started racing with fear.",fear
"She was yelled at for no reason, and it was the last straw.",anger
My coworker finished the marathon! Best day ever.,joy
"My mom saw maggots in the trash can, and it was utterly revolting.",disgust
"He packed away the belongings of someone I lost, and everything felt empty afterward.",sadness
My best friend watched the news about the approaching hurricane and froze in terror.,fear
What a joy — my coworker danced all night at the wedding.,joy
"The whole class realized we were lost deep in the woods after dark, and my heart started racing with fear.",fear
"The kids watched the news report about the contaminated water supply, and could not stand to be in the room.",disgust
Our family finished the marathon and couldn't stop smiling all day.,joy
"He watched the underdog team win in the final second, and jaw dropped in astonishment.",surprise
"He watched the rain fall on an empty street, feeling low for the rest of the day.",sadness
"My friend heard the power go out during the thunderstorm, terrified of what might happen next.",fear
"We felt the boat rock violently in the storm, and my heart started racing with fear.",fear
"The whole class heard someone try the locked door handle at night, and my heart started racing with fear.",fear
"My roommate noticed someone following the car for several blocks, and my heart started racing with fear.",fear
"She watched the video of the unsanitary restaurant kitchen, and could not stand to be in the room.",disgust
"The kids failed the final exam after months of studying, and the loneliness was overwhelming.",sadness
"My sister kept getting the same excuse over and over, and it made my blood boil.",anger
What a shock — my dad watched the underdog team win in the final second.,surprise
So frustrated — my brother was mocked in front of everyone.,anger
"I noticed the mildew smell coming from the carpet, and had to look away in disgust.",disgust
"The whole class was interrupted for the third time in a row, and snapped at everyone afterward.",anger
"The team was overcharged and refused a refund, and it was the last straw.",anger
"We felt the elevator jolt to a stop between floors, and a chill of dread ran down my spine.",fear
My dad watched the underdog team win in the final second and stood there completely stunned.,surprise
"She opened the door to find an old friend waiting, and could hardly believe their eyes.",surprise
"My partner got a call saying I'd won an award I never applied for, and could hardly believe their eyes.",surprise
"My dad found the bathroom left in a disgusting state after the party, wrinkling my nose in disgust.",disgust
"My friend found a letter from someone I hadn't heard from in years, and could hardly believe their eyes.",surprise
My friend saw the check engine light flash on the highway and froze in terror.,fear
"I smelled the garbage that had been sitting out for days, and it turned my stomach.",disgust
The crowd planted a garden that's finally blooming! Best day ever.,joy
"My partner discovered the contractor lied about the work, and I could not believe the audacity.",anger
"Our family found a stranger had paid for our whole meal, and gasped in disbelief.",surprise
Our family got the promotion I've been working towards! Best day ever.,joy
"The whole class spent the whole day laughing with friends, grinning from ear to ear.",joy
"My coworker got the promotion I've been working towards, filled with pure happiness.",joy
What a shock — my sister discovered a hidden room in the old house.,surprise
"She heard footsteps behind me on the dark street, terrified of what might happen next.",fear
"My friend was yelled at for no reason, and I could not believe the audacity.",anger
The kids felt the boat rock violently in the storm and froze in terror.,fear
It broke my heart when the crowd read the goodbye letter one more time.,sadness
"I saw maggots in the trash can, and it was absolutely repulsive.",disgust
So gross — my friend watched the news report about the contaminated water supply.,disgust
"My best friend heard a strange noise in the empty house, shaking with fear the whole time.",fear
"The team sat alone in the empty apartment, and just wanted to be alone and cry.",sadness
"My mom heard footsteps behind me on the dark street, and couldn't shake the sense of danger.",fear
"She spent the whole day laughing with friends, grinning from ear to ear.",joy
"My neighbor discovered the twist ending nobody saw coming, and could hardly believe their eyes.",surprise
"I watched the rain fall on an empty street, and a deep sadness settled in.",sadness
"My coworker sat alone in the empty apartment, feeling low for the rest of the day.",sadness
"My best friend reunited with an old friend after years apart, filled with pure happiness.",joy
"He landed the job offer, grinning from ear to ear.",joy
"Our family heard the sad news about the layoffs, and a deep sadness settled in.",sadness
My dad got a surprise visit from family and couldn't stop smiling all day.,joy
"The team was mocked in front of everyone, and was seething with rage.",anger
My partner got accepted into my dream university and felt overjoyed about it.,joy
The team finally paid off all my debt and felt overjoyed about it.,joy
"My sister saw the entire office decorated for my birthday, and it was the last thing anyone expected.",surprise
"The whole class had to say goodbye to my childhood home, feeling low for the rest of the day.",sadness
What a joy — he won the small lottery prize.,joy
So much happiness today because my roommate planted a garden that's finally blooming.,joy
"My friend opened the box to find something completely unexpected, and was speechless for a moment.",surprise
"The whole class got charged twice for the same order, and it was infuriating.",anger
"He planted a garden that's finally blooming, grinning from ear to ear.",joy
It broke my heart when the crowd realized the relationship was over.,sadness
So much happiness today because my sister watched the kids open their presents on Christmas morning.,joy
My brother watched the pile of dirty laundry grow mold in the corner and immediately felt sick to the stomach.,disgust
My brother sat through another broken promise and was absolutely furious about it.,anger
"The crowd saw the kitchen left in a filthy state, and it was absolutely repulsive.",disgust
"The crowd saw the smoke alarm go off at 3am, and my heart started racing with fear.",fear
It broke my heart when the kids sat through the funeral trying not to cry.,sadness
"She watched the referee make an unfair call, and it made my blood boil.",anger
My sister lost my grandmother last week and couldn't hold back the tears.,sadness
"My best friend waited two hours for a refund that never came, and it was infuriating.",anger
"My dad ran into my old teacher at the airport, and it took a while to process the surprise.",surprise
My friend opened a birthday present early and felt overjoyed about it.,joy
"My coworker sat through the funeral trying not to cry, and it left a lasting ache.",sadness
"My friend waited for the biopsy results, and the fear was paralyzing.",fear
"The whole class watched someone spit on the sidewalk, wrinkling my nose in disgust.",disgust
"Our family got a text saying we need to talk right away, and the fear was paralyzing.",fear
We danced all night at the wedding and celebrated with everyone around.,joy
What a joy — my mom watched the kids open their presents on Christmas morning.,joy
"My best friend watched the underdog team win in the final second, and jaw dropped in astonishment.",surprise
"The crowd felt the plane shake violently in turbulence, and panic set in immediately.",fear
The whole class saw the storm clouds rolling in fast and froze in terror.,fear
"My dad got an email saying the project was already approved, and it took a while to process the surprise.",surprise
"My mom watched the pile of dirty laundry grow mold in the corner, gagging at the sight of it.",disgust
I saw maggots in the trash can and immediately felt sick to the stomach.,disgust
It broke my heart when my roommate had to say goodbye to my childhood home.,sadness
What a joy — he finally paid off all my debt.,joy
My boss heard the announcement that caught everyone off guard and stood there completely stunned.,surprise
"We waited two hours for a refund that never came, and it was infuriating.",anger
"My boss saw the smoke alarm go off at 3am, and was too scared to move.",fear
"My best friend realized the relationship was over, and it left a lasting ache.",sadness
"My friend found the package smashed after waiting all week, and it made my blood boil.",anger
"My roommate found out my trust was betrayed, and I could not believe the audacity.",anger
"My dad watched the underdog team win in the final second, totally caught off guard.",surprise
"My mom got cut off in traffic again, and slammed the door in anger.",anger
"Our family learned the whole trip was planned in secret, and it took a while to process the surprise.",surprise
My roommate finished the marathon! Best day ever.,joy
"My sister landed the job offer, grinning from ear to ear.",joy
"My partner was overcharged and refused a refund, and it felt completely unfair and enraging.",anger
It broke my heart when the team failed the final exam after months of studying.,sadness
"My partner watched the underdog team win in the final second, and gasped in disbelief.",surprise
"My boss sat alone in the empty apartment, feeling completely heartbroken.",sadness
It broke my heart when the team listened to our old song and felt hollow.,sadness
"My sister saw the dirty dishes piled up for a week, and it was absolutely repulsive.",disgust
"My roommate heard someone try the locked door handle at night, terrified of what might happen next.",fear
"My brother watched my best friend move away, feeling completely heartbroken.",sadness
"My boss had the neighbor's dog ruin the garden again, and I could not believe the audacity.",anger
"My boss sat through the funeral trying not to cry, and a deep sadness settled in.",sadness
"The team sat through another broken promise, and it was infuriating.",anger
"We spent the whole day laughing with friends, filled with pure happiness.",joy
"My best friend found a letter from someone I hadn't heard from in years, and it was the last thing anyone expected.",surprise
"I heard someone try the locked door handle at night, and panic set in immediately.",fear
"The whole class got a surprise visit from family, and it felt absolutely wonderful.",joy
"Our family finally paid off all my debt, filled with pure happiness.",joy
"My best friend realized the relationship was over, and everything felt empty afterward.",sadness
"My boss watched someone cut the line, and it was the last straw.",anger
So gross — my best friend watched the news report about the contaminated water supply.,disgust
"The kids heard the power go out during the thunderstorm, shaking with fear the whole time.",fear
"We found out the rumor was actually true, totally caught off guard.",surprise
"My partner found out the trip got cancelled, and everything felt empty afterward.",sadness
"We opened the door to find an old friend waiting, and was speechless for a moment.",surprise
"The whole class heard the announcement that caught everyone off guard, and was speechless for a moment.",surprise
"My sister saw maggots in the trash can, and it was absolutely repulsive.",disgust
"We waited for the biopsy results, shaking with fear the whole time.",fear
"My coworker found out my coworker was secretly the author of the book, and was speechless for a moment.",surprise
The whole class opened the box to find something completely unexpected and stood there completely stunned.,surprise
"My boss heard the dog growl at something unseen in the yard, and a chill of dread ran down my spine.",fear
My dad opened a birthday present early and felt overjoyed about it.,joy
What a shock — the crowd opened the fridge to find it fully stocked by a neighbor.,surprise
My coworker landed the job offer and couldn't stop smiling all day.,joy
"My boss read the goodbye letter one more time, and the loneliness was overwhelming.",sadness
"My coworker found out the trip got cancelled, and a deep sadness settled in.",sadness
"My dad heard footsteps behind me on the dark street, and my heart started racing with fear.",fear
"The whole class found out the rumor was actually true, and it was the last thing anyone expected.",surprise
"The team was blamed for a mistake I didn't make, and slammed the door in anger.",anger
"My neighbor saw the dirty dishes piled up for a week, and it was absolutely repulsive.",disgust
"My friend missed the last train home in the rain, and a deep sadness settled in.",sadness
"My roommate got the call from the hospital in the middle of the night, and my heart started racing with fear.",fear
"My partner watched the video of the unsanitary restaurant kitchen, and it was utterly revolting.",disgust
The whole class saw the smoke alarm go off at 3am and froze in terror.,fear
"Our family missed the last train home in the rain, and a deep sadness settled in.",sadness
"I watched someone spit on the sidewalk, and refused to touch anything after that.",disgust
"My roommate got a text saying we need to talk right away, and was too scared to move.",fear
The team planted a garden that's finally blooming and felt overjoyed about it.,joy
"Our family noticed someone following the car for several blocks, and panic set in immediately.",fear
"My roommate hit a new personal record at the gym, and my heart felt so light.",joy
My neighbor found out the trip got cancelled and couldn't hold back the tears.,sadness
So much happiness today because my dad won the small lottery prize.,joy
What a shock — he opened the box to find something completely unexpected.,surprise
"My mom was overcharged and refused a refund, and it was the last straw.",anger
"We had my idea stolen and presented as someone else's, and snapped at everyone afterward.",anger
"I cancelled the trip we had planned together, and it left a lasting ache.",sadness
"She heard someone try the locked door handle at night, and a chill of dread ran down my spine.",fear
"She found the milk had gone sour and lumpy, and it was utterly revolting.",disgust
My neighbor got a surprise visit from family and felt overjoyed about it.,joy
"My roommate watched the rain fall on an empty street, and everything felt empty afterward.",sadness
"Our family lost my job unexpectedly, feeling completely heartbroken.",sadness
"My sister finally paid off all my debt, filled with pure happiness.",joy
"She found out my coworker was secretly the author of the book, and gasped in disbelief.",surprise
"My mom felt the ground shake during the earthquake, and couldn't shake the sense of danger.",fear
My partner found a letter from someone I hadn't heard from in years and stood there completely stunned.,surprise
"We realized we were lost deep in the woods after dark, and couldn't shake the sense of danger.",fear
"My best friend saw the dirty dishes piled up for a week, and it was utterly revolting.",disgust
"My brother watched someone spit on the sidewalk, gagging at the sight of it.",disgust
"The team had to say goodbye to my childhood home, and a heavy sorrow followed.",sadness
"My friend missed the last train home in the rain, and everything felt empty afterward.",sadness
The team saw my favorite band live and celebrated with everyone around.,joy
"She watched someone cut the line, and snapped at everyone afterward.",anger
"My sister watched someone spit on the sidewalk, and had to look away in disgust.",disgust
"My roommate saw the overflowing public restroom, and it turned my stomach.",disgust
"The crowd saw the storm clouds rolling in fast, and braced for the worst in anxious dread.",fear
"The team found the package smashed after waiting all week, and I could not believe the audacity.",anger
"I had the neighbor's dog ruin the garden again, and it made my blood boil.",anger
"My roommate ran into my old teacher at the airport, and could hardly believe their eyes.",surprise
What a joy — the team cooked a meal that turned out perfectly.,joy
"My mom heard a strange noise in the empty house, and my heart started racing with fear.",fear
"My sister found out I was accepted a full year early, out of absolutely nowhere.",surprise
I finished the marathon! Best day ever.,joy
Our family watched the news about the approaching hurricane and froze in terror.,fear
The crowd found out the rumor was actually true and stood there completely stunned.,surprise
"I watched the pile of dirty laundry grow mold in the corner, gagging at the sight of it.",disgust
So much happiness today because my dad spent the whole day laughing with friends.,joy
"My mom saw someone litter directly on the beach, and refused to touch anything after that.",disgust
"My sister found the package smashed after waiting all week, and it was infuriating.",anger
My friend got the call from the hospital in the middle of the night and froze in terror.,fear
"The whole class packed away the belongings of someone I lost, and it left a lasting ache.",sadness
"My brother heard the sad news about the layoffs, feeling completely heartbroken.",sadness
"My partner saw the check engine light flash on the highway, and my heart started racing with fear.",fear
So gross — the crowd noticed the rotten smell coming from under the sink.,disgust
"My partner saw the smoke alarm go off at 3am, and was too scared to move.",fear
"She cancelled the trip we had planned together, feeling completely heartbroken.",sadness
What a joy — we planted a garden that's finally blooming.,joy
"The kids realized we were lost deep in the woods after dark, and the fear was paralyzing.",fear
"My coworker watched someone chew with their mouth wide open, and could not stand to be in the room.",disgust
"My partner saw the entire office decorated for my birthday, out of absolutely nowhere.",surprise
My brother found out I passed the exam and celebrated with everyone around.,joy
What a shock — the whole class discovered the twist ending nobody saw coming.,surprise
"My partner had the neighbor's dog ruin the garden again, and it made my blood boil.",anger
"The team remembered the anniversary of the loss, and it left a lasting ache.",sadness
"My dad kept getting the same excuse over and over, and it was infuriating.",anger
He adopted a puppy today and celebrated with everyone around.,joy
"She couldn't say goodbye in time, and everything felt empty afterward.",sadness
My friend landed the job offer! Best day ever.,joy
"She was overcharged and refused a refund, and snapped at everyone afterward.",anger
"My best friend remembered the anniversary of the loss, and a deep sadness settled in.",sadness
"My brother adopted a puppy today, and it felt absolutely wonderful.",joy
"I found the food crawling with ants, and it was utterly revolting.",disgust
So frustrated — my brother had the neighbor's dog ruin the garden again.,anger
"My boss felt the elevator jolt to a stop between floors, and a chill of dread ran down my spine.",fear
"My sister saw maggots in the trash can, and it turned my stomach.",disgust
"The whole class kept getting the same excuse over and over, and slammed the door in anger.",anger
"My mom noticed someone following the car for several blocks, and a chill of dread ran down my spine.",fear
"The kids felt the ground shake during the earthquake, and was too scared to move.",fear
"Our family got charged twice for the same order, and it was infuriating.",anger
"The kids heard the power go out during the thunderstorm, and panic set in immediately.",fear
"My roommate was interrupted for the third time in a row, and snapped at everyone afterward.",anger
"We noticed someone following the car for several blocks, and braced for the worst in anxious dread.",fear
"The kids saw fireworks go off out of nowhere, and was speechless for a moment.",surprise
"My best friend finally paid off all my debt, filled with pure happiness.",joy
My neighbor got accepted into my dream university and felt overjoyed about it.,joy
So frustrated — he kept getting the same excuse over and over.,anger
"My partner got a text saying we need to talk right away, terrified of what might happen next.",fear
"We saw the storm clouds rolling in fast, and a chill of dread ran down my spine.",fear
"Our family heard someone try the locked door handle at night, shaking with fear the whole time.",fear
"He was yelled at for no reason, and snapped at everyone afterward.",anger
She watched the underdog team win in the final second and stood there completely stunned.,surprise
"He was lied to right to my face, and snapped at everyone afterward.",anger
My coworker discovered the twist ending nobody saw coming and stood there completely stunned.,surprise
"My neighbor won the small lottery prize, filled with pure happiness.",joy
"My dad opened the fridge to find it fully stocked by a neighbor, and was speechless for a moment.",surprise
"My best friend got a surprise visit from family, and my heart felt so light.",joy
"My boss opened the fridge to find it fully stocked by a neighbor, and was speechless for a moment.",surprise
"Our family hit a new personal record at the gym, filled with pure happiness.",joy
"He was ignored during the entire meeting, and it was infuriating.",anger
"Our family watched someone spit on the sidewalk, and it turned my stomach.",disgust
"The crowd got cut off in traffic again, and it was infuriating.",anger
"My neighbor opened the fridge to a smell that made me gag, and it was absolutely repulsive.",disgust
"The team was blamed for a mistake I didn't make, and it was the last straw.",anger
"The whole class watched the underdog team win in the final second, and was speechless for a moment.",surprise
My brother saw the storm clouds rolling in fast and froze in terror.,fear
"The crowd was ignored during the entire meeting, and slammed the door in anger.",anger
"My brother heard footsteps behind me on the dark street, and braced for the worst in anxious dread.",fear
"Our family got a call saying I'd won an award I never applied for, and it was the last thing anyone expected.",surprise
"The team got the call from the hospital in the middle of the night, shaking with fear the whole time.",fear
"My friend was interrupted for the third time in a row, and was seething with rage.",anger
My sister saw the kitchen left in a filthy state and immediately felt sick to the stomach.,disgust
"My mom got the call from the hospital in the middle of the night, and braced for the worst in anxious dread.",fear
"My neighbor opened the fridge to find it fully stocked by a neighbor, and gasped in disbelief.",surprise
"The whole class felt the boat rock violently in the storm, and the fear was paralyzing.",fear
"The kids watched the pile of dirty laundry grow mold in the corner, and had to look away in disgust.",disgust
"He spent the holiday alone this year, and the loneliness was overwhelming.",sadness
She hit a new personal record at the gym and celebrated with everyone around.,joy
We found a stranger had paid for our whole meal and stood there completely stunned.,surprise
"Our family got cut off in traffic again, and it made my blood boil.",anger
My brother received an unexpected gift and celebrated with everyone around.,joy
"My boss was lied to right to my face, and I could not believe the audacity.",anger
The team found the milk had gone sour and lumpy and immediately felt sick to the stomach.,disgust
"My mom had the neighbor's dog ruin the garden again, and it was the last straw.",anger
"The team smelled the garbage that had been sitting out for days, and it was utterly revolting.",disgust
My dad remembered the anniversary of the loss and couldn't hold back the tears.,sadness
"The team got accepted into my dream university, grinning from ear to ear.",joy
"He found out my coworker was secretly the author of the book, and jaw dropped in astonishment.",surprise
"My friend heard the announcement that caught everyone off guard, totally caught off guard.",surprise
"My best friend saw the check engine light flash on the highway, and a chill of dread ran down my spine.",fear
"My roommate heard the dog growl at something unseen in the yard, and my heart started racing with fear.",fear
My boss received an unexpected gift and celebrated with everyone around.,joy
So much happiness today because my partner spent the whole day laughing with friends.,joy
"She saw maggots in the trash can, and it was utterly revolting.",disgust
"My mom cancelled the trip we had planned together, feeling completely heartbroken.",sadness
"The whole class saw the entire office decorated for my birthday, and could hardly believe their eyes.",surprise
So gross — my mom saw the overflowing public restroom.,disgust
My partner danced all night at the wedding! Best day ever.,joy
"My coworker ran into my old teacher at the airport, and jaw dropped in astonishment.",surprise
"Our family noticed the rotten smell coming from under the sink, and it was absolutely repulsive.",disgust
So gross — the team found a cockroach crawling across the counter.,disgust
"He missed the last train home in the rain, and everything felt empty afterward.",sadness
"We had to say goodbye to my childhood home, and it left a lasting ache.",sadness
"My dad noticed the mildew smell coming from the carpet, gagging at the sight of it.",disgust
"My partner got a call saying I'd won an award I never applied for, and gasped in disbelief.",surprise
"My mom finally paid off all my debt, and my heart felt so light.",joy
"My boss heard the sad news about the layoffs, feeling low for the rest of the day.",sadness
"Our family spent the holiday alone this year, and a heavy sorrow followed.",sadness
"The whole class heard the dog growl at something unseen in the yard, and couldn't shake the sense of danger.",fear
The kids hit a new personal record at the gym and celebrated with everyone around.,joy
"My coworker heard footsteps behind me on the dark street, and panic set in immediately.",fear
My mom opened the fridge to a smell that made me gag and immediately felt sick to the stomach.,disgust
"She watched the underdog team win in the final second, and could hardly believe their eyes.",surprise
"I watched the referee make an unfair call, and was seething with rage.",anger
"My partner sat alone in the empty apartment, and a heavy sorrow followed.",sadness
"The kids was mocked in front of everyone, and was seething with rage.",anger
"She kept getting the same excuse over and over, and I could not believe the audacity.",anger
"The crowd opened the fridge to a smell that made me gag, gagging at the sight of it.",disgust
"The kids got cut off in traffic again, and it was the last straw.",anger
So gross — she watched someone chew with their mouth wide open.,disgust
"She found out the rumor was actually true, totally caught off guard.",surprise
"The crowd cancelled the trip we had planned together, and a heavy sorrow followed.",sadness
The whole class watched the shadow move across the wall and froze in terror.,fear
"My mom found a letter from someone I hadn't heard from in years, and was speechless for a moment.",surprise
"My sister got accepted into my dream university, and it felt absolutely wonderful.",joy
"The crowd saw the entire office decorated for my birthday, totally caught off guard.",surprise
"The kids saw the check engine light flash on the highway, and panic set in immediately.",fear
It broke my heart when my roommate remembered the anniversary of the loss.,sadness
"Our family got cut off in traffic again, and I could not believe the audacity.",anger
"My best friend opened the door to find an old friend waiting, and it was the last thing anyone expected.",surprise
"She watched the news report about the contaminated water supply, and could not stand to be in the room.",disgust
My partner found out my coworker was secretly the author of the book and stood there completely stunned.,surprise
"The kids listened to our old song and felt hollow, and the loneliness was overwhelming.",sadness
"The crowd found mold growing in the leftover food, and refused to touch anything after that.",disgust
"My boss was lied to right to my face, and slammed the door in anger.",anger
"My roommate discovered a hidden room in the old house, and it was the last thing anyone expected.",surprise
"My coworker got the call from the hospital in the middle of the night, and a chill of dread ran down my spine.",fear
Our family spent the whole day laughing with friends and felt overjoyed about it.,joy
"The whole class was blamed for a mistake I didn't make, and it made my blood boil.",anger
"My coworker felt the boat rock violently in the storm, terrified of what might happen next.",fear
"He discovered the twist ending nobody saw coming, and could hardly believe their eyes.",surprise
"My mom discovered the contractor lied about the work, and snapped at everyone afterward.",anger
"My partner got a call saying I'd won an award I never applied for, and was speechless for a moment.",surprise
"My neighbor watched the referee make an unfair call, and it felt completely unfair and enraging.",anger
"My coworker watched the pile of dirty laundry grow mold in the corner, and could not stand to be in the room.",disgust
"My neighbor lost my job unexpectedly, and it left a lasting ache.",sadness
"My dad missed the last train home in the rain, and just wanted to be alone and cry.",sadness
"He got charged twice for the same order, and was seething with rage.",anger
"My roommate was lied to right to my face, and I could not believe the audacity.",anger
"The team failed the final exam after months of studying, and just wanted to be alone and cry.",sadness
"Our family ran into my old teacher at the airport, and it took a while to process the surprise.",surprise
"The team heard someone try the locked door handle at night, terrified of what might happen next.",fear
"My brother waited two hours for a refund that never came, and slammed the door in anger.",anger
"I found out my trust was betrayed, and it was infuriating.",anger
My roommate got a surprise visit from family and felt overjoyed about it.,joy
"Our family got a text saying we need to talk right away, and panic set in immediately.",fear
"The crowd discovered a hidden room in the old house, and it was the last thing anyone expected.",surprise
"I received an unexpected gift, filled with pure happiness.",joy
My dad saw my favorite band live and celebrated with everyone around.,joy
So gross — my brother smelled the garbage that had been sitting out for days.,disgust
My coworker got accepted into my dream university and celebrated with everyone around.,joy
"My dad noticed the rotten smell coming from under the sink, and had to look away in disgust.",disgust
My dad found the milk had gone sour and lumpy and immediately felt sick to the stomach.,disgust
My boss watched the shadow move across the wall and froze in terror.,fear
"The whole class opened the fridge to a smell that made me gag, and refused to touch anything after that.",disgust
"My dad found the bathroom left in a disgusting state after the party, and it was absolutely repulsive.",disgust
"My dad watched someone chew with their mouth wide open, and it was utterly revolting.",disgust
"My neighbor heard the power go out during the thunderstorm, and braced for the worst in anxious dread.",fear
"My roommate got cut off in traffic again, and it felt completely unfair and enraging.",anger
"My neighbor saw the overflowing public restroom, and had to look away in disgust.",disgust
"The crowd got charged twice for the same order, and it was infuriating.",anger
"My mom heard the power go out during the thunderstorm, shaking with fear the whole time.",fear
"The crowd packed away the belongings of someone I lost, and just wanted to be alone and cry.",sadness
"My best friend was yelled at for no reason, and it made my blood boil.",anger
"My brother was yelled at for no reason, and it felt completely unfair and enraging.",anger
"We watched the pile of dirty laundry grow mold in the corner, and it was absolutely repulsive.",disgust
My neighbor waited two hours for a refund that never came and was absolutely furious about it.,anger
"My neighbor watched someone chew with their mouth wide open, and it was absolutely repulsive.",disgust
What a joy — she finished the marathon.,joy
"My brother saw the check engine light flash on the highway, terrified of what might happen next.",fear
I opened a birthday present early! Best day ever.,joy
What a joy — my mom got accepted into my dream university.,joy
She finally paid off all my debt! Best day ever.,joy
"The kids cancelled the trip we had planned together, and just wanted to be alone and cry.",sadness
The whole class saw the kitchen left in a filthy state and immediately felt sick to the stomach.,disgust
The team heard a strange noise in the empty house and froze in terror.,fear
"I ran into my old teacher at the airport, totally caught off guard.",surprise
"My boss saw the dirty dishes piled up for a week, gagging at the sight of it.",disgust
My mom sat alone in the empty apartment and couldn't hold back the tears.,sadness
"My sister watched the news about the approaching hurricane, and the fear was paralyzing.",fear
My best friend found out I passed the exam! Best day ever.,joy
"The whole class saw the check engine light flash on the highway, and was too scared to move.",fear
"My sister watched someone chew with their mouth wide open, and it was absolutely repulsive.",disgust
"My dad saw the dirty dishes piled up for a week, and it was utterly revolting.",disgust
"The crowd heard the power go out during the thunderstorm, and couldn't shake the sense of danger.",fear
"My best friend found a letter from someone I hadn't heard from in years, and gasped in disbelief.",surprise
"The crowd got a call saying I'd won an award I never applied for, totally caught off guard.",surprise
"The whole class watched the rain fall on an empty street, and everything felt empty afterward.",sadness
"My brother opened the door to find an old friend waiting, out of absolutely nowhere.",surprise
"My partner watched someone chew with their mouth wide open, and refused to touch anything after that.",disgust
My roommate danced all night at the wedding and felt overjoyed about it.,joy
So gross — she found the bathroom left in a disgusting state after the party.,disgust
"My mom sat alone in the empty apartment, feeling completely heartbroken.",sadness
"My roommate got a text saying we need to talk right away, and couldn't shake the sense of danger.",fear
"My brother lost my grandmother last week, feeling completely heartbroken.",sadness
"My neighbor found mold growing in the leftover food, and it turned my stomach.",disgust
"My brother packed away the belongings of someone I lost, and just wanted to be alone and cry.",sadness
"My dad was interrupted for the third time in a row, and snapped at everyone afterward.",anger
"My partner got cut off in traffic again, and it made my blood boil.",anger
"We found out my trust was betrayed, and it made my blood boil.",anger
"My sister heard the announcement that caught everyone off guard, and it was the last thing anyone expected.",surprise
"The kids heard the announcement that caught everyone off guard, and was speechless for a moment.",surprise
"My partner opened the fridge to a smell that made me gag, and it was utterly revolting.",disgust
I finally paid off all my debt! Best day ever.,joy
"My partner saw someone litter directly on the beach, gagging at the sight of it.",disgust
"My roommate watched the shadow move across the wall, and my heart started racing with fear.",fear
"I heard the power go out during the thunderstorm, and the fear was paralyzing.",fear
"We watched the video of the unsanitary restaurant kitchen, gagging at the sight of it.",disgust
"I got accepted into my dream university, filled with pure happiness.",joy
"My partner discovered a hidden room in the old house, and it was the last thing anyone expected.",surprise
"My brother felt the plane shake violently in turbulence, and a chill of dread ran down my spine.",fear
"My sister heard someone try the locked door handle at night, and panic set in immediately.",fear
What a joy — my dad watched the sunrise on the beach.,joy
"My neighbor saw the check engine light flash on the highway, and the fear was paralyzing.",fear
"The kids felt the ground shake during the earthquake, and the fear was paralyzing.",fear
What a shock — my brother learned the whole trip was planned in secret.,surprise
My brother cooked a meal that turned out perfectly and celebrated with everyone around.,joy
I watched the kids open their presents on Christmas morning and couldn't stop smiling all day.,joy
"She watched the sunrise on the beach, grinning from ear to ear.",joy
"The whole class realized we were lost deep in the woods after dark, and a chill of dread ran down my spine.",fear
"The kids danced all night at the wedding, filled with pure happiness.",joy
My dad saw my favorite band live! Best day ever.,joy
"My partner discovered the contractor lied about the work, and it was infuriating.",anger
"My sister saw the smoke alarm go off at 3am, and my heart started racing with fear.",fear
"We had my idea stolen and presented as someone else's, and it was infuriating.",anger
"My neighbor ran into my old teacher at the airport, and it was the last thing anyone expected.",surprise
"My coworker found the food crawling with ants, and had to look away in disgust.",disgust
"My roommate discovered the twist ending nobody saw coming, and jaw dropped in astonishment.",surprise
"The team realized we were lost deep in the woods after dark, and couldn't shake the sense of danger.",fear
"The kids got charged twice for the same order, and was seething with rage.",anger
"The team saw the entire office decorated for my birthday, and it was the last thing anyone expected.",surprise
"The kids was interrupted for the third time in a row, and it felt completely unfair and enraging.",anger
"The whole class landed the job offer, filled with pure happiness.",joy
"My roommate got a call saying I'd won an award I never applied for, and jaw dropped in astonishment.",surprise
"The crowd found the package smashed after waiting all week, and slammed the door in anger.",anger
"I found a cockroach crawling across the counter, and it was utterly revolting.",disgust
"My friend opened the door to find an old friend waiting, totally caught off guard.",surprise
The team found the bathroom left in a disgusting state after the party and immediately felt sick to the stomach.,disgust
My sister cooked a meal that turned out perfectly and celebrated with everyone around.,joy
"I kept getting the same excuse over and over, and it made my blood boil.",anger
My neighbor saw the check engine light flash on the highway and froze in terror.,fear
"The crowd found mold growing in the leftover food, gagging at the sight of it.",disgust
"My roommate discovered a hidden room in the old house, and jaw dropped in astonishment.",surprise
"I opened the door to find an old friend waiting, totally caught off guard.",surprise
"My roommate saw the smoke alarm go off at 3am, and was too scared to move.",fear
So frustrated — my brother was yelled at for no reason.,anger
Our family cooked a meal that turned out perfectly and celebrated with everyone around.,joy
"My neighbor watched the referee make an unfair call, and was seething with rage.",anger
"My roommate missed the last train home in the rain, and just wanted to be alone and cry.",sadness
"Our family was lied to right to my face, and it was infuriating.",anger
The crowd got accepted into my dream university and celebrated with everyone around.,joy
"Our family spent the holiday alone this year, and everything felt empty afterward.",sadness
"The crowd realized the relationship was over, feeling low for the rest of the day.",sadness
"I reunited with an old friend after years apart, grinning from ear to ear.",joy
"My dad got a call saying I'd won an award I never applied for, and gasped in disbelief.",surprise
"The crowd got a text saying we need to talk right away, terrified of what might happen next.",fear
"My roommate found hair in the meal at the restaurant, and refused to touch anything after that.",disgust
My dad felt the boat rock violently in the storm and froze in terror.,fear
"My friend was yelled at for no reason, and it was the last straw.",anger
"My friend watched the pile of dirty laundry grow mold in the corner, and it turned my stomach.",disgust
"The crowd watched someone spit on the sidewalk, and it was utterly revolting.",disgust
So gross — our family saw maggots in the trash can.,disgust
My mom received an unexpected gift and celebrated with everyone around.,joy
"My partner found a cockroach crawling across the counter, gagging at the sight of it.",disgust
"He was overcharged and refused a refund, and it was the last straw.",anger
"She realized we were lost deep in the woods after dark, and braced for the worst in anxious dread.",fear
My best friend found a cockroach crawling across the counter and immediately felt sick to the stomach.,disgust
"My coworker spent the whole day laughing with friends, and it felt absolutely wonderful.",joy
"We waited for the biopsy results, and was too scared to move.",fear
My sister opened the fridge to find it fully stocked by a neighbor and stood there completely stunned.,surprise
"My neighbor watched the rain fall on an empty street, and it left a lasting ache.",sadness
"My coworker found out my coworker was secretly the author of the book, and it took a while to process the surprise.",surprise
"The team ran into my old teacher at the airport, and gasped in disbelief.",surprise
"My brother cooked a meal that turned out perfectly, and my heart felt so light.",joy
"The team saw the smoke alarm go off at 3am, shaking with fear the whole time.",fear
"My roommate saw someone litter directly on the beach, and had to look away in disgust.",disgust
"My brother found out the rumor was actually true, and it took a while to process the surprise.",surprise
"My roommate saw headlights speeding straight at us, and panic set in immediately.",fear
"My boss listened to our old song and felt hollow, and a deep sadness settled in.",sadness
"My coworker heard the power go out during the thunderstorm, and the fear was paralyzing.",fear
"My friend found the food crawling with ants, wrinkling my nose in disgust.",disgust
My coworker packed away the belongings of someone I lost and couldn't hold back the tears.,sadness
"My sister waited two hours for a refund that never came, and was seething with rage.",anger
My friend opened the door to find an old friend waiting and stood there completely stunned.,surprise
"My roommate planted a garden that's finally blooming, grinning from ear to ear.",joy
"He found a cockroach crawling across the counter, and could not stand to be in the room.",disgust
"The team saw the overflowing public restroom, wrinkling my nose in disgust.",disgust
So gross — my sister watched someone chew with their mouth wide open.,disgust
"The kids watched the news report about the contaminated water supply, gagging at the sight of it.",disgust
"My coworker found mold growing in the leftover food, and it was absolutely repulsive.",disgust
"My best friend won the small lottery prize, and my heart felt so light.",joy
So gross — the kids watched the news report about the contaminated water supply.,disgust
"We found out the rumor was actually true, and gasped in disbelief.",surprise
"Our family watched the shadow move across the wall, and was too scared to move.",fear
"My roommate saw the kitchen left in a filthy state, wrinkling my nose in disgust.",disgust
The team saw my favorite band live and felt overjoyed about it.,joy
"My neighbor was mocked in front of everyone, and was seething with rage.",anger
"My brother got charged twice for the same order, and slammed the door in anger.",anger
"She saw someone litter directly on the beach, gagging at the sight of it.",disgust
My sister found out my trust was betrayed and was absolutely furious about it.,anger
"My dad lost my job unexpectedly, feeling completely heartbroken.",sadness
"The team saw the overflowing public restroom, and it turned my stomach.",disgust
"The team watched the old photographs and felt the years slip by, and a heavy sorrow followed.",sadness
"My sister saw the smoke alarm go off at 3am, and was too scared to move.",fear
"My roommate saw someone litter directly on the beach, and it was utterly revolting.",disgust
"He found hair in the meal at the restaurant, and it was absolutely repulsive.",disgust
"My roommate watched the underdog team win in the final second, and jaw dropped in astonishment.",surprise
"My brother had to say goodbye to my childhood home, and a deep sadness settled in.",sadness
"The team found a cockroach crawling across the counter, wrinkling my nose in disgust.",disgust
My brother opened a birthday present early and couldn't stop smiling all day.,joy
"My friend saw the storm clouds rolling in fast, shaking with fear the whole time.",fear
So gross — my brother saw the kitchen left in a filthy state.,disgust
"The crowd found the food crawling with ants, and it turned my stomach.",disgust
"The kids had to say goodbye to my childhood home, and everything felt empty afterward.",sadness
"I heard the power go out during the thunderstorm, terrified of what might happen next.",fear
"My roommate saw the storm clouds rolling in fast, and the fear was paralyzing.",fear
What a joy — i finished the marathon.,joy
"I found out my coworker was secretly the author of the book, and could hardly believe their eyes.",surprise
"The team got the call from the hospital in the middle of the night, terrified of what might happen next.",fear
My best friend won the small lottery prize! Best day ever.,joy
"The team watched the underdog team win in the final second, totally caught off guard.",surprise
"He waited for the biopsy results, shaking with fear the whole time.",fear
My partner read the goodbye letter one more time and couldn't hold back the tears.,sadness
So much happiness today because my best friend landed the job offer.,joy
My neighbor got the call from the hospital in the middle of the night and froze in terror.,fear
"My partner saw the kitchen left in a filthy state, gagging at the sight of it.",disgust
So gross — my boss noticed the mildew smell coming from the carpet.,disgust
"The crowd found out my coworker was secretly the author of the book, and was speechless for a moment.",surprise
"The crowd failed the final exam after months of studying, feeling completely heartbroken.",sadness
My boss watched the old photographs and felt the years slip by and couldn't hold back the tears.,sadness
"My coworker walked into a surprise party thrown by my friends, and it was the last thing anyone expected.",surprise
"My friend opened the fridge to a smell that made me gag, and it was utterly revolting.",disgust
The team reunited with an old friend after years apart and celebrated with everyone around.,joy
"The crowd smelled the garbage that had been sitting out for days, wrinkling my nose in disgust.",disgust
"My sister watched someone spit on the sidewalk, and it turned my stomach.",disgust
"The team found the food crawling with ants, and it was utterly revolting.",disgust
"My brother discovered a hidden room in the old house, and gasped in disbelief.",surprise
"My partner saw the overflowing public restroom, and could not stand to be in the room.",disgust
"My dad found out the trip got cancelled, and a deep sadness settled in.",sadness
"Our family smelled the garbage that had been sitting out for days, and it turned my stomach.",disgust
"My sister got a surprise visit from family, grinning from ear to ear.",joy
"My neighbor discovered the twist ending nobody saw coming, and it was the last thing anyone expected.",surprise
"My mom noticed the mildew smell coming from the carpet, and had to look away in disgust.",disgust
"My mom received an unexpected gift, and it felt absolutely wonderful.",joy
"My friend saw the dirty dishes piled up for a week, and it turned my stomach.",disgust
My roommate got a surprise visit from family! Best day ever.,joy
My partner danced all night at the wedding and couldn't stop smiling all day.,joy
My coworker read the goodbye letter one more time and couldn't hold back the tears.,sadness
"My dad felt the ground shake during the earthquake, and braced for the worst in anxious dread.",fear
"My sister watched the sunrise on the beach, and my heart felt so light.",joy
"My neighbor found out we were having twins, and could hardly believe their eyes.",surprise
"The crowd discovered a hidden room in the old house, and was speechless for a moment.",surprise
"My boss saw the smoke alarm go off at 3am, terrified of what might happen next.",fear
We found out I passed the exam and celebrated with everyone around.,joy
My coworker got the promotion I've been working towards and felt overjoyed about it.,joy
"My sister noticed the rotten smell coming from under the sink, gagging at the sight of it.",disgust
"My partner saw the entire office decorated for my birthday, and it was the last thing anyone expected.",surprise
So much happiness today because the whole class won the small lottery prize.,joy
"The whole class watched the pile of dirty laundry grow mold in the corner, gagging at the sight of it.",disgust
"He got charged twice for the same order, and it was the last straw.",anger
"My brother ran into my old teacher at the airport, and jaw dropped in astonishment.",surprise
"Our family packed away the belongings of someone I lost, and a heavy sorrow followed.",sadness
"The kids found the food crawling with ants, and could not stand to be in the room.",disgust
"He watched the video of the unsanitary restaurant kitchen, wrinkling my nose in disgust.",disgust
"My neighbor noticed the rotten smell coming from under the sink, and it was utterly revolting.",disgust
My mom read the goodbye letter one more time and couldn't hold back the tears.,sadness
"My partner saw my favorite band live, and it felt absolutely wonderful.",joy
"My dad failed the final exam after months of studying, and a deep sadness settled in.",sadness
"My mom finally paid off all my debt, and it felt absolutely wonderful.",joy
"Our family watched the kids open their presents on Christmas morning, filled with pure happiness.",joy
"My best friend opened the fridge to find it fully stocked by a neighbor, and it was the last thing anyone expected.",surprise
"My boss received an unexpected gift, grinning from ear to ear.",joy
She got charged twice for the same order and was absolutely furious about it.,anger
"The whole class hit a new personal record at the gym, grinning from ear to ear.",joy
"My mom got the call from the hospital in the middle of the night, shaking with fear the whole time.",fear
"My friend spent the holiday alone this year, feeling completely heartbroken.",sadness
"My neighbor finished the marathon, grinning from ear to ear.",joy
"My sister saw fireworks go off out of nowhere, out of absolutely nowhere.",surprise
My boss watched someone cut the line and was absolutely furious about it.,anger
So gross — my roommate found a cockroach crawling across the counter.,disgust
"The kids sat through another broken promise, and it made my blood boil.",anger
"I watched the old photographs and felt the years slip by, and just wanted to be alone and cry.",sadness
"My best friend found out the trip got cancelled, feeling low for the rest of the day.",sadness
"The whole class watched the video of the unsanitary restaurant kitchen, and it was absolutely repulsive.",disgust
"My friend realized we were lost deep in the woods after dark, and braced for the worst in anxious dread.",fear
"He saw the storm clouds rolling in fast, and was too scared to move.",fear
So gross — the team saw the kitchen left in a filthy state.,disgust
"My roommate saw my favorite band live, filled with pure happiness.",joy
"My coworker waited for the biopsy results, and couldn't shake the sense of danger.",fear
What a shock — i walked into a surprise party thrown by my friends.,surprise
"My mom discovered the contractor lied about the work, and it was the last straw.",anger
"My brother waited for the biopsy results, and braced for the worst in anxious dread.",fear
We found out the rumor was actually true and stood there completely stunned.,surprise
My brother watched the underdog team win in the final second and stood there completely stunned.,surprise
"She walked into a surprise party thrown by my friends, and could hardly believe their eyes.",surprise
"We danced all night at the wedding, and it felt absolutely wonderful.",joy
"My coworker found out the rumor was actually true, and was speechless for a moment.",surprise
"He found hair in the meal at the restaurant, wrinkling my nose in disgust.",disgust
The whole class watched the sunrise on the beach! Best day ever.,joy
My dad saw the smoke alarm go off at 3am and froze in terror.,fear
So much happiness today because my neighbor cooked a meal that turned out perfectly.,joy
"My mom found out my coworker was secretly the author of the book, and jaw dropped in astonishment.",surprise
"We realized the relationship was over, feeling completely heartbroken.",sadness
The team watched the sunrise on the beach and couldn't stop smiling all day.,joy
So much happiness today because my coworker danced all night at the wedding.,joy
"My roommate felt the plane shake violently in turbulence, and my heart started racing with fear.",fear
My coworker saw the storm clouds rolling in fast and froze in terror.,fear
It broke my heart when the whole class realized the relationship was over.,sadness
She found a letter from someone I hadn't heard from in years and stood there completely stunned.,surprise
"My roommate saw headlights speeding straight at us, and braced for the worst in anxious dread.",fear
It broke my heart when my mom lost my grandmother last week.,sadness
So gross — my dad found a cockroach crawling across the counter.,disgust
"My partner watched the referee make an unfair call, and I could not believe the audacity.",anger
"The crowd opened the fridge to a smell that made me gag, and had to look away in disgust.",disgust
It broke my heart when my mom realized the relationship was over.,sadness
He saw the overflowing public restroom and immediately felt sick to the stomach.,disgust
"She saw the overflowing public restroom, and refused to touch anything after that.",disgust
"My best friend watched the pile of dirty laundry grow mold in the corner, and it was utterly revolting.",disgust
"My brother saw headlights speeding straight at us, and panic set in immediately.",fear
"My roommate heard the sad news about the layoffs, and it left a lasting ache.",sadness
"My coworker saw the storm clouds rolling in fast, and was too scared to move.",fear
"Our family heard the announcement that caught everyone off guard, and was speechless for a moment.",surprise
"My neighbor found out the trip got cancelled, feeling completely heartbroken.",sadness
The whole class was mocked in front of everyone and was absolutely furious about it.,anger
My dad watched someone cut the line and was absolutely furious about it.,anger
"My sister learned the whole trip was planned in secret, and it took a while to process the surprise.",surprise
"My neighbor found a cockroach crawling across the counter, and could not stand to be in the room.",disgust
So much happiness today because my boss watched the sunrise on the beach.,joy
"She felt the ground shake during the earthquake, and braced for the worst in anxious dread.",fear
"My friend found hair in the meal at the restaurant, and could not stand to be in the room.",disgust
"The team got cut off in traffic again, and slammed the door in anger.",anger
"My sister finally paid off all my debt, and it felt absolutely wonderful.",joy
"He saw someone litter directly on the beach, and it was absolutely repulsive.",disgust
"My mom found mold growing in the leftover food, and could not stand to be in the room.",disgust
"My dad found a letter from someone I hadn't heard from in years, and it was the last thing anyone expected.",surprise
It broke my heart when the kids watched the rain fall on an empty street.,sadness
"My roommate watched the referee make an unfair call, and it made my blood boil.",anger
So much happiness today because my neighbor watched the kids open their presents on Christmas morning.,joy
"My sister found a letter from someone I hadn't heard from in years, and it took a while to process the surprise.",surprise
So gross — my partner found the bathroom left in a disgusting state after the party.,disgust
"My brother won the small lottery prize, filled with pure happiness.",joy
"I found a stranger had paid for our whole meal, totally caught off guard.",surprise
"We found a stranger had paid for our whole meal, out of absolutely nowhere.",surprise
"My partner failed the final exam after months of studying, and everything felt empty afterward.",sadness
"My mom found out my coworker was secretly the author of the book, and it took a while to process the surprise.",surprise
"The whole class learned the whole trip was planned in secret, and was speechless for a moment.",surprise
"My coworker heard the power go out during the thunderstorm, and a chill of dread ran down my spine.",fear
"My friend felt the plane shake violently in turbulence, and couldn't shake the sense of danger.",fear
"My partner sat through another broken promise, and it was the last straw.",anger
My sister danced all night at the wedding! Best day ever.,joy
"My sister opened a birthday present early, grinning from ear to ear.",joy
"My mom saw the smoke alarm go off at 3am, and was too scared to move.",fear
"The team had the neighbor's dog ruin the garden again, and it felt completely unfair and enraging.",anger
"Our family finished the marathon, and my heart felt so light.",joy
"My dad heard the dog growl at something unseen in the yard, and braced for the worst in anxious dread.",fear
"My friend found hair in the meal at the restaurant, and refused to touch anything after that.",disgust
"We was blamed for a mistake I didn't make, and it was the last straw.",anger
So gross — my roommate noticed the mildew smell coming from the carpet.,disgust
My roommate finished the marathon and couldn't stop smiling all day.,joy
"My coworker opened the door to find an old friend waiting, and could hardly believe their eyes.",surprise
"My brother packed away the belongings of someone I lost, feeling completely heartbroken.",sadness
"My roommate got charged twice for the same order, and it was the last straw.",anger
"My friend felt the plane shake violently in turbulence, and the fear was paralyzing.",fear
"My brother watched the shadow move across the wall, and braced for the worst in anxious dread.",fear
"We got a text saying we need to talk right away, and my heart started racing with fear.",fear
"My friend found the package smashed after waiting all week, and it felt completely unfair and enraging.",anger
"My boss kept getting the same excuse over and over, and slammed the door in anger.",anger
"My mom had to say goodbye to my childhood home, feeling low for the rest of the day.",sadness
We saw the dirty dishes piled up for a week and immediately felt sick to the stomach.,disgust
"My best friend watched the old photographs and felt the years slip by, and it left a lasting ache.",sadness
My friend was interrupted for the third time in a row and was absolutely furious about it.,anger
What a joy — my coworker saw my favorite band live.,joy
"The team saw the entire office decorated for my birthday, totally caught off guard.",surprise
My neighbor got accepted into my dream university and celebrated with everyone around.,joy
"My sister lost my job unexpectedly, and it left a lasting ache.",sadness
"My partner saw someone litter directly on the beach, wrinkling my nose in disgust.",disgust
"My friend received an unexpected gift, grinning from ear to ear.",joy
So frustrated — my sister was ignored during the entire meeting.,anger
"My neighbor heard someone try the locked door handle at night, and the fear was paralyzing.",fear
"My brother felt the ground shake during the earthquake, and panic set in immediately.",fear
"Our family had to say goodbye to my childhood home, and a deep sadness settled in.",sadness
The crowd found the package smashed after waiting all week and was absolutely furious about it.,anger
"The whole class waited for the biopsy results, terrified of what might happen next.",fear
"My brother learned the whole trip was planned in secret, out of absolutely nowhere.",surprise
"Our family saw fireworks go off out of nowhere, and jaw dropped in astonishment.",surprise
"My brother felt the elevator jolt to a stop between floors, and was too scared to move.",fear
"My neighbor ran into my old teacher at the airport, totally caught off guard.",surprise
My partner finished the marathon and felt overjoyed about it.,joy
So gross — my roommate watched the news report about the contaminated water supply.,disgust
"My mom saw the storm clouds rolling in fast, and a chill of dread ran down my spine.",fear
"My friend felt the elevator jolt to a stop between floors, and braced for the worst in anxious dread.",fear
"My roommate noticed the rotten smell coming from under the sink, and it turned my stomach.",disgust
What a joy — we watched the sunrise on the beach.,joy
"Our family waited for the biopsy results, and a chill of dread ran down my spine.",fear
"My sister found a stranger had paid for our whole meal, and gasped in disbelief.",surprise
"He watched the shadow move across the wall, shaking with fear the whole time.",fear
"My sister saw the storm clouds rolling in fast, and couldn't shake the sense of danger.",fear
"I got an email saying the project was already approved, out of absolutely nowhere.",surprise
"I heard the sad news about the layoffs, and it left a lasting ache.",sadness
"She watched the kids open their presents on Christmas morning, grinning from ear to ear.",joy
"He found mold growing in the leftover food, and it was absolutely repulsive.",disgust
"She saw the check engine light flash on the highway, and was too scared to move.",fear
"The crowd watched the news report about the contaminated water supply, and it was utterly revolting.",disgust
"The crowd sat through the funeral trying not to cry, feeling completely heartbroken.",sadness
"My best friend got a surprise visit from family, grinning from ear to ear.",joy
"Our family sat alone in the empty apartment, feeling completely heartbroken.",sadness
"The team got an email saying the project was already approved, and it was the last thing anyone expected.",surprise
Our family lost my job unexpectedly and couldn't hold back the tears.,sadness
"The kids was blamed for a mistake I didn't make, and it felt completely unfair and enraging.",anger
"She was yelled at for no reason, and it made my blood boil.",anger
"My sister watched the news about the approaching hurricane, and braced for the worst in anxious dread.",fear
So much happiness today because my dad got a surprise visit from family.,joy
"Our family found the milk had gone sour and lumpy, and it was utterly revolting.",disgust
My coworker finished the marathon and felt overjoyed about it.,joy
"My boss saw the dirty dishes piled up for a week, and refused to touch anything after that.",disgust
"My sister was ignored during the entire meeting, and it was infuriating.",anger
"My brother failed the final exam after months of studying, and the loneliness was overwhelming.",sadness
"She found out the trip got cancelled, and a heavy sorrow followed.",sadness
"He got a text saying we need to talk right away, terrified of what might happen next.",fear
He found a stranger had paid for our whole meal and stood there completely stunned.,surprise
"The kids got charged twice for the same order, and snapped at everyone afterward.",anger
The crowd noticed someone following the car for several blocks and froze in terror.,fear
"She was blamed for a mistake I didn't make, and slammed the door in anger.",anger
"My mom smelled the garbage that had been sitting out for days, and refused to touch anything after that.",disgust
"My friend walked into a surprise party thrown by my friends, and jaw dropped in astonishment.",surprise
"My neighbor cancelled the trip we had planned together, and it left a lasting ache.",sadness
"My roommate found the food crawling with ants, and refused to touch anything after that.",disgust
My coworker was mocked in front of everyone and was absolutely furious about it.,anger
We found out the trip got cancelled and couldn't hold back the tears.,sadness
"My neighbor was interrupted for the third time in a row, and was seething with rage.",anger
"The team waited for the biopsy results, and the fear was paralyzing.",fear
"The team failed the final exam after months of studying, feeling low for the rest of the day.",sadness
"My friend found out the rumor was actually true, and it took a while to process the surprise.",surprise
"My roommate heard a strange noise in the empty house, and a chill of dread ran down my spine.",fear
He saw maggots in the trash can and immediately felt sick to the stomach.,disgust
"My best friend got an email saying the project was already approved, and was speechless for a moment.",surprise
We received an unexpected gift! Best day ever.,joy
My best friend sat through the funeral trying not to cry and couldn't hold back the tears.,sadness
My mom received an unexpected gift and felt overjoyed about it.,joy
"My dad finally paid off all my debt, filled with pure happiness.",joy
"My brother won the small lottery prize, grinning from ear to ear.",joy
"The crowd read the goodbye letter one more time, and the loneliness was overwhelming.",sadness
"My friend was lied to right to my face, and was seething with rage.",anger
"My friend sat alone in the empty apartment, and just wanted to be alone and cry.",sadness
"My sister watched the news about the approaching hurricane, and was too scared to move.",fear
"The kids got charged twice for the same order, and it was the last straw.",anger
"The kids got charged twice for the same order, and I could not believe the audacity.",anger
"My brother heard the dog growl at something unseen in the yard, and panic set in immediately.",fear
"The whole class watched someone cut the line, and it was the last straw.",anger
"The team heard the announcement that caught everyone off guard, and gasped in disbelief.",surprise
"Our family landed the job offer, and it felt absolutely wonderful.",joy
My sister read the goodbye letter one more time and couldn't hold back the tears.,sadness
We saw someone litter directly on the beach and immediately felt sick to the stomach.,disgust
"My partner realized we were lost deep in the woods after dark, and couldn't shake the sense of danger.",fear
"Our family had my flight cancelled with no explanation, and I could not believe the audacity.",anger
"My friend got a text saying we need to talk right away, terrified of what might happen next.",fear
"My roommate packed away the belongings of someone I lost, and it left a lasting ache.",sadness
He cooked a meal that turned out perfectly and celebrated with everyone around.,joy
"The kids found out the rumor was actually true, and was speechless for a moment.",surprise
"My mom smelled the garbage that had been sitting out for days, and it was utterly revolting.",disgust
"He got a surprise visit from family, filled with pure happiness.",joy
Our family spent the whole day laughing with friends and couldn't stop smiling all day.,joy
"My friend couldn't say goodbye in time, and everything felt empty afterward.",sadness
"The kids saw the smoke alarm go off at 3am, and couldn't shake the sense of danger.",fear
"My best friend saw the dirty dishes piled up for a week, wrinkling my nose in disgust.",disgust
"My mom found out my trust was betrayed, and was seething with rage.",anger
"My partner saw fireworks go off out of nowhere, and jaw dropped in astonishment.",surprise
"Our family saw the kitchen left in a filthy state, and it was absolutely repulsive.",disgust
"My neighbor watched the old photographs and felt the years slip by, and everything felt empty afterward.",sadness
"My sister watched the rain fall on an empty street, and a deep sadness settled in.",sadness
"Our family heard the dog growl at something unseen in the yard, and a chill of dread ran down my spine.",fear
She ran into my old teacher at the airport and stood there completely stunned.,surprise
We lost my grandmother last week and couldn't hold back the tears.,sadness
"My partner watched the sunrise on the beach, grinning from ear to ear.",joy
"The whole class found out my trust was betrayed, and it made my blood boil.",anger
"We noticed someone following the car for several blocks, and couldn't shake the sense of danger.",fear
He got the promotion I've been working towards! Best day ever.,joy
"My neighbor saw the storm clouds rolling in fast, terrified of what might happen next.",fear
"My neighbor missed the last train home in the rain, and everything felt empty afterward.",sadness
"My boss saw someone litter directly on the beach, and it was absolutely repulsive.",disgust
"My partner adopted a puppy today, filled with pure happiness.",joy
"My partner noticed the mildew smell coming from the carpet, and it turned my stomach.",disgust
"He heard the dog growl at something unseen in the yard, and the fear was paralyzing.",fear
"My dad discovered the twist ending nobody saw coming, and it was the last thing anyone expected.",surprise
"My boss remembered the anniversary of the loss, and the loneliness was overwhelming.",sadness
"Our family watched the pile of dirty laundry grow mold in the corner, and could not stand to be in the room.",disgust
"Our family found out I was accepted a full year early, and it took a while to process the surprise.",surprise
"The kids heard someone try the locked door handle at night, and my heart started racing with fear.",fear
"We heard the announcement that caught everyone off guard, and gasped in disbelief.",surprise
"He watched the rain fall on an empty street, and it left a lasting ache.",sadness
"My dad watched someone cut the line, and I could not believe the audacity.",anger
My partner got a surprise visit from family! Best day ever.,joy
"My sister saw someone litter directly on the beach, gagging at the sight of it.",disgust
"I lost my job unexpectedly, and everything felt empty afterward.",sadness
"My coworker learned the whole trip was planned in secret, and jaw dropped in astonishment.",surprise
"We heard the announcement that caught everyone off guard, and was speechless for a moment.",surprise
"My best friend waited for the biopsy results, and panic set in immediately.",fear
"The whole class discovered the contractor lied about the work, and it felt completely unfair and enraging.",anger
"My dad sat alone in the empty apartment, and the loneliness was overwhelming.",sadness
My sister couldn't say goodbye in time and couldn't hold back the tears.,sadness
I reunited with an old friend after years apart and couldn't stop smiling all day.,joy
"My boss was yelled at for no reason, and it was the last straw.",anger
"Our family got accepted into my dream university, grinning from ear to ear.",joy
My best friend hit a new personal record at the gym and felt overjoyed about it.,joy
"I saw the dirty dishes piled up for a week, wrinkling my nose in disgust.",disgust
"My partner lost my job unexpectedly, feeling completely heartbroken.",sadness
"The kids watched the underdog team win in the final second, and could hardly believe their eyes.",surprise
"My friend heard footsteps behind me on the dark street, and was too scared to move.",fear
"The kids watched someone cut the line, and snapped at everyone afterward.",anger
The crowd heard the sad news about the layoffs and couldn't hold back the tears.,sadness
"My roommate packed away the belongings of someone I lost, and a heavy sorrow followed.",sadness
"My sister opened the door to find an old friend waiting, and could hardly believe their eyes.",surprise
My brother opened the door to find an old friend waiting and stood there completely stunned.,surprise
"My brother saw headlights speeding straight at us, and braced for the worst in anxious dread.",fear
"The crowd saw someone litter directly on the beach, and it was utterly revolting.",disgust
So much happiness today because my friend won the small lottery prize.,joy
She was overcharged and refused a refund and was absolutely furious about it.,anger
"The kids opened the box to find something completely unexpected, out of absolutely nowhere.",surprise
"We saw headlights speeding straight at us, and a chill of dread ran down my spine.",fear
Our family finally paid off all my debt! Best day ever.,joy
"He realized the relationship was over, and everything felt empty afterward.",sadness
"My brother got cut off in traffic again, and slammed the door in anger.",anger
It broke my heart when my friend watched my best friend move away.,sadness
"My sister saw the overflowing public restroom, and it was absolutely repulsive.",disgust
"I watched someone cut the line, and snapped at everyone afterward.",anger
I got charged twice for the same order and was absolutely furious about it.,anger
So much happiness today because he finished the marathon.,joy
"My neighbor saw someone litter directly on the beach, wrinkling my nose in disgust.",disgust
"Our family found out we were having twins, and could hardly believe their eyes.",surprise
My partner found a stranger had paid for our whole meal and stood there completely stunned.,surprise
"Our family got charged twice for the same order, and it was the last straw.",anger
The whole class found out I passed the exam! Best day ever.,joy
My coworker finished the marathon and couldn't stop smiling all day.,joy
So much happiness today because i finished the marathon.,joy
"My coworker packed away the belongings of someone I lost, feeling completely heartbroken.",sadness
"I found hair in the meal at the restaurant, and refused to touch anything after that.",disgust
"He lost my grandmother last week, feeling low for the rest of the day.",sadness
"The whole class had my flight cancelled with no explanation, and slammed the door in anger.",anger
"My roommate found a stranger had paid for our whole meal, and was speechless for a moment.",surprise
"The crowd sat through the funeral trying not to cry, and everything felt empty afterward.",sadness
"Our family lost my job unexpectedly, feeling low for the rest of the day.",sadness
"My boss watched someone cut the line, and it was infuriating.",anger
"My dad felt the ground shake during the earthquake, and panic set in immediately.",fear
"My neighbor found out the trip got cancelled, and a deep sadness settled in.",sadness
"The kids watched the video of the unsanitary restaurant kitchen, and could not stand to be in the room.",disgust
"My dad felt the boat rock violently in the storm, and the fear was paralyzing.",fear
"The whole class found a letter from someone I hadn't heard from in years, and it took a while to process the surprise.",surprise
"The crowd found out my trust was betrayed, and it was infuriating.",anger
"My roommate heard the sad news about the layoffs, feeling low for the rest of the day.",sadness
"The team noticed the rotten smell coming from under the sink, and it turned my stomach.",disgust
We got an email saying the project was already approved and stood there completely stunned.,surprise
"Our family found hair in the meal at the restaurant, gagging at the sight of it.",disgust
It broke my heart when the crowd failed the final exam after months of studying.,sadness
"My partner felt the ground shake during the earthquake, terrified of what might happen next.",fear
"The crowd found a letter from someone I hadn't heard from in years, and it took a while to process the surprise.",surprise
"Our family noticed the rotten smell coming from under the sink, and it turned my stomach.",disgust
The whole class watched the underdog team win in the final second and stood there completely stunned.,surprise
"The team spent the holiday alone this year, and just wanted to be alone and cry.",sadness
My partner noticed someone following the car for several blocks and froze in terror.,fear
So much happiness today because my dad got the promotion I've been working towards.,joy
"My boss watched the news about the approaching hurricane, and was too scared to move.",fear
My best friend saw headlights speeding straight at us and froze in terror.,fear
"My brother found the bathroom left in a disgusting state after the party, and could not stand to be in the room.",disgust
The crowd received an unexpected gift and felt overjoyed about it.,joy
"The whole class found a cockroach crawling across the counter, and it was utterly revolting.",disgust
"I had to say goodbye to my childhood home, feeling completely heartbroken.",sadness
"My mom learned the whole trip was planned in secret, and was speechless for a moment.",surprise
"My roommate watched the shadow move across the wall, and was too scared to move.",fear
"She heard someone try the locked door handle at night, and my heart started racing with fear.",fear
My best friend danced all night at the wedding! Best day ever.,joy
"My roommate found out I passed the exam, and my heart felt so light.",joy
"My partner realized we were lost deep in the woods after dark, terrified of what might happen next.",fear
"My best friend sat alone in the empty apartment, feeling low for the rest of the day.",sadness
"The whole class found the food crawling with ants, gagging at the sight of it.",disgust
"My partner got the call from the hospital in the middle of the night, and the fear was paralyzing.",fear
So gross — my coworker opened the fridge to a smell that made me gag.,disgust
"My best friend saw maggots in the trash can, gagging at the sight of it.",disgust
"She opened the door to find an old friend waiting, totally caught off guard.",surprise
"My sister opened the box to find something completely unexpected, and was speechless for a moment.",surprise
"He found the food crawling with ants, and refused to touch anything after that.",disgust
My best friend hit a new personal record at the gym! Best day ever.,joy
"My roommate heard the dog growl at something unseen in the yard, and couldn't shake the sense of danger.",fear
"My friend was lied to right to my face, and it felt completely unfair and enraging.",anger
"I realized the relationship was over, feeling completely heartbroken.",sadness
My dad got accepted into my dream university and felt overjoyed about it.,joy
"My brother felt the elevator jolt to a stop between floors, shaking with fear the whole time.",fear
"We noticed the mildew smell coming from the carpet, and refused to touch anything after that.",disgust
"My coworker heard the announcement that caught everyone off guard, and gasped in disbelief.",surprise
"My boss saw headlights speeding straight at us, and my heart started racing with fear.",fear
"My boss saw headlights speeding straight at us, and a chill of dread ran down my spine.",fear
"My coworker found out my coworker was secretly the author of the book, totally caught off guard.",surprise
"The crowd discovered a hidden room in the old house, and could hardly believe their eyes.",surprise
What a shock — my coworker found out my coworker was secretly the author of the book.,surprise
"Our family watched someone spit on the sidewalk, and could not stand to be in the room.",disgust
"My roommate saw headlights speeding straight at us, terrified of what might happen next.",fear
My sister had the neighbor's dog ruin the garden again and was absolutely furious about it.,anger
"My coworker found the milk had gone sour and lumpy, and could not stand to be in the room.",disgust
My best friend watched the kids open their presents on Christmas morning and couldn't stop smiling all day.,joy
"My sister noticed the mildew smell coming from the carpet, and it was absolutely repulsive.",disgust
My dad adopted a puppy today and celebrated with everyone around.,joy
"We waited for the biopsy results, and couldn't shake the sense of danger.",fear
"The whole class saw the storm clouds rolling in fast, shaking with fear the whole time.",fear
"We found out I passed the exam, and it felt absolutely wonderful.",joy
What a shock — i found a letter from someone I hadn't heard from in years.,surprise
"My neighbor found out the rumor was actually true, and gasped in disbelief.",surprise
My friend found out we were having twins and stood there completely stunned.,surprise
My neighbor failed the final exam after months of studying and couldn't hold back the tears.,sadness
"My roommate heard the power go out during the thunderstorm, and was too scared to move.",fear
"The whole class opened the box to find something completely unexpected, and gasped in disbelief.",surprise
"My dad sat through another broken promise, and was seething with rage.",anger
"My neighbor watched the news about the approaching hurricane, and my heart started racing with fear.",fear
"We heard the announcement that caught everyone off guard, and it took a while to process the surprise.",surprise
"My dad listened to our old song and felt hollow, and a heavy sorrow followed.",sadness
"My neighbor watched the news report about the contaminated water supply, and it was utterly revolting.",disgust
So gross — our family smelled the garbage that had been sitting out for days.,disgust
"My mom watched the sunrise on the beach, filled with pure happiness.",joy
"The kids heard the power go out during the thunderstorm, and was too scared to move.",fear
"My boss was blamed for a mistake I didn't make, and snapped at everyone afterward.",anger
My coworker found out the rumor was actually true and stood there completely stunned.,surprise
"My sister found a letter from someone I hadn't heard from in years, out of absolutely nowhere.",surprise
"My roommate discovered the contractor lied about the work, and slammed the door in anger.",anger
"My partner saw the smoke alarm go off at 3am, shaking with fear the whole time.",fear
My roommate won the small lottery prize and couldn't stop smiling all day.,joy
"The team felt the plane shake violently in turbulence, and braced for the worst in anxious dread.",fear
What a joy — i received an unexpected gift.,joy
So much happiness today because he found out I passed the exam.,joy
"The crowd found out my coworker was secretly the author of the book, and it took a while to process the surprise.",surprise
"He opened the box to find something completely unexpected, out of absolutely nowhere.",surprise
"My mom saw headlights speeding straight at us, and couldn't shake the sense of danger.",fear
He spent the whole day laughing with friends and felt overjoyed about it.,joy
So frustrated — the kids was yelled at for no reason.,anger
"The team heard the dog growl at something unseen in the yard, shaking with fear the whole time.",fear
"My sister got cut off in traffic again, and it was the last straw.",anger
"She found out my trust was betrayed, and snapped at everyone afterward.",anger
"My boss waited for the biopsy results, and panic set in immediately.",fear
"My partner noticed the rotten smell coming from under the sink, and could not stand to be in the room.",disgust
"I saw the kitchen left in a filthy state, and refused to touch anything after that.",disgust
"He watched someone cut the line, and I could not believe the audacity.",anger
"The crowd discovered the contractor lied about the work, and was seething with rage.",anger
"She had my idea stolen and presented as someone else's, and it was the last straw.",anger
"My best friend sat through another broken promise, and it felt completely unfair and enraging.",anger
He danced all night at the wedding! Best day ever.,joy
"My partner saw maggots in the trash can, and it turned my stomach.",disgust
My best friend learned the whole trip was planned in secret and stood there completely stunned.,surprise
My friend watched someone spit on the sidewalk and immediately felt sick to the stomach.,disgust
"We found a stranger had paid for our whole meal, and could hardly believe their eyes.",surprise
It broke my heart when my partner found out the trip got cancelled.,sadness
"My friend saw the check engine light flash on the highway, and a chill of dread ran down my spine.",fear
"The crowd watched the shadow move across the wall, and a chill of dread ran down my spine.",fear
"My boss opened the door to find an old friend waiting, and was speechless for a moment.",surprise
"The whole class saw fireworks go off out of nowhere, and it took a while to process the surprise.",surprise
"My sister waited for the biopsy results, and panic set in immediately.",fear
"We watched someone spit on the sidewalk, and it was utterly revolting.",disgust
"My sister found out my coworker was secretly the author of the book, out of absolutely nowhere.",surprise
"The crowd was yelled at for no reason, and was seething with rage.",anger
"My mom found out the trip got cancelled, and everything felt empty afterward.",sadness
"He waited for the biopsy results, and was too scared to move.",fear
So frustrated — the team discovered the contractor lied about the work.,anger
"My partner got charged twice for the same order, and was seething with rage.",anger
"The kids watched the rain fall on an empty street, and everything felt empty afterward.",sadness
"My dad heard someone try the locked door handle at night, terrified of what might happen next.",fear
"My best friend saw the storm clouds rolling in fast, and a chill of dread ran down my spine.",fear
It broke my heart when the team remembered the anniversary of the loss.,sadness
My friend hit a new personal record at the gym and felt overjoyed about it.,joy
What a joy — he planted a garden that's finally blooming.,joy
"My friend heard the announcement that caught everyone off guard, and could hardly believe their eyes.",surprise
So much happiness today because the crowd watched the kids open their presents on Christmas morning.,joy
What a joy — my friend watched the sunrise on the beach.,joy
"We was interrupted for the third time in a row, and was seething with rage.",anger
"She found out we were having twins, out of absolutely nowhere.",surprise
"My friend cancelled the trip we had planned together, and the loneliness was overwhelming.",sadness
It broke my heart when my friend couldn't say goodbye in time.,sadness
"The whole class saw the entire office decorated for my birthday, and it was the last thing anyone expected.",surprise
"My mom got a call saying I'd won an award I never applied for, and it was the last thing anyone expected.",surprise
My partner kept getting the same excuse over and over and was absolutely furious about it.,anger
My brother opened the fridge to find it fully stocked by a neighbor and stood there completely stunned.,surprise
What a shock — my friend found out I was accepted a full year early.,surprise
"My sister watched the underdog team win in the final second, and jaw dropped in astonishment.",surprise
"The crowd remembered the anniversary of the loss, and just wanted to be alone and cry.",sadness
"My partner found the bathroom left in a disgusting state after the party, and it turned my stomach.",disgust
"My dad watched the rain fall on an empty street, and it left a lasting ache.",sadness
"My dad found out my trust was betrayed, and it made my blood boil.",anger
"My mom felt the elevator jolt to a stop between floors, and braced for the worst in anxious dread.",fear
She planted a garden that's finally blooming and couldn't stop smiling all day.,joy
We reunited with an old friend after years apart and felt overjoyed about it.,joy
Our family lost my grandmother last week and couldn't hold back the tears.,sadness
"My mom sat alone in the empty apartment, and just wanted to be alone and cry.",sadness
What a shock — my dad found a stranger had paid for our whole meal.,surprise
"My partner got accepted into my dream university, grinning from ear to ear.",joy
"My coworker lost my job unexpectedly, feeling low for the rest of the day.",sadness
He danced all night at the wedding and felt overjoyed about it.,joy
"She ran into my old teacher at the airport, totally caught off guard.",surprise
"Our family realized the relationship was over, feeling completely heartbroken.",sadness
"My roommate watched the old photographs and felt the years slip by, feeling low for the rest of the day.",sadness
"My friend got the call from the hospital in the middle of the night, and braced for the worst in anxious dread.",fear
"My friend smelled the garbage that had been sitting out for days, and it was absolutely repulsive.",disgust
"She heard footsteps behind me on the dark street, and a chill of dread ran down my spine.",fear
"My mom watched the news report about the contaminated water supply, and it was utterly revolting.",disgust
"My neighbor saw the smoke alarm go off at 3am, and my heart started racing with fear.",fear
"The team saw the check engine light flash on the highway, and was too scared to move.",fear
"I watched the shadow move across the wall, and braced for the worst in anxious dread.",fear
"My neighbor walked into a surprise party thrown by my friends, and it took a while to process the surprise.",surprise
What a shock — my partner discovered a hidden room in the old house.,surprise
"My sister heard the announcement that caught everyone off guard, and was speechless for a moment.",surprise
"I discovered the contractor lied about the work, and I could not believe the audacity.",anger
"My boss was interrupted for the third time in a row, and was seething with rage.",anger
"My brother watched the underdog team win in the final second, and could hardly believe their eyes.",surprise
"I had to say goodbye to my childhood home, and a deep sadness settled in.",sadness
"My mom found out I was accepted a full year early, and jaw dropped in astonishment.",surprise
What a shock — my partner found out the rumor was actually true.,surprise
"She watched the referee make an unfair call, and it was the last straw.",anger
So much happiness today because the kids got a surprise visit from family.,joy
"My neighbor got an email saying the project was already approved, and could hardly believe their eyes.",surprise
"My friend sat through another broken promise, and it made my blood boil.",anger
"The whole class saw headlights speeding straight at us, and my heart started racing with fear.",fear
We heard the announcement that caught everyone off guard and stood there completely stunned.,surprise
"My mom lost my grandmother last week, and everything felt empty afterward.",sadness
"The whole class watched someone chew with their mouth wide open, and it was utterly revolting.",disgust
"My best friend got cut off in traffic again, and it was the last straw.",anger
"My coworker listened to our old song and felt hollow, and a heavy sorrow followed.",sadness
"My sister kept getting the same excuse over and over, and it felt completely unfair and enraging.",anger
"My neighbor felt the boat rock violently in the storm, and braced for the worst in anxious dread.",fear
"My coworker was blamed for a mistake I didn't make, and was seething with rage.",anger
"My brother saw headlights speeding straight at us, shaking with fear the whole time.",fear
My partner spent the whole day laughing with friends and celebrated with everyone around.,joy
What a shock — we saw fireworks go off out of nowhere.,surprise
"The whole class finally paid off all my debt, and my heart felt so light.",joy
"The kids saw the smoke alarm go off at 3am, and my heart started racing with fear.",fear
So frustrated — the whole class watched the referee make an unfair call.,anger
"The crowd learned the whole trip was planned in secret, and could hardly believe their eyes.",surprise
It broke my heart when my dad cancelled the trip we had planned together.,sadness
"My mom heard the dog growl at something unseen in the yard, and couldn't shake the sense of danger.",fear
"The team ran into my old teacher at the airport, and it took a while to process the surprise.",surprise
"My coworker saw the check engine light flash on the highway, and panic set in immediately.",fear
"He watched the rain fall on an empty street, and a deep sadness settled in.",sadness
"My roommate finally paid off all my debt, and it felt absolutely wonderful.",joy
"The whole class received an unexpected gift, and my heart felt so light.",joy
"My friend found out we were having twins, and it was the last thing anyone expected.",surprise
"My coworker ran into my old teacher at the airport, and it took a while to process the surprise.",surprise
"My friend watched someone spit on the sidewalk, and it turned my stomach.",disgust
"We found out the trip got cancelled, and it left a lasting ache.",sadness
"My dad saw the overflowing public restroom, and could not stand to be in the room.",disgust
My boss found out my trust was betrayed and was absolutely furious about it.,anger
"The kids lost my job unexpectedly, and it left a lasting ache.",sadness
"My best friend watched the news about the approaching hurricane, and panic set in immediately.",fear
My brother watched the video of the unsanitary restaurant kitchen and immediately felt sick to the stomach.,disgust
"My dad found mold growing in the leftover food, and it was absolutely repulsive.",disgust
"The kids got a surprise visit from family, and my heart felt so light.",joy
"My brother felt the boat rock violently in the storm, terrified of what might happen next.",fear
"My best friend heard the dog growl at something unseen in the yard, terrified of what might happen next.",fear
"My brother was interrupted for the third time in a row, and it felt completely unfair and enraging.",anger
My brother realized the relationship was over and couldn't hold back the tears.,sadness
"My partner sat through another broken promise, and it felt completely unfair and enraging.",anger
"We saw my favorite band live, filled with pure happiness.",joy
It broke my heart when my sister cancelled the trip we had planned together.,sadness
"My friend found out my coworker was secretly the author of the book, and could hardly believe their eyes.",surprise
My coworker felt the elevator jolt to a stop between floors and froze in terror.,fear
"He found a cockroach crawling across the counter, gagging at the sight of it.",disgust
"The whole class lost my grandmother last week, and a deep sadness settled in.",sadness
"He walked into a surprise party thrown by my friends, out of absolutely nowhere.",surprise
"My coworker planted a garden that's finally blooming, filled with pure happiness.",joy
"My neighbor found hair in the meal at the restaurant, and refused to touch anything after that.",disgust
"The crowd sat alone in the empty apartment, and the loneliness was overwhelming.",sadness
The crowd found mold growing in the leftover food and immediately felt sick to the stomach.,disgust
"The team found hair in the meal at the restaurant, and it turned my stomach.",disgust
"My neighbor was overcharged and refused a refund, and it felt completely unfair and enraging.",anger
"My boss watched someone spit on the sidewalk, wrinkling my nose in disgust.",disgust
"My sister sat alone in the empty apartment, feeling completely heartbroken.",sadness
"My mom found out my trust was betrayed, and it was the last straw.",anger
"My partner found out my coworker was secretly the author of the book, totally caught off guard.",surprise
What a joy — my mom hit a new personal record at the gym.,joy
"My mom watched my best friend move away, and it left a lasting ache.",sadness
"Our family felt the plane shake violently in turbulence, and my heart started racing with fear.",fear
"My coworker saw someone litter directly on the beach, gagging at the sight of it.",disgust
"The whole class failed the final exam after months of studying, and a heavy sorrow followed.",sadness
"My dad watched the referee make an unfair call, and it felt completely unfair and enraging.",anger
So much happiness today because our family got accepted into my dream university.,joy
"I watched the shadow move across the wall, shaking with fear the whole time.",fear
"The kids watched the pile of dirty laundry grow mold in the corner, and it turned my stomach.",disgust
"Our family got a call saying I'd won an award I never applied for, and was speechless for a moment.",surprise
"My boss found a cockroach crawling across the counter, and it was utterly revolting.",disgust
"My partner found the food crawling with ants, and it turned my stomach.",disgust
"My mom watched someone spit on the sidewalk, and it was absolutely repulsive.",disgust
"My roommate found the food crawling with ants, wrinkling my nose in disgust.",disgust
"My sister opened the fridge to find it fully stocked by a neighbor, out of absolutely nowhere.",surprise
The whole class found mold growing in the leftover food and immediately felt sick to the stomach.,disgust
So much happiness today because the crowd cooked a meal that turned out perfectly.,joy
What a joy — i found out I passed the exam.,joy
"The crowd realized the relationship was over, and it left a lasting ache.",sadness
"We watched someone chew with their mouth wide open, and had to look away in disgust.",disgust
It broke my heart when my neighbor cancelled the trip we had planned together.,sadness
"My roommate opened the fridge to find it fully stocked by a neighbor, and jaw dropped in astonishment.",surprise
"I found the bathroom left in a disgusting state after the party, and it turned my stomach.",disgust
"My brother got a text saying we need to talk right away, and my heart started racing with fear.",fear
"My friend watched someone cut the line, and was seething with rage.",anger
The kids cooked a meal that turned out perfectly and felt overjoyed about it.,joy
"My dad watched the news about the approaching hurricane, and panic set in immediately.",fear
"My sister heard a strange noise in the empty house, shaking with fear the whole time.",fear
"My coworker felt the plane shake violently in turbulence, terrified of what might happen next.",fear
The kids had my flight cancelled with no explanation and was absolutely furious about it.,anger
"My partner found the milk had gone sour and lumpy, wrinkling my nose in disgust.",disgust
"My best friend felt the boat rock violently in the storm, shaking with fear the whole time.",fear
"He cancelled the trip we had planned together, and the loneliness was overwhelming.",sadness
"My neighbor missed the last train home in the rain, and it left a lasting ache.",sadness
My mom got the promotion I've been working towards! Best day ever.,joy
The team danced all night at the wedding! Best day ever.,joy
My roommate got a surprise visit from family and couldn't stop smiling all day.,joy
"My dad received an unexpected gift, filled with pure happiness.",joy
"The kids found the food crawling with ants, and refused to touch anything after that.",disgust
"My roommate saw the check engine light flash on the highway, and a chill of dread ran down my spine.",fear
What a joy — my mom got a surprise visit from family.,joy
My brother learned the whole trip was planned in secret and stood there completely stunned.,surprise
"My roommate saw the kitchen left in a filthy state, and had to look away in disgust.",disgust
"The kids realized we were lost deep in the woods after dark, and couldn't shake the sense of danger.",fear
"My mom watched the pile of dirty laundry grow mold in the corner, and refused to touch anything after that.",disgust
What a shock — the crowd found a stranger had paid for our whole meal.,surprise
Our family finally paid off all my debt and couldn't stop smiling all day.,joy
So much happiness today because my coworker got a surprise visit from family.,joy
What a joy — my boss finished the marathon.,joy
"Our family cooked a meal that turned out perfectly, and it felt absolutely wonderful.",joy
"My best friend was ignored during the entire meeting, and slammed the door in anger.",anger
So much happiness today because the team landed the job offer.,joy
"My roommate watched the news about the approaching hurricane, terrified of what might happen next.",fear
"The kids found the milk had gone sour and lumpy, wrinkling my nose in disgust.",disgust
"My boss heard the announcement that caught everyone off guard, and was speechless for a moment.",surprise
"My brother won the small lottery prize, and it felt absolutely wonderful.",joy
"The kids got a call saying I'd won an award I never applied for, and it was the last thing anyone expected.",surprise
"She smelled the garbage that had been sitting out for days, and it was absolutely repulsive.",disgust
"My dad found hair in the meal at the restaurant, and could not stand to be in the room.",disgust
"My coworker watched the old photographs and felt the years slip by, and the loneliness was overwhelming.",sadness
So frustrated — my sister had my flight cancelled with no explanation.,anger
"My best friend heard footsteps behind me on the dark street, and was too scared to move.",fear
"My best friend was overcharged and refused a refund, and was seething with rage.",anger
So much happiness today because we saw my favorite band live.,joy
"The kids watched the pile of dirty laundry grow mold in the corner, and it was absolutely repulsive.",disgust
What a shock — she discovered a hidden room in the old house.,surprise
"The whole class was overcharged and refused a refund, and it felt completely unfair and enraging.",anger
"My coworker watched the referee make an unfair call, and slammed the door in anger.",anger
My best friend was ignored during the entire meeting and was absolutely furious about it.,anger
It broke my heart when my best friend missed the last train home in the rain.,sadness
"My partner found a letter from someone I hadn't heard from in years, out of absolutely nowhere.",surprise
"My partner got a text saying we need to talk right away, shaking with fear the whole time.",fear
The crowd had to say goodbye to my childhood home and couldn't hold back the tears.,sadness
"The crowd watched someone cut the line, and snapped at everyone afterward.",anger
What a shock — she saw fireworks go off out of nowhere.,surprise
What a shock — the crowd opened the box to find something completely unexpected.,surprise
"My friend found out my trust was betrayed, and snapped at everyone afterward.",anger
"My brother ran into my old teacher at the airport, and it was the last thing anyone expected.",surprise
"The whole class packed away the belongings of someone I lost, feeling completely heartbroken.",sadness
"The kids heard footsteps behind me on the dark street, and braced for the worst in anxious dread.",fear
"My mom waited for the biopsy results, and was too scared to move.",fear
"My best friend watched the sunrise on the beach, and it felt absolutely wonderful.",joy
"We opened the box to find something completely unexpected, and was speechless for a moment.",surprise
What a joy — my coworker got a surprise visit from family.,joy
My dad heard the announcement that caught everyone off guard and stood there completely stunned.,surprise
My friend got the promotion I've been working towards and felt overjoyed about it.,joy
"My best friend ran into my old teacher at the airport, and it took a while to process the surprise.",surprise
"Our family felt the ground shake during the earthquake, and the fear was paralyzing.",fear
"My sister saw the check engine light flash on the highway, and couldn't shake the sense of danger.",fear
My boss saw my favorite band live and felt overjoyed about it.,joy
"The team found out the rumor was actually true, totally caught off guard.",surprise
"The whole class ran into my old teacher at the airport, and could hardly believe their eyes.",surprise
The team felt the elevator jolt to a stop between floors and froze in terror.,fear
So frustrated — i was yelled at for no reason.,anger
"I heard the power go out during the thunderstorm, and my heart started racing with fear.",fear
"We felt the boat rock violently in the storm, and a chill of dread ran down my spine.",fear
"My coworker was mocked in front of everyone, and it was the last straw.",anger
He missed the last train home in the rain and couldn't hold back the tears.,sadness
"My best friend saw the overflowing public restroom, and it was utterly revolting.",disgust
So much happiness today because my mom danced all night at the wedding.,joy
"We finally paid off all my debt, and my heart felt so light.",joy
"I danced all night at the wedding, and my heart felt so light.",joy
"My coworker found a stranger had paid for our whole meal, and was speechless for a moment.",surprise
"The team found the package smashed after waiting all week, and slammed the door in anger.",anger
"My brother read the goodbye letter one more time, and everything felt empty afterward.",sadness
My boss got a surprise visit from family! Best day ever.,joy
"My partner discovered a hidden room in the old house, and gasped in disbelief.",surprise
What a shock — my coworker discovered the twist ending nobody saw coming.,surprise
The team felt the ground shake during the earthquake and froze in terror.,fear
"My neighbor failed the final exam after months of studying, feeling low for the rest of the day.",sadness
"The team found out I passed the exam, and it felt absolutely wonderful.",joy
The kids felt the ground shake during the earthquake and froze in terror.,fear
I discovered the twist ending nobody saw coming and stood there completely stunned.,surprise
"My best friend got a call saying I'd won an award I never applied for, and jaw dropped in astonishment.",surprise
"My roommate walked into a surprise party thrown by my friends, and gasped in disbelief.",surprise
"My boss opened the fridge to a smell that made me gag, and could not stand to be in the room.",disgust
"My friend felt the elevator jolt to a stop between floors, and my heart started racing with fear.",fear
"My neighbor opened the box to find something completely unexpected, out of absolutely nowhere.",surprise
"The crowd found the package smashed after waiting all week, and was seething with rage.",anger
"We packed away the belongings of someone I lost, and a heavy sorrow followed.",sadness
"The crowd heard the announcement that caught everyone off guard, and it was the last thing anyone expected.",surprise
"Our family discovered a hidden room in the old house, and it took a while to process the surprise.",surprise
"The crowd heard the power go out during the thunderstorm, and a chill of dread ran down my spine.",fear
"We waited two hours for a refund that never came, and it felt completely unfair and enraging.",anger
So frustrated — he had my flight cancelled with no explanation.,anger
"My coworker saw fireworks go off out of nowhere, totally caught off guard.",surprise
"The kids found a letter from someone I hadn't heard from in years, totally caught off guard.",surprise
"We received an unexpected gift, filled with pure happiness.",joy
"We watched the news about the approaching hurricane, shaking with fear the whole time.",fear
My best friend finally paid off all my debt! Best day ever.,joy
"My brother remembered the anniversary of the loss, and just wanted to be alone and cry.",sadness
"My friend got charged twice for the same order, and was seething with rage.",anger
Our family watched the kids open their presents on Christmas morning! Best day ever.,joy
"My dad saw fireworks go off out of nowhere, and could hardly believe their eyes.",surprise
It broke my heart when the whole class watched the old photographs and felt the years slip by.,sadness
"The crowd packed away the belongings of someone I lost, feeling low for the rest of the day.",sadness
"My mom found hair in the meal at the restaurant, and it was utterly revolting.",disgust
"My neighbor ran into my old teacher at the airport, and was speechless for a moment.",surprise
So much happiness today because the team got accepted into my dream university.,joy
The team opened the fridge to find it fully stocked by a neighbor and stood there completely stunned.,surprise
"My best friend opened the fridge to a smell that made me gag, wrinkling my nose in disgust.",disgust
"We heard the power go out during the thunderstorm, shaking with fear the whole time.",fear
"My best friend saw fireworks go off out of nowhere, and it was the last thing anyone expected.",surprise
What a joy — my best friend received an unexpected gift.,joy
"My mom landed the job offer, grinning from ear to ear.",joy
"The kids read the goodbye letter one more time, and a deep sadness settled in.",sadness
"We heard the sad news about the layoffs, and it left a lasting ache.",sadness
"My brother watched someone cut the line, and it made my blood boil.",anger
"My sister got an email saying the project was already approved, and jaw dropped in astonishment.",surprise
"My brother watched the referee make an unfair call, and it made my blood boil.",anger
"The crowd watched someone spit on the sidewalk, and refused to touch anything after that.",disgust
"My boss saw the overflowing public restroom, wrinkling my nose in disgust.",disgust
What a joy — my partner received an unexpected gift.,joy
"My coworker watched the referee make an unfair call, and it was the last straw.",anger
So frustrated — my sister found out my trust was betrayed.,anger
My best friend discovered the twist ending nobody saw coming and stood there completely stunned.,surprise
"She found a stranger had paid for our whole meal, and gasped in disbelief.",surprise
My friend felt the plane shake violently in turbulence and froze in terror.,fear
"The whole class finished the marathon, and it felt absolutely wonderful.",joy
"My brother got charged twice for the same order, and I could not believe the audacity.",anger
"He heard the sad news about the layoffs, and just wanted to be alone and cry.",sadness
My roommate heard the dog growl at something unseen in the yard and froze in terror.,fear
I planted a garden that's finally blooming and felt overjoyed about it.,joy
"The whole class had to say goodbye to my childhood home, and it left a lasting ache.",sadness
"He heard a strange noise in the empty house, and panic set in immediately.",fear
"My neighbor found the package smashed after waiting all week, and I could not believe the audacity.",anger
My partner discovered the twist ending nobody saw coming and stood there completely stunned.,surprise
My best friend adopted a puppy today! Best day ever.,joy
"My coworker heard the announcement that caught everyone off guard, out of absolutely nowhere.",surprise
"My best friend found out my trust was betrayed, and it was the last straw.",anger
My dad finished the marathon! Best day ever.,joy
"My coworker opened the door to find an old friend waiting, and it was the last thing anyone expected.",surprise
"He saw the check engine light flash on the highway, and my heart started racing with fear.",fear
"He found out we were having twins, totally caught off guard.",surprise
"My partner opened the box to find something completely unexpected, totally caught off guard.",surprise
"My coworker realized we were lost deep in the woods after dark, and the fear was paralyzing.",fear
My neighbor learned the whole trip was planned in secret and stood there completely stunned.,surprise
"My coworker listened to our old song and felt hollow, and the loneliness was overwhelming.",sadness
"We won the small lottery prize, grinning from ear to ear.",joy
So frustrated — my best friend kept getting the same excuse over and over.,anger
So frustrated — my mom waited two hours for a refund that never came.,anger
"My dad found mold growing in the leftover food, and it was utterly revolting.",disgust
"The crowd watched the video of the unsanitary restaurant kitchen, and it was absolutely repulsive.",disgust
"My mom felt the ground shake during the earthquake, and was too scared to move.",fear
"He was overcharged and refused a refund, and was seething with rage.",anger
"She spent the holiday alone this year, and just wanted to be alone and cry.",sadness
My neighbor saw someone litter directly on the beach and immediately felt sick to the stomach.,disgust
"My friend remembered the anniversary of the loss, and everything felt empty afterward.",sadness
"My best friend waited two hours for a refund that never came, and snapped at everyone afterward.",anger
"My neighbor had my idea stolen and presented as someone else's, and slammed the door in anger.",anger
"My best friend was interrupted for the third time in a row, and slammed the door in anger.",anger
The whole class cooked a meal that turned out perfectly! Best day ever.,joy
"I was blamed for a mistake I didn't make, and it was the last straw.",anger
"The kids saw headlights speeding straight at us, and a chill of dread ran down my spine.",fear
"My roommate landed the job offer, and my heart felt so light.",joy
"Our family waited two hours for a refund that never came, and it felt completely unfair and enraging.",anger
"The crowd had the neighbor's dog ruin the garden again, and slammed the door in anger.",anger
So much happiness today because we got the promotion I've been working towards.,joy
"My partner felt the plane shake violently in turbulence, and couldn't shake the sense of danger.",fear
My dad watched the kids open their presents on Christmas morning! Best day ever.,joy
"My neighbor discovered the contractor lied about the work, and was seething with rage.",anger
"My boss heard the dog growl at something unseen in the yard, and my heart started racing with fear.",fear
"My brother remembered the anniversary of the loss, and it left a lasting ache.",sadness
"My coworker smelled the garbage that had been sitting out for days, and it turned my stomach.",disgust
What a joy — my partner planted a garden that's finally blooming.,joy
"My boss found out I was accepted a full year early, and it was the last thing anyone expected.",surprise
"My partner waited two hours for a refund that never came, and it was infuriating.",anger
"My mom felt the boat rock violently in the storm, shaking with fear the whole time.",fear
"My best friend watched the news about the approaching hurricane, and was too scared to move.",fear
"My coworker opened the box to find something completely unexpected, and was speechless for a moment.",surprise
"My best friend got a call saying I'd won an award I never applied for, and it took a while to process the surprise.",surprise
She landed the job offer and felt overjoyed about it.,joy
"My boss found the package smashed after waiting all week, and I could not believe the audacity.",anger
My neighbor reunited with an old friend after years apart! Best day ever.,joy
"My mom found the milk had gone sour and lumpy, and had to look away in disgust.",disgust
"My boss got cut off in traffic again, and snapped at everyone afterward.",anger
The team found the food crawling with ants and immediately felt sick to the stomach.,disgust
"My coworker watched my best friend move away, feeling completely heartbroken.",sadness
"My coworker smelled the garbage that had been sitting out for days, and it was utterly revolting.",disgust
"My brother listened to our old song and felt hollow, and everything felt empty afterward.",sadness
"My brother remembered the anniversary of the loss, and a deep sadness settled in.",sadness
"My roommate missed the last train home in the rain, and a deep sadness settled in.",sadness
"The kids saw the smoke alarm go off at 3am, and braced for the worst in anxious dread.",fear
"My sister saw fireworks go off out of nowhere, totally caught off guard.",surprise
"I opened the door to find an old friend waiting, out of absolutely nowhere.",surprise
"My coworker heard the power go out during the thunderstorm, and was too scared to move.",fear
So gross — my mom watched someone chew with their mouth wide open.,disgust
"The team saw the kitchen left in a filthy state, gagging at the sight of it.",disgust
"The whole class walked into a surprise party thrown by my friends, and it took a while to process the surprise.",surprise
My sister watched the kids open their presents on Christmas morning and celebrated with everyone around.,joy
"My mom found the milk had gone sour and lumpy, gagging at the sight of it.",disgust
"The crowd saw the smoke alarm go off at 3am, shaking with fear the whole time.",fear
"Our family opened the door to find an old friend waiting, and it took a while to process the surprise.",surprise
"The kids saw the smoke alarm go off at 3am, and panic set in immediately.",fear
"The kids opened a birthday present early, and it felt absolutely wonderful.",joy
"The whole class heard the announcement that caught everyone off guard, and it took a while to process the surprise.",surprise
"My sister heard the dog growl at something unseen in the yard, and was too scared to move.",fear
"We won the small lottery prize, filled with pure happiness.",joy
"My mom watched the underdog team win in the final second, and it took a while to process the surprise.",surprise
It broke my heart when the team lost my job unexpectedly.,sadness
My best friend saw the dirty dishes piled up for a week and immediately felt sick to the stomach.,disgust
"My sister danced all night at the wedding, and it felt absolutely wonderful.",joy
"We walked into a surprise party thrown by my friends, and was speechless for a moment.",surprise
My coworker felt the ground shake during the earthquake and froze in terror.,fear
"My brother waited for the biopsy results, and the fear was paralyzing.",fear
"My partner found mold growing in the leftover food, and had to look away in disgust.",disgust
I received an unexpected gift and celebrated with everyone around.,joy
"The team felt the ground shake during the earthquake, terrified of what might happen next.",fear
"The kids kept getting the same excuse over and over, and snapped at everyone afterward.",anger
"My best friend watched the video of the unsanitary restaurant kitchen, and could not stand to be in the room.",disgust
"The kids watched the news report about the contaminated water supply, and it turned my stomach.",disgust
"He read the goodbye letter one more time, feeling low for the rest of the day.",sadness
"My coworker had my flight cancelled with no explanation, and it was the last straw.",anger
"We felt the plane shake violently in turbulence, and braced for the worst in anxious dread.",fear
"My mom saw maggots in the trash can, and could not stand to be in the room.",disgust
"The whole class planted a garden that's finally blooming, and it felt absolutely wonderful.",joy
My mom planted a garden that's finally blooming and couldn't stop smiling all day.,joy
So frustrated — the crowd sat through another broken promise.,anger
"The crowd won the small lottery prize, grinning from ear to ear.",joy
"She found hair in the meal at the restaurant, and refused to touch anything after that.",disgust
"My coworker was ignored during the entire meeting, and it made my blood boil.",anger
So gross — my brother found a cockroach crawling across the counter.,disgust
"My boss saw someone litter directly on the beach, wrinkling my nose in disgust.",disgust
"The team got cut off in traffic again, and was seething with rage.",anger
What a joy — my dad finally paid off all my debt.,joy
"My sister found out my coworker was secretly the author of the book, and could hardly believe their eyes.",surprise
"My best friend got a call saying I'd won an award I never applied for, totally caught off guard.",surprise
She read the goodbye letter one more time and couldn't hold back the tears.,sadness
"My best friend watched the referee make an unfair call, and it was infuriating.",anger
"My friend failed the final exam after months of studying, and it left a lasting ache.",sadness
"My mom waited two hours for a refund that never came, and was seething with rage.",anger
"She saw the dirty dishes piled up for a week, gagging at the sight of it.",disgust
"My brother felt the plane shake violently in turbulence, and braced for the worst in anxious dread.",fear
It broke my heart when my friend cancelled the trip we had planned together.,sadness
"The kids smelled the garbage that had been sitting out for days, and it turned my stomach.",disgust
"My sister was overcharged and refused a refund, and I could not believe the audacity.",anger
"My roommate opened the fridge to a smell that made me gag, and had to look away in disgust.",disgust
"My roommate opened a birthday present early, filled with pure happiness.",joy
"My partner heard the sad news about the layoffs, feeling completely heartbroken.",sadness
"My neighbor had my flight cancelled with no explanation, and it made my blood boil.",anger
My coworker sat alone in the empty apartment and couldn't hold back the tears.,sadness
My roommate watched the pile of dirty laundry grow mold in the corner and immediately felt sick to the stomach.,disgust
"My brother got the call from the hospital in the middle of the night, and braced for the worst in anxious dread.",fear
The team adopted a puppy today and felt overjoyed about it.,joy
"He kept getting the same excuse over and over, and it made my blood boil.",anger
"My dad waited for the biopsy results, and was too scared to move.",fear
"My brother watched the pile of dirty laundry grow mold in the corner, and it was utterly revolting.",disgust
"He discovered the twist ending nobody saw coming, and gasped in disbelief.",surprise
"My coworker kept getting the same excuse over and over, and it made my blood boil.",anger
My dad planted a garden that's finally blooming! Best day ever.,joy
"My brother realized we were lost deep in the woods after dark, and braced for the worst in anxious dread.",fear
"We read the goodbye letter one more time, and a heavy sorrow followed.",sadness
"She sat through the funeral trying not to cry, and it left a lasting ache.",sadness
"My boss found the bathroom left in a disgusting state after the party, and it turned my stomach.",disgust
My mom got a surprise visit from family! Best day ever.,joy
"She saw fireworks go off out of nowhere, and could hardly believe their eyes.",surprise
"The team discovered the contractor lied about the work, and it made my blood boil.",anger
"My best friend discovered a hidden room in the old house, out of absolutely nowhere.",surprise
So frustrated — my boss waited two hours for a refund that never came.,anger
My partner saw the storm clouds rolling in fast and froze in terror.,fear
"My dad saw fireworks go off out of nowhere, and jaw dropped in astonishment.",surprise
"The whole class saw the kitchen left in a filthy state, and it was absolutely repulsive.",disgust
"My dad saw headlights speeding straight at us, terrified of what might happen next.",fear
"My roommate saw the kitchen left in a filthy state, and refused to touch anything after that.",disgust
"We found out the trip got cancelled, and just wanted to be alone and cry.",sadness
We sat through another broken promise and was absolutely furious about it.,anger
"The crowd had to say goodbye to my childhood home, and a heavy sorrow followed.",sadness
"My dad heard the sad news about the layoffs, and just wanted to be alone and cry.",sadness
"My boss watched the kids open their presents on Christmas morning, and my heart felt so light.",joy
"The team heard footsteps behind me on the dark street, shaking with fear the whole time.",fear
"My brother spent the holiday alone this year, and just wanted to be alone and cry.",sadness
"My boss sat alone in the empty apartment, and just wanted to be alone and cry.",sadness
My coworker spent the whole day laughing with friends and couldn't stop smiling all day.,joy
"My coworker was lied to right to my face, and it was the last straw.",anger
"My boss saw someone litter directly on the beach, and could not stand to be in the room.",disgust
"My best friend found out we were having twins, and it was the last thing anyone expected.",surprise
"We watched the old photographs and felt the years slip by, feeling completely heartbroken.",sadness
"My sister felt the plane shake violently in turbulence, shaking with fear the whole time.",fear
"The crowd lost my grandmother last week, and a heavy sorrow followed.",sadness
"My sister spent the holiday alone this year, and a deep sadness settled in.",sadness
"We found hair in the meal at the restaurant, wrinkling my nose in disgust.",disgust
"The whole class watched the rain fall on an empty street, and it left a lasting ache.",sadness
"My best friend had my flight cancelled with no explanation, and it was infuriating.",anger
"My brother failed the final exam after months of studying, and a heavy sorrow followed.",sadness
"I couldn't say goodbye in time, and just wanted to be alone and cry.",sadness
"The kids spent the whole day laughing with friends, and my heart felt so light.",joy
"My brother learned the whole trip was planned in secret, and it took a while to process the surprise.",surprise
"The team saw the entire office decorated for my birthday, and it took a while to process the surprise.",surprise
"My dad found out my coworker was secretly the author of the book, and it took a while to process the surprise.",surprise
"My best friend watched my best friend move away, and the loneliness was overwhelming.",sadness
So much happiness today because my friend finished the marathon.,joy
So much happiness today because he opened a birthday present early.,joy
"The team learned the whole trip was planned in secret, and gasped in disbelief.",surprise
"The whole class read the goodbye letter one more time, and a heavy sorrow followed.",sadness
"The team found a letter from someone I hadn't heard from in years, and it was the last thing anyone expected.",surprise
"My dad heard the sad news about the layoffs, and it left a lasting ache.",sadness
"We ran into my old teacher at the airport, and gasped in disbelief.",surprise
"The team heard the sad news about the layoffs, and the loneliness was overwhelming.",sadness
"My friend watched the video of the unsanitary restaurant kitchen, gagging at the sight of it.",disgust
"My coworker listened to our old song and felt hollow, and everything felt empty afterward.",sadness
"I felt the boat rock violently in the storm, and a chill of dread ran down my spine.",fear
"The team found out I was accepted a full year early, and jaw dropped in astonishment.",surprise
"My sister saw the dirty dishes piled up for a week, and it turned my stomach.",disgust
So much happiness today because we watched the sunrise on the beach.,joy
"I found mold growing in the leftover food, wrinkling my nose in disgust.",disgust
My friend heard the sad news about the layoffs and couldn't hold back the tears.,sadness
"I got accepted into my dream university, grinning from ear to ear.",joy
"My coworker was yelled at for no reason, and it made my blood boil.",anger
"My boss watched the underdog team win in the final second, totally caught off guard.",surprise
"My brother discovered the twist ending nobody saw coming, and it took a while to process the surprise.",surprise
So much happiness today because my dad landed the job offer.,joy
So gross — i smelled the garbage that had been sitting out for days.,disgust
"The team cooked a meal that turned out perfectly, grinning from ear to ear.",joy
"My coworker waited for the biopsy results, and was too scared to move.",fear
"The whole class heard the announcement that caught everyone off guard, and could hardly believe their eyes.",surprise
What a shock — my mom heard the announcement that caught everyone off guard.,surprise
"I found a letter from someone I hadn't heard from in years, and could hardly believe their eyes.",surprise
"My partner finally paid off all my debt, and my heart felt so light.",joy
"The whole class saw the storm clouds rolling in fast, and the fear was paralyzing.",fear
"She got a call saying I'd won an award I never applied for, and gasped in disbelief.",surprise
"My coworker waited for the biopsy results, and panic set in immediately.",fear
"My brother noticed the mildew smell coming from the carpet, wrinkling my nose in disgust.",disgust
"The crowd heard someone try the locked door handle at night, and a chill of dread ran down my spine.",fear
What a joy — the team got the promotion I've been working towards.,joy
"My coworker found a stranger had paid for our whole meal, out of absolutely nowhere.",surprise
"My best friend couldn't say goodbye in time, feeling completely heartbroken.",sadness
"My neighbor had my idea stolen and presented as someone else's, and it made my blood boil.",anger
"The whole class received an unexpected gift, grinning from ear to ear.",joy
"My friend heard footsteps behind me on the dark street, and a chill of dread ran down my spine.",fear
"The kids got the promotion I've been working towards, filled with pure happiness.",joy
"He saw someone litter directly on the beach, and it was utterly revolting.",disgust
"I saw someone litter directly on the beach, and it was absolutely repulsive.",disgust
"My boss won the small lottery prize, filled with pure happiness.",joy
"Our family heard the sad news about the layoffs, and just wanted to be alone and cry.",sadness
"My coworker realized the relationship was over, and it left a lasting ache.",sadness
"My best friend found a stranger had paid for our whole meal, and gasped in disbelief.",surprise
My roommate watched someone spit on the sidewalk and immediately felt sick to the stomach.,disgust
"My neighbor opened the fridge to find it fully stocked by a neighbor, and jaw dropped in astonishment.",surprise
My best friend got a call saying I'd won an award I never applied for and stood there completely stunned.,surprise
My roommate opened the box to find something completely unexpected and stood there completely stunned.,surprise
The kids found mold growing in the leftover food and immediately felt sick to the stomach.,disgust
"We walked into a surprise party thrown by my friends, and gasped in disbelief.",surprise
"The kids opened the fridge to a smell that made me gag, and could not stand to be in the room.",disgust
"My best friend kept getting the same excuse over and over, and snapped at everyone afterward.",anger
My partner watched the referee make an unfair call and was absolutely furious about it.,anger
"My neighbor watched the rain fall on an empty street, feeling low for the rest of the day.",sadness
"My boss saw the kitchen left in a filthy state, and it turned my stomach.",disgust
The whole class landed the job offer and couldn't stop smiling all day.,joy
My dad hit a new personal record at the gym and felt overjoyed about it.,joy
"My boss heard someone try the locked door handle at night, shaking with fear the whole time.",fear
"We failed the final exam after months of studying, feeling completely heartbroken.",sadness
"We heard the announcement that caught everyone off guard, and it was the last thing anyone expected.",surprise
"My roommate found the food crawling with ants, and it turned my stomach.",disgust
"He saw the kitchen left in a filthy state, wrinkling my nose in disgust.",disgust
"My partner saw the smoke alarm go off at 3am, and the fear was paralyzing.",fear
"My dad waited for the biopsy results, and a chill of dread ran down my spine.",fear
"The kids received an unexpected gift, filled with pure happiness.",joy
"My boss waited two hours for a refund that never came, and it made my blood boil.",anger
"My sister watched the underdog team win in the final second, out of absolutely nowhere.",surprise
"She felt the elevator jolt to a stop between floors, and panic set in immediately.",fear
She got accepted into my dream university and celebrated with everyone around.,joy
"My coworker watched the video of the unsanitary restaurant kitchen, and had to look away in disgust.",disgust
My partner spent the holiday alone this year and couldn't hold back the tears.,sadness
"My dad found out I passed the exam, filled with pure happiness.",joy
"My boss discovered the contractor lied about the work, and it felt completely unfair and enraging.",anger
"My best friend noticed someone following the car for several blocks, and braced for the worst in anxious dread.",fear
"My neighbor packed away the belongings of someone I lost, and a deep sadness settled in.",sadness
"She had my flight cancelled with no explanation, and slammed the door in anger.",anger
My neighbor finished the marathon and couldn't stop smiling all day.,joy
My roommate had to say goodbye to my childhood home and couldn't hold back the tears.,sadness
The whole class found out I was accepted a full year early and stood there completely stunned.,surprise
My dad learned the whole trip was planned in secret and stood there completely stunned.,surprise
"My friend waited two hours for a refund that never came, and slammed the door in anger.",anger
"My roommate watched someone cut the line, and slammed the door in anger.",anger
"The crowd watched someone chew with their mouth wide open, and could not stand to be in the room.",disgust
"My partner saw maggots in the trash can, and had to look away in disgust.",disgust
"My roommate danced all night at the wedding, and it felt absolutely wonderful.",joy
I found out my trust was betrayed and was absolutely furious about it.,anger
"The team found mold growing in the leftover food, wrinkling my nose in disgust.",disgust
"He found a cockroach crawling across the counter, and it was absolutely repulsive.",disgust
So frustrated — my boss found the package smashed after waiting all week.,anger
We watched the news report about the contaminated water supply and immediately felt sick to the stomach.,disgust
"My brother lost my job unexpectedly, feeling low for the rest of the day.",sadness
"My coworker found the bathroom left in a disgusting state after the party, and could not stand to be in the room.",disgust
"She was mocked in front of everyone, and I could not believe the audacity.",anger
The crowd had my idea stolen and presented as someone else's and was absolutely furious about it.,anger
"My friend learned the whole trip was planned in secret, and it was the last thing anyone expected.",surprise
"My brother watched my best friend move away, and a heavy sorrow followed.",sadness
So gross — my brother found the food crawling with ants.,disgust
The kids discovered the contractor lied about the work and was absolutely furious about it.,anger
"My brother saw maggots in the trash can, and refused to touch anything after that.",disgust
"My partner was blamed for a mistake I didn't make, and I could not believe the audacity.",anger
"I sat through the funeral trying not to cry, feeling completely heartbroken.",sadness
"My dad packed away the belongings of someone I lost, and the loneliness was overwhelming.",sadness
My best friend heard the announcement that caught everyone off guard and stood there completely stunned.,surprise
"My neighbor found out my trust was betrayed, and snapped at everyone afterward.",anger
"My mom was interrupted for the third time in a row, and it was the last straw.",anger
So much happiness today because my friend got the promotion I've been working towards.,joy
What a shock — we discovered a hidden room in the old house.,surprise
My neighbor was interrupted for the third time in a row and was absolutely furious about it.,anger
"The team smelled the garbage that had been sitting out for days, gagging at the sight of it.",disgust
"My mom ran into my old teacher at the airport, out of absolutely nowhere.",surprise
"My boss sat through another broken promise, and slammed the door in anger.",anger
"The crowd listened to our old song and felt hollow, feeling completely heartbroken.",sadness
"The team sat through another broken promise, and slammed the door in anger.",anger
My partner saw the entire office decorated for my birthday and stood there completely stunned.,surprise
"Our family waited two hours for a refund that never came, and slammed the door in anger.",anger
"My neighbor heard the power go out during the thunderstorm, and panic set in immediately.",fear
"My sister ran into my old teacher at the airport, totally caught off guard.",surprise
"My dad failed the final exam after months of studying, feeling low for the rest of the day.",sadness
What a shock — my best friend got an email saying the project was already approved.,surprise
"My friend had to say goodbye to my childhood home, and everything felt empty afterward.",sadness
It broke my heart when my roommate spent the holiday alone this year.,sadness
My sister learned the whole trip was planned in secret and stood there completely stunned.,surprise
"We smelled the garbage that had been sitting out for days, and it was utterly revolting.",disgust
"My coworker felt the elevator jolt to a stop between floors, and the fear was paralyzing.",fear
"Our family packed away the belongings of someone I lost, feeling low for the rest of the day.",sadness
She watched the kids open their presents on Christmas morning and celebrated with everyone around.,joy
"We opened the box to find something completely unexpected, and gasped in disbelief.",surprise
"My neighbor saw the dirty dishes piled up for a week, and could not stand to be in the room.",disgust
"He was yelled at for no reason, and was seething with rage.",anger
Our family was lied to right to my face and was absolutely furious about it.,anger
"She discovered a hidden room in the old house, and it was the last thing anyone expected.",surprise
"Our family watched the referee make an unfair call, and it made my blood boil.",anger
"I saw headlights speeding straight at us, and panic set in immediately.",fear
We missed the last train home in the rain and couldn't hold back the tears.,sadness
My friend saw my favorite band live and couldn't stop smiling all day.,joy
"I watched the sunrise on the beach, and my heart felt so light.",joy
"My neighbor waited two hours for a refund that never came, and snapped at everyone afterward.",anger
"She discovered the contractor lied about the work, and it was infuriating.",anger
"My partner found mold growing in the leftover food, and refused to touch anything after that.",disgust
"My brother was blamed for a mistake I didn't make, and it made my blood boil.",anger
"My sister found out my coworker was secretly the author of the book, and it was the last thing anyone expected.",surprise
"Our family felt the plane shake violently in turbulence, shaking with fear the whole time.",fear
"My best friend found out the rumor was actually true, totally caught off guard.",surprise
"The crowd watched the news report about the contaminated water supply, gagging at the sight of it.",disgust
"My best friend found out I passed the exam, and my heart felt so light.",joy
"Our family got a text saying we need to talk right away, and a chill of dread ran down my spine.",fear
"The crowd finished the marathon, and it felt absolutely wonderful.",joy
"My roommate was overcharged and refused a refund, and it was the last straw.",anger
My partner reunited with an old friend after years apart and celebrated with everyone around.,joy
"I kept getting the same excuse over and over, and slammed the door in anger.",anger
"My partner opened the door to find an old friend waiting, and it took a while to process the surprise.",surprise
"My brother heard footsteps behind me on the dark street, and the fear was paralyzing.",fear
"She lost my grandmother last week, and everything felt empty afterward.",sadness
"We was blamed for a mistake I didn't make, and slammed the door in anger.",anger
My sister opened the box to find something completely unexpected and stood there completely stunned.,surprise
"The whole class was lied to right to my face, and snapped at everyone afterward.",anger
"My sister found the bathroom left in a disgusting state after the party, and had to look away in disgust.",disgust
"The crowd found a stranger had paid for our whole meal, and it took a while to process the surprise.",surprise
"She walked into a surprise party thrown by my friends, totally caught off guard.",surprise
"The whole class watched someone chew with their mouth wide open, wrinkling my nose in disgust.",disgust
"My sister saw the entire office decorated for my birthday, and it took a while to process the surprise.",surprise
I heard the power go out during the thunderstorm and froze in terror.,fear
My mom sat through another broken promise and was absolutely furious about it.,anger
My roommate realized we were lost deep in the woods after dark and froze in terror.,fear
"The crowd had my idea stolen and presented as someone else's, and was seething with rage.",anger
"The kids was ignored during the entire meeting, and I could not believe the audacity.",anger
"We sat through the funeral trying not to cry, and a deep sadness settled in.",sadness
She learned the whole trip was planned in secret and stood there completely stunned.,surprise
"My sister heard the announcement that caught everyone off guard, and jaw dropped in astonishment.",surprise
"She watched the news about the approaching hurricane, and was too scared to move.",fear
"Our family felt the boat rock violently in the storm, and braced for the worst in anxious dread.",fear
"The team ran into my old teacher at the airport, and it was the last thing anyone expected.",surprise
"My best friend watched the referee make an unfair call, and slammed the door in anger.",anger
"My best friend remembered the anniversary of the loss, and a heavy sorrow followed.",sadness
"My coworker was mocked in front of everyone, and snapped at everyone afterward.",anger
"My sister was blamed for a mistake I didn't make, and snapped at everyone afterward.",anger
"She found mold growing in the leftover food, gagging at the sight of it.",disgust
"My neighbor heard the dog growl at something unseen in the yard, terrified of what might happen next.",fear
"My coworker watched the sunrise on the beach, and it felt absolutely wonderful.",joy
My mom realized the relationship was over and couldn't hold back the tears.,sadness
"My coworker had to say goodbye to my childhood home, and the loneliness was overwhelming.",sadness
"The crowd smelled the garbage that had been sitting out for days, and it turned my stomach.",disgust
The whole class watched the pile of dirty laundry grow mold in the corner and immediately felt sick to the stomach.,disgust
"My brother was mocked in front of everyone, and slammed the door in anger.",anger
It broke my heart when he watched the rain fall on an empty street.,sadness
"My brother got cut off in traffic again, and it felt completely unfair and enraging.",anger
"We spent the holiday alone this year, feeling low for the rest of the day.",sadness
"The team noticed someone following the car for several blocks, terrified of what might happen next.",fear
"She heard the announcement that caught everyone off guard, totally caught off guard.",surprise
"The whole class had my flight cancelled with no explanation, and was seething with rage.",anger
My sister watched the kids open their presents on Christmas morning and couldn't stop smiling all day.,joy
"The whole class saw maggots in the trash can, and could not stand to be in the room.",disgust
"The crowd planted a garden that's finally blooming, filled with pure happiness.",joy
"Our family saw the entire office decorated for my birthday, and gasped in disbelief.",surprise
"We waited two hours for a refund that never came, and was seething with rage.",anger
I was overcharged and refused a refund and was absolutely furious about it.,anger
So frustrated — my dad had the neighbor's dog ruin the garden again.,anger
We watched someone chew with their mouth wide open and immediately felt sick to the stomach.,disgust
"My partner planted a garden that's finally blooming, grinning from ear to ear.",joy
She found out the trip got cancelled and couldn't hold back the tears.,sadness
"My roommate watched the pile of dirty laundry grow mold in the corner, and had to look away in disgust.",disgust
"Our family found out the trip got cancelled, and a heavy sorrow followed.",sadness
"My neighbor felt the boat rock violently in the storm, and was too scared to move.",fear
"My roommate packed away the belongings of someone I lost, and a deep sadness settled in.",sadness
"The team sat alone in the empty apartment, and a heavy sorrow followed.",sadness
"The team sat through another broken promise, and I could not believe the audacity.",anger
"My friend got the call from the hospital in the middle of the night, and was too scared to move.",fear
"My coworker found a letter from someone I hadn't heard from in years, and could hardly believe their eyes.",surprise
"The team found a stranger had paid for our whole meal, totally caught off guard.",surprise
"My boss watched the news about the approaching hurricane, and braced for the worst in anxious dread.",fear
"She landed the job offer, filled with pure happiness.",joy
My coworker heard the announcement that caught everyone off guard and stood there completely stunned.,surprise
"My roommate found out the trip got cancelled, and just wanted to be alone and cry.",sadness
"My best friend received an unexpected gift, and my heart felt so light.",joy
"The crowd watched the referee make an unfair call, and it was infuriating.",anger
"Our family found a letter from someone I hadn't heard from in years, out of absolutely nowhere.",surprise
"My boss saw headlights speeding straight at us, and braced for the worst in anxious dread.",fear
"She felt the elevator jolt to a stop between floors, and braced for the worst in anxious dread.",fear
"I lost my job unexpectedly, and a heavy sorrow followed.",sadness
"My roommate found the milk had gone sour and lumpy, and it was utterly revolting.",disgust
"My dad found hair in the meal at the restaurant, wrinkling my nose in disgust.",disgust
"My partner hit a new personal record at the gym, filled with pure happiness.",joy
"My boss was blamed for a mistake I didn't make, and it made my blood boil.",anger
"My brother learned the whole trip was planned in secret, and it was the last thing anyone expected.",surprise
"My mom heard the sad news about the layoffs, and the loneliness was overwhelming.",sadness
"My brother got a call saying I'd won an award I never applied for, totally caught off guard.",surprise
My boss landed the job offer and couldn't stop smiling all day.,joy
"The kids got a call saying I'd won an award I never applied for, and it took a while to process the surprise.",surprise
"My coworker saw maggots in the trash can, and had to look away in disgust.",disgust
"Our family heard the power go out during the thunderstorm, and a chill of dread ran down my spine.",fear
What a joy — the whole class got a surprise visit from family.,joy
My coworker got an email saying the project was already approved and stood there completely stunned.,surprise
"My partner had the neighbor's dog ruin the garden again, and it was infuriating.",anger
"The whole class heard a strange noise in the empty house, and braced for the worst in anxious dread.",fear
What a shock — my boss discovered a hidden room in the old house.,surprise
"We was mocked in front of everyone, and it felt completely unfair and enraging.",anger
So gross — our family found the milk had gone sour and lumpy.,disgust
"I had to say goodbye to my childhood home, and the loneliness was overwhelming.",sadness
"The kids spent the holiday alone this year, and a deep sadness settled in.",sadness
"My sister felt the ground shake during the earthquake, and was too scared to move.",fear
"The team heard footsteps behind me on the dark street, and was too scared to move.",fear
"My friend smelled the garbage that had been sitting out for days, wrinkling my nose in disgust.",disgust
"My neighbor packed away the belongings of someone I lost, feeling completely heartbroken.",sadness
"My sister smelled the garbage that had been sitting out for days, and had to look away in disgust.",disgust
"The team saw the kitchen left in a filthy state, and could not stand to be in the room.",disgust
What a joy — the kids saw my favorite band live.,joy
"The crowd watched the old photographs and felt the years slip by, feeling completely heartbroken.",sadness
My coworker found out I passed the exam! Best day ever.,joy
"My friend waited for the biopsy results, shaking with fear the whole time.",fear
"My coworker finished the marathon, grinning from ear to ear.",joy
My boss sat through the funeral trying not to cry and couldn't hold back the tears.,sadness
"My sister opened the fridge to a smell that made me gag, and it was utterly revolting.",disgust
"Our family saw the kitchen left in a filthy state, wrinkling my nose in disgust.",disgust
What a joy — the crowd finished the marathon.,joy
What a joy — my mom reunited with an old friend after years apart.,joy
"The whole class watched the news report about the contaminated water supply, gagging at the sight of it.",disgust
"I got a text saying we need to talk right away, and braced for the worst in anxious dread.",fear
"The whole class opened the fridge to find it fully stocked by a neighbor, and jaw dropped in astonishment.",surprise
"My boss watched someone spit on the sidewalk, and could not stand to be in the room.",disgust
"Our family watched the old photographs and felt the years slip by, and a heavy sorrow followed.",sadness
"My friend hit a new personal record at the gym, and my heart felt so light.",joy
"My mom got charged twice for the same order, and it was infuriating.",anger
So gross — my boss found the bathroom left in a disgusting state after the party.,disgust
"The team watched someone cut the line, and it felt completely unfair and enraging.",anger
"The team found the package smashed after waiting all week, and it felt completely unfair and enraging.",anger
"The kids noticed the mildew smell coming from the carpet, and it was absolutely repulsive.",disgust
"The whole class watched the referee make an unfair call, and it was infuriating.",anger
"My partner found out we were having twins, totally caught off guard.",surprise
"She found out the rumor was actually true, and it was the last thing anyone expected.",surprise
So much happiness today because the kids hit a new personal record at the gym.,joy
"My coworker saw the kitchen left in a filthy state, and refused to touch anything after that.",disgust
"My best friend was mocked in front of everyone, and it made my blood boil.",anger
"The team found the package smashed after waiting all week, and it made my blood boil.",anger
"My coworker watched my best friend move away, and the loneliness was overwhelming.",sadness
"I saw headlights speeding straight at us, and couldn't shake the sense of danger.",fear
"My mom found mold growing in the leftover food, gagging at the sight of it.",disgust
So much happiness today because my sister hit a new personal record at the gym.,joy
It broke my heart when my sister realized the relationship was over.,sadness
"My dad found a letter from someone I hadn't heard from in years, out of absolutely nowhere.",surprise
"My boss had my idea stolen and presented as someone else's, and snapped at everyone afterward.",anger
"I got an email saying the project was already approved, and it was the last thing anyone expected.",surprise
"The team watched someone spit on the sidewalk, and it turned my stomach.",disgust
My neighbor couldn't say goodbye in time and couldn't hold back the tears.,sadness
"The team noticed the rotten smell coming from under the sink, and refused to touch anything after that.",disgust
"My neighbor saw headlights speeding straight at us, and couldn't shake the sense of danger.",fear
"My neighbor got charged twice for the same order, and I could not believe the audacity.",anger
So frustrated — the whole class was interrupted for the third time in a row.,anger
"My roommate sat alone in the empty apartment, and it left a lasting ache.",sadness
What a shock — we ran into my old teacher at the airport.,surprise
"The whole class got the promotion I've been working towards, and my heart felt so light.",joy
"My brother watched the shadow move across the wall, and panic set in immediately.",fear
"We watched the referee make an unfair call, and it was the last straw.",anger
"My boss smelled the garbage that had been sitting out for days, and had to look away in disgust.",disgust
"The team lost my grandmother last week, and a heavy sorrow followed.",sadness
"He saw the kitchen left in a filthy state, and had to look away in disgust.",disgust
"The team was interrupted for the third time in a row, and was seething with rage.",anger
So gross — the kids watched the video of the unsanitary restaurant kitchen.,disgust
"My roommate watched the old photographs and felt the years slip by, and a heavy sorrow followed.",sadness
So frustrated — my boss had my flight cancelled with no explanation.,anger
"My coworker found out we were having twins, and could hardly believe their eyes.",surprise
So gross — my best friend smelled the garbage that had been sitting out for days.,disgust
"I found a cockroach crawling across the counter, wrinkling my nose in disgust.",disgust
"My sister got the promotion I've been working towards, grinning from ear to ear.",joy
"The team spent the holiday alone this year, and a deep sadness settled in.",sadness
"My mom waited two hours for a refund that never came, and it felt completely unfair and enraging.",anger
My partner heard a strange noise in the empty house and froze in terror.,fear
"We realized the relationship was over, and just wanted to be alone and cry.",sadness
"The team saw maggots in the trash can, gagging at the sight of it.",disgust
"The team lost my job unexpectedly, feeling completely heartbroken.",sadness
"My partner finished the marathon, and my heart felt so light.",joy
The crowd kept getting the same excuse over and over and was absolutely furious about it.,anger
"My boss opened the fridge to find it fully stocked by a neighbor, totally caught off guard.",surprise
It broke my heart when the kids remembered the anniversary of the loss.,sadness
"My roommate found the package smashed after waiting all week, and slammed the door in anger.",anger
"My best friend couldn't say goodbye in time, and everything felt empty afterward.",sadness
"My coworker heard someone try the locked door handle at night, terrified of what might happen next.",fear
"The kids saw fireworks go off out of nowhere, and it was the last thing anyone expected.",surprise
"Our family got the call from the hospital in the middle of the night, and braced for the worst in anxious dread.",fear
"I got an email saying the project was already approved, and jaw dropped in astonishment.",surprise
"Our family got a surprise visit from family, and my heart felt so light.",joy
We saw headlights speeding straight at us and froze in terror.,fear
"My coworker learned the whole trip was planned in secret, and it was the last thing anyone expected.",surprise
"She saw someone litter directly on the beach, and it turned my stomach.",disgust
"Our family discovered a hidden room in the old house, out of absolutely nowhere.",surprise
"My dad discovered a hidden room in the old house, totally caught off guard.",surprise
So frustrated — she kept getting the same excuse over and over.,anger
"The crowd saw the overflowing public restroom, gagging at the sight of it.",disgust
"I couldn't say goodbye in time, feeling low for the rest of the day.",sadness
The kids landed the job offer and couldn't stop smiling all day.,joy
The team watched the video of the unsanitary restaurant kitchen and immediately felt sick to the stomach.,disgust
"The whole class saw maggots in the trash can, and refused to touch anything after that.",disgust
"The kids opened a birthday present early, filled with pure happiness.",joy
"My neighbor watched someone spit on the sidewalk, gagging at the sight of it.",disgust
"The whole class saw fireworks go off out of nowhere, and could hardly believe their eyes.",surprise
"She discovered a hidden room in the old house, and it took a while to process the surprise.",surprise
It broke my heart when my boss failed the final exam after months of studying.,sadness
"She saw fireworks go off out of nowhere, and it took a while to process the surprise.",surprise
So much happiness today because the crowd planted a garden that's finally blooming.,joy
The whole class saw headlights speeding straight at us and froze in terror.,fear
"I saw the kitchen left in a filthy state, gagging at the sight of it.",disgust
"The crowd realized we were lost deep in the woods after dark, and panic set in immediately.",fear
Our family adopted a puppy today and celebrated with everyone around.,joy
"He cancelled the trip we had planned together, and a deep sadness settled in.",sadness
"I finally paid off all my debt, and my heart felt so light.",joy
"My boss watched the old photographs and felt the years slip by, and just wanted to be alone and cry.",sadness
"My coworker noticed the mildew smell coming from the carpet, and it turned my stomach.",disgust
"Our family noticed the rotten smell coming from under the sink, and refused to touch anything after that.",disgust
"My friend finished the marathon, grinning from ear to ear.",joy
"The crowd saw headlights speeding straight at us, and was too scared to move.",fear
"My dad heard the sad news about the layoffs, and the loneliness was overwhelming.",sadness
Our family saw the dirty dishes piled up for a week and immediately felt sick to the stomach.,disgust
"He found out the rumor was actually true, and it was the last thing anyone expected.",surprise
"He saw fireworks go off out of nowhere, and jaw dropped in astonishment.",surprise
"My partner watched the rain fall on an empty street, and it left a lasting ache.",sadness
"I saw the smoke alarm go off at 3am, and braced for the worst in anxious dread.",fear
"My best friend watched someone chew with their mouth wide open, gagging at the sight of it.",disgust
"The whole class discovered a hidden room in the old house, totally caught off guard.",surprise
I watched my best friend move away and couldn't hold back the tears.,sadness
"My best friend found the package smashed after waiting all week, and was seething with rage.",anger
"My brother felt the ground shake during the earthquake, and braced for the worst in anxious dread.",fear
"The whole class found hair in the meal at the restaurant, wrinkling my nose in disgust.",disgust
"The kids saw headlights speeding straight at us, and panic set in immediately.",fear
"The crowd sat through the funeral trying not to cry, and a heavy sorrow followed.",sadness
"My neighbor heard the power go out during the thunderstorm, shaking with fear the whole time.",fear
"My boss found out my trust was betrayed, and it felt completely unfair and enraging.",anger
"My sister saw the smoke alarm go off at 3am, terrified of what might happen next.",fear
"My roommate saw maggots in the trash can, and it was absolutely repulsive.",disgust
The crowd opened a birthday present early and celebrated with everyone around.,joy
"My mom saw headlights speeding straight at us, and my heart started racing with fear.",fear
"My partner saw the smoke alarm go off at 3am, and braced for the worst in anxious dread.",fear
My dad was overcharged and refused a refund and was absolutely furious about it.,anger
"I discovered the twist ending nobody saw coming, and it took a while to process the surprise.",surprise
"My coworker watched the underdog team win in the final second, and jaw dropped in astonishment.",surprise
"He heard the dog growl at something unseen in the yard, and braced for the worst in anxious dread.",fear
"The kids discovered the contractor lied about the work, and slammed the door in anger.",anger
So much happiness today because i watched the kids open their presents on Christmas morning.,joy
"My coworker got the call from the hospital in the middle of the night, terrified of what might happen next.",fear
"We discovered a hidden room in the old house, and was speechless for a moment.",surprise
"The whole class landed the job offer, and it felt absolutely wonderful.",joy
"She landed the job offer, and it felt absolutely wonderful.",joy
"My boss walked into a surprise party thrown by my friends, totally caught off guard.",surprise
"My partner felt the plane shake violently in turbulence, and a chill of dread ran down my spine.",fear
What a shock — he walked into a surprise party thrown by my friends.,surprise
We won the small lottery prize and celebrated with everyone around.,joy
"My friend watched the shadow move across the wall, and panic set in immediately.",fear
"My coworker found out the trip got cancelled, and a heavy sorrow followed.",sadness
"We had to say goodbye to my childhood home, and everything felt empty afterward.",sadness
"My boss hit a new personal record at the gym, filled with pure happiness.",joy
"I won the small lottery prize, and it felt absolutely wonderful.",joy
"The whole class saw fireworks go off out of nowhere, out of absolutely nowhere.",surprise
"She watched the shadow move across the wall, and couldn't shake the sense of danger.",fear
"He watched the rain fall on an empty street, and just wanted to be alone and cry.",sadness
My brother watched the rain fall on an empty street and couldn't hold back the tears.,sadness
So frustrated — my coworker got charged twice for the same order.,anger
It broke my heart when he listened to our old song and felt hollow.,sadness
"My sister got a call saying I'd won an award I never applied for, and it was the last thing anyone expected.",surprise
"We opened the fridge to find it fully stocked by a neighbor, totally caught off guard.",surprise
"Our family heard the sad news about the layoffs, and a heavy sorrow followed.",sadness
"My best friend watched the underdog team win in the final second, and could hardly believe their eyes.",surprise
The whole class smelled the garbage that had been sitting out for days and immediately felt sick to the stomach.,disgust
What a shock — my boss found out the rumor was actually true.,surprise
"Our family felt the boat rock violently in the storm, terrified of what might happen next.",fear
"He heard the dog growl at something unseen in the yard, shaking with fear the whole time.",fear
My mom spent the holiday alone this year and couldn't hold back the tears.,sadness
"My brother saw the storm clouds rolling in fast, and was too scared to move.",fear
"My brother couldn't say goodbye in time, and a heavy sorrow followed.",sadness
So gross — my boss saw the overflowing public restroom.,disgust
"My mom lost my job unexpectedly, and it left a lasting ache.",sadness
"Our family lost my grandmother last week, and a deep sadness settled in.",sadness
"We felt the boat rock violently in the storm, terrified of what might happen next.",fear
It broke my heart when our family packed away the belongings of someone I lost.,sadness
"Our family kept getting the same excuse over and over, and it made my blood boil.",anger
"My coworker listened to our old song and felt hollow, feeling completely heartbroken.",sadness
So gross — my brother found the milk had gone sour and lumpy.,disgust
"The crowd learned the whole trip was planned in secret, out of absolutely nowhere.",surprise
"I watched the old photographs and felt the years slip by, and a heavy sorrow followed.",sadness
What a shock — he got a call saying I'd won an award I never applied for.,surprise
"My sister was ignored during the entire meeting, and I could not believe the audacity.",anger
"My neighbor had my flight cancelled with no explanation, and I could not believe the audacity.",anger
"I found a stranger had paid for our whole meal, and could hardly believe their eyes.",surprise
"Our family read the goodbye letter one more time, feeling completely heartbroken.",sadness
"My brother listened to our old song and felt hollow, and a heavy sorrow followed.",sadness
"The kids opened the door to find an old friend waiting, out of absolutely nowhere.",surprise
"She found out my trust was betrayed, and I could not believe the audacity.",anger
So much happiness today because the team watched the sunrise on the beach.,joy
My best friend opened a birthday present early and couldn't stop smiling all day.,joy
"My neighbor won the small lottery prize, and it felt absolutely wonderful.",joy
What a joy — my neighbor adopted a puppy today.,joy
The whole class sat through the funeral trying not to cry and couldn't hold back the tears.,sadness
"The crowd found hair in the meal at the restaurant, and could not stand to be in the room.",disgust
"My sister landed the job offer, and my heart felt so light.",joy
So frustrated — our family was ignored during the entire meeting.,anger
The kids heard footsteps behind me on the dark street and froze in terror.,fear
"I found out my trust was betrayed, and it was the last straw.",anger
"My friend got charged twice for the same order, and snapped at everyone afterward.",anger
"The whole class found out the trip got cancelled, and a deep sadness settled in.",sadness
"My boss realized we were lost deep in the woods after dark, terrified of what might happen next.",fear
"Our family felt the elevator jolt to a stop between floors, and panic set in immediately.",fear
The kids got a surprise visit from family and couldn't stop smiling all day.,joy
My mom saw the smoke alarm go off at 3am and froze in terror.,fear
"She sat alone in the empty apartment, feeling low for the rest of the day.",sadness
"The kids watched the kids open their presents on Christmas morning, filled with pure happiness.",joy
"My roommate found out the trip got cancelled, feeling completely heartbroken.",sadness
My sister saw my favorite band live and couldn't stop smiling all day.,joy
"The whole class saw the check engine light flash on the highway, and the fear was paralyzing.",fear
My sister found out the trip got cancelled and couldn't hold back the tears.,sadness
"My coworker noticed the rotten smell coming from under the sink, gagging at the sight of it.",disgust
"My coworker lost my job unexpectedly, and a deep sadness settled in.",sadness
"The whole class had to say goodbye to my childhood home, and the loneliness was overwhelming.",sadness
"My coworker realized we were lost deep in the woods after dark, and was too scared to move.",fear
"My friend got an email saying the project was already approved, and it was the last thing anyone expected.",surprise
"My best friend found the milk had gone sour and lumpy, gagging at the sight of it.",disgust
"My neighbor found out the rumor was actually true, and could hardly believe their eyes.",surprise
"My mom watched the news about the approaching hurricane, and braced for the worst in anxious dread.",fear
"My coworker found out the rumor was actually true, totally caught off guard.",surprise
So frustrated — my best friend was blamed for a mistake I didn't make.,anger
"My sister watched the video of the unsanitary restaurant kitchen, and had to look away in disgust.",disgust
We found the food crawling with ants and immediately felt sick to the stomach.,disgust
"The kids lost my grandmother last week, feeling completely heartbroken.",sadness
"The team heard the sad news about the layoffs, feeling completely heartbroken.",sadness
It broke my heart when my friend had to say goodbye to my childhood home.,sadness
My neighbor found a stranger had paid for our whole meal and stood there completely stunned.,surprise
"The whole class saw the overflowing public restroom, and it turned my stomach.",disgust
"My best friend found out my coworker was secretly the author of the book, and gasped in disbelief.",surprise
What a shock — my mom found a letter from someone I hadn't heard from in years.,surprise
"Our family got a text saying we need to talk right away, and my heart started racing with fear.",fear
"My mom found hair in the meal at the restaurant, wrinkling my nose in disgust.",disgust
"My dad opened the fridge to find it fully stocked by a neighbor, totally caught off guard.",surprise
"My roommate was mocked in front of everyone, and was seething with rage.",anger
"My neighbor realized we were lost deep in the woods after dark, and the fear was paralyzing.",fear
What a joy — the kids cooked a meal that turned out perfectly.,joy
"My best friend got a surprise visit from family, filled with pure happiness.",joy
"The crowd sat through another broken promise, and it was infuriating.",anger
"My boss listened to our old song and felt hollow, feeling completely heartbroken.",sadness
"My sister walked into a surprise party thrown by my friends, and it took a while to process the surprise.",surprise
"The kids was blamed for a mistake I didn't make, and I could not believe the audacity.",anger
"She felt the ground shake during the earthquake, terrified of what might happen next.",fear
"The whole class saw the check engine light flash on the highway, shaking with fear the whole time.",fear
"My coworker got cut off in traffic again, and it was infuriating.",anger
So gross — my friend found the food crawling with ants.,disgust
"My neighbor found the milk had gone sour and lumpy, and it was absolutely repulsive.",disgust
"I saw the smoke alarm go off at 3am, and couldn't shake the sense of danger.",fear
"My partner got a surprise visit from family, and my heart felt so light.",joy
"My roommate was yelled at for no reason, and slammed the door in anger.",anger
"My mom was yelled at for no reason, and slammed the door in anger.",anger
"The whole class heard the power go out during the thunderstorm, and couldn't shake the sense of danger.",fear
So gross — my boss opened the fridge to a smell that made me gag.,disgust
"Our family heard a strange noise in the empty house, and braced for the worst in anxious dread.",fear
"The whole class sat through another broken promise, and I could not believe the audacity.",anger
"My sister listened to our old song and felt hollow, feeling low for the rest of the day.",sadness
My partner opened a birthday present early and celebrated with everyone around.,joy
"We was mocked in front of everyone, and snapped at everyone afterward.",anger
"My brother found a stranger had paid for our whole meal, and was speechless for a moment.",surprise
"Our family watched someone chew with their mouth wide open, and could not stand to be in the room.",disgust
"I realized we were lost deep in the woods after dark, terrified of what might happen next.",fear
"My dad felt the ground shake during the earthquake, shaking with fear the whole time.",fear
My mom had to say goodbye to my childhood home and couldn't hold back the tears.,sadness
"My partner lost my job unexpectedly, feeling low for the rest of the day.",sadness
"The crowd watched the video of the unsanitary restaurant kitchen, and could not stand to be in the room.",disgust
"My coworker cooked a meal that turned out perfectly, filled with pure happiness.",joy
"The whole class got charged twice for the same order, and I could not believe the audacity.",anger
"The kids found a letter from someone I hadn't heard from in years, out of absolutely nowhere.",surprise
"She was overcharged and refused a refund, and it was the last straw.",anger
"My best friend was blamed for a mistake I didn't make, and it was the last straw.",anger
"My sister saw the entire office decorated for my birthday, and could hardly believe their eyes.",surprise
"The whole class missed the last train home in the rain, and it left a lasting ache.",sadness
"She heard the dog growl at something unseen in the yard, shaking with fear the whole time.",fear
"My coworker had to say goodbye to my childhood home, and a deep sadness settled in.",sadness
"My mom noticed the mildew smell coming from the carpet, and could not stand to be in the room.",disgust
"My neighbor saw someone litter directly on the beach, and it turned my stomach.",disgust
"The kids heard the announcement that caught everyone off guard, and gasped in disbelief.",surprise
"The kids smelled the garbage that had been sitting out for days, and had to look away in disgust.",disgust
"The whole class watched the news about the approaching hurricane, and the fear was paralyzing.",fear
"My friend found out we were having twins, and gasped in disbelief.",surprise
"My mom won the small lottery prize, grinning from ear to ear.",joy
"My sister saw fireworks go off out of nowhere, and it took a while to process the surprise.",surprise
"The team kept getting the same excuse over and over, and snapped at everyone afterward.",anger
"My partner danced all night at the wedding, grinning from ear to ear.",joy
So much happiness today because my mom hit a new personal record at the gym.,joy
"My sister watched the old photographs and felt the years slip by, feeling low for the rest of the day.",sadness
"Our family heard the announcement that caught everyone off guard, and it was the last thing anyone expected.",surprise
"My partner packed away the belongings of someone I lost, and it left a lasting ache.",sadness
What a shock — the team watched the underdog team win in the final second.,surprise
"He found mold growing in the leftover food, wrinkling my nose in disgust.",disgust
My mom cancelled the trip we had planned together and couldn't hold back the tears.,sadness
"My friend discovered the contractor lied about the work, and it was the last straw.",anger
"My partner watched the referee make an unfair call, and it felt completely unfair and enraging.",anger
So gross — my dad saw the dirty dishes piled up for a week.,disgust
"We saw someone litter directly on the beach, and it turned my stomach.",disgust
"She felt the elevator jolt to a stop between floors, and couldn't shake the sense of danger.",fear
"The whole class discovered the contractor lied about the work, and it was the last straw.",anger
"My best friend watched the news about the approaching hurricane, and a chill of dread ran down my spine.",fear
"My mom discovered a hidden room in the old house, and jaw dropped in astonishment.",surprise
So frustrated — the team sat through another broken promise.,anger
"Our family watched the underdog team win in the final second, and jaw dropped in astonishment.",surprise
"My neighbor saw someone litter directly on the beach, and had to look away in disgust.",disgust
"My dad saw the smoke alarm go off at 3am, and my heart started racing with fear.",fear
"I cooked a meal that turned out perfectly, and it felt absolutely wonderful.",joy
"My dad found the package smashed after waiting all week, and it was infuriating.",anger
"My best friend was interrupted for the third time in a row, and it made my blood boil.",anger
"My friend felt the ground shake during the earthquake, and the fear was paralyzing.",fear
"My coworker heard someone try the locked door handle at night, and my heart started racing with fear.",fear
My best friend reunited with an old friend after years apart and couldn't stop smiling all day.,joy
It broke my heart when my friend lost my job unexpectedly.,sadness
So much happiness today because my partner opened a birthday present early.,joy
"The crowd found out my trust was betrayed, and snapped at everyone afterward.",anger
"My sister heard the announcement that caught everyone off guard, totally caught off guard.",surprise
"She found hair in the meal at the restaurant, wrinkling my nose in disgust.",disgust
"My dad heard someone try the locked door handle at night, and a chill of dread ran down my spine.",fear
"My mom found mold growing in the leftover food, wrinkling my nose in disgust.",disgust
"My dad got the call from the hospital in the middle of the night, shaking with fear the whole time.",fear
"My coworker found out my trust was betrayed, and it made my blood boil.",anger
She watched the sunrise on the beach and couldn't stop smiling all day.,joy
"The whole class opened the door to find an old friend waiting, totally caught off guard.",surprise
"My mom watched someone chew with their mouth wide open, and refused to touch anything after that.",disgust
"My friend opened the door to find an old friend waiting, and it was the last thing anyone expected.",surprise
"My coworker felt the boat rock violently in the storm, and the fear was paralyzing.",fear
"The crowd remembered the anniversary of the loss, and a heavy sorrow followed.",sadness
"My best friend saw fireworks go off out of nowhere, and was speechless for a moment.",surprise
What a joy — my coworker planted a garden that's finally blooming.,joy
"My sister had my idea stolen and presented as someone else's, and it was infuriating.",anger
"The whole class saw maggots in the trash can, and it was absolutely repulsive.",disgust
We heard a strange noise in the empty house and froze in terror.,fear
"My dad watched the shadow move across the wall, and a chill of dread ran down my spine.",fear
What a joy — our family got accepted into my dream university.,joy
She found hair in the meal at the restaurant and immediately felt sick to the stomach.,disgust
"My brother heard footsteps behind me on the dark street, and my heart started racing with fear.",fear
"We heard the dog growl at something unseen in the yard, and panic set in immediately.",fear
"My friend watched the news about the approaching hurricane, and the fear was paralyzing.",fear
"My best friend sat through the funeral trying not to cry, and a deep sadness settled in.",sadness
"My boss watched the underdog team win in the final second, and gasped in disbelief.",surprise
"The crowd was overcharged and refused a refund, and it made my blood boil.",anger
"I felt the ground shake during the earthquake, and panic set in immediately.",fear
"He found the milk had gone sour and lumpy, and it was utterly revolting.",disgust
"My friend sat through another broken promise, and it was the last straw.",anger
"We saw fireworks go off out of nowhere, and could hardly believe their eyes.",surprise
It broke my heart when my brother realized the relationship was over.,sadness
"We heard footsteps behind me on the dark street, and a chill of dread ran down my spine.",fear
"My friend listened to our old song and felt hollow, feeling completely heartbroken.",sadness
"My coworker found a letter from someone I hadn't heard from in years, and it took a while to process the surprise.",surprise
"I felt the boat rock violently in the storm, and the fear was paralyzing.",fear
"She found the milk had gone sour and lumpy, and had to look away in disgust.",disgust
What a shock — he found out I was accepted a full year early.,surprise
My brother spent the holiday alone this year and couldn't hold back the tears.,sadness
"My dad found the milk had gone sour and lumpy, gagging at the sight of it.",disgust
"The whole class noticed someone following the car for several blocks, terrified of what might happen next.",fear
"My dad heard the announcement that caught everyone off guard, totally caught off guard.",surprise
"My coworker saw the entire office decorated for my birthday, and jaw dropped in astonishment.",surprise
"My best friend heard footsteps behind me on the dark street, and panic set in immediately.",fear
My coworker watched the rain fall on an empty street and couldn't hold back the tears.,sadness
"My dad found out I passed the exam, and it felt absolutely wonderful.",joy
"The team heard a strange noise in the empty house, and the fear was paralyzing.",fear
"The kids saw maggots in the trash can, and it was absolutely repulsive.",disgust
"The team was blamed for a mistake I didn't make, and it was infuriating.",anger
What a shock — the kids found out the rumor was actually true.,surprise
It broke my heart when my dad heard the sad news about the layoffs.,sadness
"She found a letter from someone I hadn't heard from in years, and gasped in disbelief.",surprise
The team watched the referee make an unfair call and was absolutely furious about it.,anger
"Our family sat through the funeral trying not to cry, and the loneliness was overwhelming.",sadness
The kids got a surprise visit from family! Best day ever.,joy
"The kids missed the last train home in the rain, feeling completely heartbroken.",sadness
"The kids found the milk had gone sour and lumpy, and it was utterly revolting.",disgust
"She had my flight cancelled with no explanation, and it was infuriating.",anger
"The kids realized we were lost deep in the woods after dark, and braced for the worst in anxious dread.",fear
"My partner was lied to right to my face, and it made my blood boil.",anger
"The whole class got an email saying the project was already approved, and gasped in disbelief.",surprise
"She watched someone chew with their mouth wide open, and it turned my stomach.",disgust
"I remembered the anniversary of the loss, and just wanted to be alone and cry.",sadness
"My brother watched the news about the approaching hurricane, and a chill of dread ran down my spine.",fear
"My dad heard the announcement that caught everyone off guard, and it took a while to process the surprise.",surprise
"My roommate watched the news report about the contaminated water supply, and it was absolutely repulsive.",disgust
"My friend heard someone try the locked door handle at night, and was too scared to move.",fear
"He found out the rumor was actually true, and jaw dropped in astonishment.",surprise
"My mom saw the entire office decorated for my birthday, and jaw dropped in astonishment.",surprise
"I watched someone spit on the sidewalk, wrinkling my nose in disgust.",disgust
"My brother heard someone try the locked door handle at night, shaking with fear the whole time.",fear
"My dad saw headlights speeding straight at us, and braced for the worst in anxious dread.",fear
"My dad watched the news about the approaching hurricane, and braced for the worst in anxious dread.",fear
It broke my heart when he remembered the anniversary of the loss.,sadness
"My mom found a cockroach crawling across the counter, gagging at the sight of it.",disgust
So frustrated — my brother found the package smashed after waiting all week.,anger
"He saw someone litter directly on the beach, gagging at the sight of it.",disgust
"The whole class found the bathroom left in a disgusting state after the party, wrinkling my nose in disgust.",disgust
"My coworker waited two hours for a refund that never came, and was seething with rage.",anger
So much happiness today because my neighbor got a surprise visit from family.,joy
The whole class found the milk had gone sour and lumpy and immediately felt sick to the stomach.,disgust
"My neighbor learned the whole trip was planned in secret, and it took a while to process the surprise.",surprise
"My best friend had the neighbor's dog ruin the garden again, and I could not believe the audacity.",anger
"He watched someone cut the line, and snapped at everyone afterward.",anger
"My best friend realized the relationship was over, and just wanted to be alone and cry.",sadness
"My friend saw the dirty dishes piled up for a week, wrinkling my nose in disgust.",disgust
"My coworker listened to our old song and felt hollow, feeling low for the rest of the day.",sadness
"My partner watched someone cut the line, and it felt completely unfair and enraging.",anger
"My friend discovered a hidden room in the old house, and it was the last thing anyone expected.",surprise
"I found hair in the meal at the restaurant, and it was utterly revolting.",disgust
"My friend opened the door to find an old friend waiting, and jaw dropped in astonishment.",surprise
"The crowd danced all night at the wedding, and it felt absolutely wonderful.",joy
"My sister found out my trust was betrayed, and I could not believe the audacity.",anger
"My roommate got a call saying I'd won an award I never applied for, totally caught off guard.",surprise
The crowd missed the last train home in the rain and couldn't hold back the tears.,sadness
"The kids found the package smashed after waiting all week, and it was the last straw.",anger
My coworker adopted a puppy today and celebrated with everyone around.,joy
So frustrated — the team was overcharged and refused a refund.,anger
"He had the neighbor's dog ruin the garden again, and snapped at everyone afterward.",anger
"The team got accepted into my dream university, filled with pure happiness.",joy
"My partner felt the boat rock violently in the storm, shaking with fear the whole time.",fear
"She heard the power go out during the thunderstorm, and a chill of dread ran down my spine.",fear
"The crowd watched someone spit on the sidewalk, and it turned my stomach.",disgust
"The crowd found out I passed the exam, and my heart felt so light.",joy
"Our family was lied to right to my face, and it was the last straw.",anger
"He kept getting the same excuse over and over, and I could not believe the audacity.",anger
He opened the box to find something completely unexpected and stood there completely stunned.,surprise
"My boss got a text saying we need to talk right away, shaking with fear the whole time.",fear
"My sister sat through the funeral trying not to cry, and a deep sadness settled in.",sadness
"The kids was lied to right to my face, and it made my blood boil.",anger
"My coworker found a stranger had paid for our whole meal, and could hardly believe their eyes.",surprise
"The kids couldn't say goodbye in time, feeling low for the rest of the day.",sadness
"My mom found the food crawling with ants, and had to look away in disgust.",disgust
"My boss spent the whole day laughing with friends, and my heart felt so light.",joy
"The team opened the door to find an old friend waiting, and could hardly believe their eyes.",surprise
So frustrated — my brother kept getting the same excuse over and over.,anger
"Our family got an email saying the project was already approved, out of absolutely nowhere.",surprise
"My mom kept getting the same excuse over and over, and was seething with rage.",anger
What a shock — the crowd heard the announcement that caught everyone off guard.,surprise
"My mom finally paid off all my debt, filled with pure happiness.",joy
"My neighbor watched someone spit on the sidewalk, and had to look away in disgust.",disgust
"My friend spent the holiday alone this year, and the loneliness was overwhelming.",sadness
My friend adopted a puppy today and celebrated with everyone around.,joy
So gross — we found mold growing in the leftover food.,disgust
"The kids found out my trust was betrayed, and it was infuriating.",anger
"My partner spent the holiday alone this year, feeling low for the rest of the day.",sadness
"The whole class saw the storm clouds rolling in fast, terrified of what might happen next.",fear
What a joy — my coworker adopted a puppy today.,joy
"My brother sat through the funeral trying not to cry, and just wanted to be alone and cry.",sadness
"My dad saw fireworks go off out of nowhere, out of absolutely nowhere.",surprise
"The kids saw the storm clouds rolling in fast, and the fear was paralyzing.",fear
"My coworker saw the overflowing public restroom, and it was utterly revolting.",disgust
My brother listened to our old song and felt hollow and couldn't hold back the tears.,sadness
"I waited for the biopsy results, and panic set in immediately.",fear
I found out I was accepted a full year early and stood there completely stunned.,surprise
"My boss noticed someone following the car for several blocks, and was too scared to move.",fear
"My best friend hit a new personal record at the gym, grinning from ear to ear.",joy
"My best friend saw the check engine light flash on the highway, shaking with fear the whole time.",fear
"My best friend walked into a surprise party thrown by my friends, and it was the last thing anyone expected.",surprise
"The team found out I passed the exam, and my heart felt so light.",joy
"My sister heard someone try the locked door handle at night, terrified of what might happen next.",fear
"The crowd watched the news about the approaching hurricane, and panic set in immediately.",fear
"My mom watched someone spit on the sidewalk, and refused to touch anything after that.",disgust
"My roommate was blamed for a mistake I didn't make, and slammed the door in anger.",anger
"My dad opened the door to find an old friend waiting, and it took a while to process the surprise.",surprise
"My sister lost my grandmother last week, and just wanted to be alone and cry.",sadness
"I found hair in the meal at the restaurant, wrinkling my nose in disgust.",disgust
"The whole class heard someone try the locked door handle at night, terrified of what might happen next.",fear
"My partner found out my trust was betrayed, and was seething with rage.",anger
"My friend saw the entire office decorated for my birthday, and it took a while to process the surprise.",surprise
"She sat through another broken promise, and I could not believe the audacity.",anger
"The team was mocked in front of everyone, and slammed the door in anger.",anger
"We walked into a surprise party thrown by my friends, and it took a while to process the surprise.",surprise
It broke my heart when my neighbor heard the sad news about the layoffs.,sadness
"Our family was interrupted for the third time in a row, and was seething with rage.",anger
"My brother opened the fridge to find it fully stocked by a neighbor, and gasped in disbelief.",surprise
"My friend spent the whole day laughing with friends, grinning from ear to ear.",joy
"Our family heard footsteps behind me on the dark street, and panic set in immediately.",fear
So frustrated — my roommate waited two hours for a refund that never came.,anger
My boss sat through another broken promise and was absolutely furious about it.,anger
"My roommate saw maggots in the trash can, wrinkling my nose in disgust.",disgust
"My brother saw the smoke alarm go off at 3am, terrified of what might happen next.",fear
So frustrated — my partner was ignored during the entire meeting.,anger
"My coworker was lied to right to my face, and I could not believe the audacity.",anger
"We found the milk had gone sour and lumpy, and could not stand to be in the room.",disgust
What a joy — we opened a birthday present early.,joy
"He was blamed for a mistake I didn't make, and I could not believe the audacity.",anger
"My partner opened the fridge to a smell that made me gag, and it was absolutely repulsive.",disgust
"My roommate ran into my old teacher at the airport, and gasped in disbelief.",surprise
"My brother sat through the funeral trying not to cry, and a deep sadness settled in.",sadness
My partner watched the news report about the contaminated water supply and immediately felt sick to the stomach.,disgust
What a joy — she spent the whole day laughing with friends.,joy
"The team kept getting the same excuse over and over, and it was infuriating.",anger
"The crowd felt the ground shake during the earthquake, and braced for the worst in anxious dread.",fear
"My boss saw the smoke alarm go off at 3am, and panic set in immediately.",fear
My coworker cooked a meal that turned out perfectly and couldn't stop smiling all day.,joy
"The team reunited with an old friend after years apart, filled with pure happiness.",joy
So frustrated — my boss was yelled at for no reason.,anger
"He found hair in the meal at the restaurant, and it turned my stomach.",disgust
My dad found hair in the meal at the restaurant and immediately felt sick to the stomach.,disgust
"My mom saw the entire office decorated for my birthday, and was speechless for a moment.",surprise
"My boss felt the plane shake violently in turbulence, and the fear was paralyzing.",fear
"I saw the dirty dishes piled up for a week, and it turned my stomach.",disgust
"The team walked into a surprise party thrown by my friends, totally caught off guard.",surprise
My brother found the package smashed after waiting all week and was absolutely furious about it.,anger
"We cooked a meal that turned out perfectly, filled with pure happiness.",joy
"My coworker watched the rain fall on an empty street, feeling low for the rest of the day.",sadness
"Our family had my flight cancelled with no explanation, and was seething with rage.",anger
My friend found out my trust was betrayed and was absolutely furious about it.,anger
What a shock — my dad got a call saying I'd won an award I never applied for.,surprise
"We heard the announcement that caught everyone off guard, and jaw dropped in astonishment.",surprise
"My dad got the call from the hospital in the middle of the night, and a chill of dread ran down my spine.",fear
"My sister felt the ground shake during the earthquake, and a chill of dread ran down my spine.",fear
The kids found out I was accepted a full year early and stood there completely stunned.,surprise
"My best friend found a stranger had paid for our whole meal, and it was the last thing anyone expected.",surprise
So gross — we noticed the rotten smell coming from under the sink.,disgust
"The team watched someone cut the line, and it was infuriating.",anger
"My neighbor discovered the contractor lied about the work, and I could not believe the audacity.",anger
My partner spent the whole day laughing with friends! Best day ever.,joy
"The crowd found the food crawling with ants, wrinkling my nose in disgust.",disgust
"My sister watched the referee make an unfair call, and it was infuriating.",anger
"My sister found out I was accepted a full year early, totally caught off guard.",surprise
"My neighbor kept getting the same excuse over and over, and it was infuriating.",anger
So much happiness today because my dad planted a garden that's finally blooming.,joy
"My partner found out I was accepted a full year early, and it took a while to process the surprise.",surprise
It broke my heart when the kids packed away the belongings of someone I lost.,sadness
"We watched the shadow move across the wall, and couldn't shake the sense of danger.",fear
"The whole class was yelled at for no reason, and I could not believe the audacity.",anger
"My roommate was lied to right to my face, and it was infuriating.",anger
"He felt the plane shake violently in turbulence, and was too scared to move.",fear
"We reunited with an old friend after years apart, and my heart felt so light.",joy
What a joy — she reunited with an old friend after years apart.,joy
"My roommate found out my trust was betrayed, and slammed the door in anger.",anger
"He heard the power go out during the thunderstorm, and the fear was paralyzing.",fear
"He watched the news report about the contaminated water supply, and had to look away in disgust.",disgust
"My neighbor watched someone spit on the sidewalk, and refused to touch anything after that.",disgust
"My brother landed the job offer, grinning from ear to ear.",joy
"Our family ran into my old teacher at the airport, out of absolutely nowhere.",surprise
"My mom saw the smoke alarm go off at 3am, and panic set in immediately.",fear
"My best friend found a letter from someone I hadn't heard from in years, and could hardly believe their eyes.",surprise
We landed the job offer and couldn't stop smiling all day.,joy
"My roommate finished the marathon, and it felt absolutely wonderful.",joy
"The team watched the video of the unsanitary restaurant kitchen, and could not stand to be in the room.",disgust
"My best friend watched the kids open their presents on Christmas morning, and my heart felt so light.",joy
"My brother felt the elevator jolt to a stop between floors, and panic set in immediately.",fear
"I saw the entire office decorated for my birthday, and it took a while to process the surprise.",surprise
"My neighbor learned the whole trip was planned in secret, totally caught off guard.",surprise
"He packed away the belongings of someone I lost, and a heavy sorrow followed.",sadness
"My roommate couldn't say goodbye in time, and a deep sadness settled in.",sadness
My best friend got a surprise visit from family! Best day ever.,joy
"The kids was interrupted for the third time in a row, and it was the last straw.",anger
The kids missed the last train home in the rain and couldn't hold back the tears.,sadness
"My mom got the promotion I've been working towards, and my heart felt so light.",joy
"My boss remembered the anniversary of the loss, and it left a lasting ache.",sadness
So gross — the kids saw the overflowing public restroom.,disgust
"She saw the storm clouds rolling in fast, and couldn't shake the sense of danger.",fear
"My roommate discovered the contractor lied about the work, and it was infuriating.",anger
My coworker was ignored during the entire meeting and was absolutely furious about it.,anger
My brother danced all night at the wedding! Best day ever.,joy
"He was lied to right to my face, and it made my blood boil.",anger
"My friend saw the overflowing public restroom, and refused to touch anything after that.",disgust
I saw the entire office decorated for my birthday and stood there completely stunned.,surprise
I got the promotion I've been working towards and couldn't stop smiling all day.,joy
The team watched the pile of dirty laundry grow mold in the corner and immediately felt sick to the stomach.,disgust
"Our family listened to our old song and felt hollow, and just wanted to be alone and cry.",sadness
"I had my idea stolen and presented as someone else's, and slammed the door in anger.",anger
My coworker planted a garden that's finally blooming and couldn't stop smiling all day.,joy
The kids finished the marathon! Best day ever.,joy
"My mom noticed someone following the car for several blocks, and my heart started racing with fear.",fear
"My mom discovered the twist ending nobody saw coming, and jaw dropped in astonishment.",surprise
"My brother got a text saying we need to talk right away, terrified of what might happen next.",fear
So frustrated — my best friend was mocked in front of everyone.,anger
What a joy — my boss adopted a puppy today.,joy
"My partner found out my trust was betrayed, and it was infuriating.",anger
"The whole class found a cockroach crawling across the counter, and it turned my stomach.",disgust
"My roommate read the goodbye letter one more time, and everything felt empty afterward.",sadness
What a shock — my mom ran into my old teacher at the airport.,surprise
"My boss heard the power go out during the thunderstorm, shaking with fear the whole time.",fear
"She opened the box to find something completely unexpected, and was speechless for a moment.",surprise
She got an email saying the project was already approved and stood there completely stunned.,surprise
My best friend watched the kids open their presents on Christmas morning and celebrated with everyone around.,joy
My friend remembered the anniversary of the loss and couldn't hold back the tears.,sadness
"I found a stranger had paid for our whole meal, and it was the last thing anyone expected.",surprise
"My neighbor watched someone spit on the sidewalk, wrinkling my nose in disgust.",disgust
"My partner sat through the funeral trying not to cry, and the loneliness was overwhelming.",sadness
"My best friend opened the box to find something completely unexpected, and gasped in disbelief.",surprise
"My sister watched the kids open their presents on Christmas morning, filled with pure happiness.",joy
"My mom learned the whole trip was planned in secret, and jaw dropped in astonishment.",surprise
"My brother was ignored during the entire meeting, and I could not believe the audacity.",anger
"The crowd felt the ground shake during the earthquake, and was too scared to move.",fear
My partner was ignored during the entire meeting and was absolutely furious about it.,anger
"My sister saw the check engine light flash on the highway, and panic set in immediately.",fear
"He felt the boat rock violently in the storm, and was too scared to move.",fear
What a joy — we won the small lottery prize.,joy
My mom had the neighbor's dog ruin the garden again and was absolutely furious about it.,anger
"My sister lost my job unexpectedly, and the loneliness was overwhelming.",sadness
"Our family noticed the rotten smell coming from under the sink, and it was utterly revolting.",disgust
"My sister realized we were lost deep in the woods after dark, and braced for the worst in anxious dread.",fear
"I was overcharged and refused a refund, and snapped at everyone afterward.",anger
"My roommate smelled the garbage that had been sitting out for days, and it was absolutely repulsive.",disgust
"My neighbor danced all night at the wedding, filled with pure happiness.",joy
"My sister saw the entire office decorated for my birthday, totally caught off guard.",surprise
My best friend found the package smashed after waiting all week and was absolutely furious about it.,anger
"She saw the entire office decorated for my birthday, and it was the last thing anyone expected.",surprise
"We kept getting the same excuse over and over, and snapped at everyone afterward.",anger
"Our family saw the smoke alarm go off at 3am, and panic set in immediately.",fear
It broke my heart when my coworker couldn't say goodbye in time.,sadness
"My roommate discovered the twist ending nobody saw coming, out of absolutely nowhere.",surprise
The whole class heard the sad news about the layoffs and couldn't hold back the tears.,sadness
My dad reunited with an old friend after years apart and couldn't stop smiling all day.,joy
"My dad was ignored during the entire meeting, and was seething with rage.",anger
"We sat through the funeral trying not to cry, and everything felt empty afterward.",sadness
"My sister got a surprise visit from family, and my heart felt so light.",joy
"The whole class saw the dirty dishes piled up for a week, and it was absolutely repulsive.",disgust
"The whole class opened a birthday present early, grinning from ear to ear.",joy
"The team got an email saying the project was already approved, totally caught off guard.",surprise
"My friend got charged twice for the same order, and it felt completely unfair and enraging.",anger
"My sister finished the marathon, grinning from ear to ear.",joy
"He noticed the rotten smell coming from under the sink, and could not stand to be in the room.",disgust
"She got a call saying I'd won an award I never applied for, and it took a while to process the surprise.",surprise
What a joy — my dad landed the job offer.,joy
"My partner felt the plane shake violently in turbulence, and my heart started racing with fear.",fear
My coworker finished the marathon and celebrated with everyone around.,joy
"My neighbor saw the entire office decorated for my birthday, out of absolutely nowhere.",surprise
"My mom watched the news report about the contaminated water supply, and could not stand to be in the room.",disgust
The whole class spent the whole day laughing with friends! Best day ever.,joy
"The crowd saw the dirty dishes piled up for a week, and refused to touch anything after that.",disgust
Our family watched the shadow move across the wall and froze in terror.,fear
My dad planted a garden that's finally blooming and felt overjoyed about it.,joy
"My brother saw the smoke alarm go off at 3am, and panic set in immediately.",fear
"The whole class discovered the twist ending nobody saw coming, and gasped in disbelief.",surprise
"We watched the shadow move across the wall, and panic set in immediately.",fear
"My mom felt the boat rock violently in the storm, and braced for the worst in anxious dread.",fear
"My mom listened to our old song and felt hollow, and it left a lasting ache.",sadness
"My neighbor heard the announcement that caught everyone off guard, out of absolutely nowhere.",surprise
"Our family watched the video of the unsanitary restaurant kitchen, and it was utterly revolting.",disgust
What a shock — the team heard the announcement that caught everyone off guard.,surprise
I spent the whole day laughing with friends and felt overjoyed about it.,joy
"My best friend won the small lottery prize, filled with pure happiness.",joy
"My mom had the neighbor's dog ruin the garden again, and I could not believe the audacity.",anger
"He felt the elevator jolt to a stop between floors, and a chill of dread ran down my spine.",fear
"My brother saw the entire office decorated for my birthday, and gasped in disbelief.",surprise
"My coworker finally paid off all my debt, and it felt absolutely wonderful.",joy
"My coworker got a text saying we need to talk right away, and the fear was paralyzing.",fear
"My roommate opened the fridge to find it fully stocked by a neighbor, and gasped in disbelief.",surprise
What a joy — my dad got accepted into my dream university.,joy
"The whole class watched the referee make an unfair call, and it was the last straw.",anger
My dad received an unexpected gift! Best day ever.,joy
"I found out my trust was betrayed, and it made my blood boil.",anger
"The whole class got a text saying we need to talk right away, and a chill of dread ran down my spine.",fear
"My brother was lied to right to my face, and snapped at everyone afterward.",anger
"My roommate sat through the funeral trying not to cry, and it left a lasting ache.",sadness
"He kept getting the same excuse over and over, and it was the last straw.",anger
"My partner kept getting the same excuse over and over, and it was the last straw.",anger
My roommate found out my coworker was secretly the author of the book and stood there completely stunned.,surprise
She had my idea stolen and presented as someone else's and was absolutely furious about it.,anger
"Our family read the goodbye letter one more time, and everything felt empty afterward.",sadness
"My brother saw headlights speeding straight at us, terrified of what might happen next.",fear
The kids finally paid off all my debt and felt overjoyed about it.,joy
"My dad was lied to right to my face, and it was infuriating.",anger
"My brother kept getting the same excuse over and over, and slammed the door in anger.",anger
"The whole class got cut off in traffic again, and slammed the door in anger.",anger
"He found out the rumor was actually true, and could hardly believe their eyes.",surprise
The team finished the marathon and celebrated with everyone around.,joy
"My roommate ran into my old teacher at the airport, and it took a while to process the surprise.",surprise
"My mom heard someone try the locked door handle at night, and panic set in immediately.",fear
"My neighbor opened the door to find an old friend waiting, and gasped in disbelief.",surprise
"My best friend watched the referee make an unfair call, and it felt completely unfair and enraging.",anger
"My dad had my flight cancelled with no explanation, and I could not believe the audacity.",anger
"My neighbor found the milk had gone sour and lumpy, wrinkling my nose in disgust.",disgust
"My friend sat alone in the empty apartment, and the loneliness was overwhelming.",sadness
"My mom watched the news about the approaching hurricane, and couldn't shake the sense of danger.",fear
"Our family noticed the mildew smell coming from the carpet, and had to look away in disgust.",disgust
So much happiness today because the crowd reunited with an old friend after years apart.,joy
"My partner watched the referee make an unfair call, and it made my blood boil.",anger
"My partner noticed the mildew smell coming from the carpet, and it was utterly revolting.",disgust
"My neighbor got cut off in traffic again, and snapped at everyone afterward.",anger
"The team noticed the mildew smell coming from the carpet, gagging at the sight of it.",disgust
"The crowd realized the relationship was over, and a heavy sorrow followed.",sadness
"She landed the job offer, grinning from ear to ear.",joy
"My sister opened the fridge to a smell that made me gag, and it was absolutely repulsive.",disgust
"My boss waited for the biopsy results, terrified of what might happen next.",fear
"The crowd heard a strange noise in the empty house, and the fear was paralyzing.",fear
"My roommate saw my favorite band live, grinning from ear to ear.",joy
"He found out my coworker was secretly the author of the book, and it was the last thing anyone expected.",surprise
"My partner found out I passed the exam, filled with pure happiness.",joy
"My dad cooked a meal that turned out perfectly, and it felt absolutely wonderful.",joy
My best friend spent the whole day laughing with friends and felt overjoyed about it.,joy
"My neighbor found the food crawling with ants, wrinkling my nose in disgust.",disgust
"My dad saw the smoke alarm go off at 3am, terrified of what might happen next.",fear
It broke my heart when our family lost my grandmother last week.,sadness
We got a text saying we need to talk right away and froze in terror.,fear
My mom finished the marathon! Best day ever.,joy
"My mom had my flight cancelled with no explanation, and it felt completely unfair and enraging.",anger
So gross — the kids watched someone spit on the sidewalk.,disgust
"My neighbor saw the overflowing public restroom, and it was absolutely repulsive.",disgust
"My mom watched someone cut the line, and it made my blood boil.",anger
"My friend spent the holiday alone this year, and everything felt empty afterward.",sadness
She opened a birthday present early and couldn't stop smiling all day.,joy
So much happiness today because we reunited with an old friend after years apart.,joy
"My roommate noticed someone following the car for several blocks, and couldn't shake the sense of danger.",fear
"The kids heard the dog growl at something unseen in the yard, and a chill of dread ran down my spine.",fear
"The whole class watched someone chew with their mouth wide open, gagging at the sight of it.",disgust
"My roommate got accepted into my dream university, and it felt absolutely wonderful.",joy
"My sister felt the ground shake during the earthquake, and my heart started racing with fear.",fear
"My roommate heard someone try the locked door handle at night, and was too scared to move.",fear
"The crowd smelled the garbage that had been sitting out for days, gagging at the sight of it.",disgust
My coworker saw the smoke alarm go off at 3am and froze in terror.,fear
My best friend got the call from the hospital in the middle of the night and froze in terror.,fear
What a shock — my friend found out my coworker was secretly the author of the book.,surprise
"She packed away the belongings of someone I lost, and it left a lasting ache.",sadness
"The team watched the news report about the contaminated water supply, and had to look away in disgust.",disgust
My coworker found the bathroom left in a disgusting state after the party and immediately felt sick to the stomach.,disgust
"The kids found the food crawling with ants, gagging at the sight of it.",disgust
"She found a letter from someone I hadn't heard from in years, totally caught off guard.",surprise
"The whole class got a call saying I'd won an award I never applied for, out of absolutely nowhere.",surprise
"We was yelled at for no reason, and snapped at everyone afterward.",anger
It broke my heart when my best friend spent the holiday alone this year.,sadness
"My mom walked into a surprise party thrown by my friends, and was speechless for a moment.",surprise
"My partner was lied to right to my face, and snapped at everyone afterward.",anger
So frustrated — we watched someone cut the line.,anger
So frustrated — the kids watched the referee make an unfair call.,anger
We watched someone cut the line and was absolutely furious about it.,anger
"My boss smelled the garbage that had been sitting out for days, wrinkling my nose in disgust.",disgust
"My coworker was overcharged and refused a refund, and slammed the door in anger.",anger
"Our family kept getting the same excuse over and over, and slammed the door in anger.",anger
My friend planted a garden that's finally blooming and couldn't stop smiling all day.,joy
"My boss packed away the belongings of someone I lost, and a deep sadness settled in.",sadness
"My mom heard the power go out during the thunderstorm, and braced for the worst in anxious dread.",fear
What a joy — i landed the job offer.,joy
My best friend got the promotion I've been working towards! Best day ever.,joy
"My coworker found mold growing in the leftover food, and had to look away in disgust.",disgust
"My best friend found a cockroach crawling across the counter, and it turned my stomach.",disgust
"Our family got the call from the hospital in the middle of the night, shaking with fear the whole time.",fear
"My best friend found out I was accepted a full year early, and was speechless for a moment.",surprise
"My brother noticed the rotten smell coming from under the sink, gagging at the sight of it.",disgust
It broke my heart when my sister listened to our old song and felt hollow.,sadness
"I found a letter from someone I hadn't heard from in years, and was speechless for a moment.",surprise
My partner watched someone chew with their mouth wide open and immediately felt sick to the stomach.,disgust
"The team found out my trust was betrayed, and I could not believe the audacity.",anger
What a shock — the team found out the rumor was actually true.,surprise
"The whole class found hair in the meal at the restaurant, and it was absolutely repulsive.",disgust
We got a call saying I'd won an award I never applied for and stood there completely stunned.,surprise
My sister got accepted into my dream university and couldn't stop smiling all day.,joy
My mom discovered the contractor lied about the work and was absolutely furious about it.,anger
So gross — my friend found hair in the meal at the restaurant.,disgust
I planted a garden that's finally blooming and celebrated with everyone around.,joy
"The team got the promotion I've been working towards, filled with pure happiness.",joy
"The kids read the goodbye letter one more time, and just wanted to be alone and cry.",sadness
"My best friend watched my best friend move away, and a deep sadness settled in.",sadness
"My friend found the package smashed after waiting all week, and it was the last straw.",anger
"My neighbor had my flight cancelled with no explanation, and snapped at everyone afterward.",anger
"I sat alone in the empty apartment, feeling completely heartbroken.",sadness
"The whole class discovered the twist ending nobody saw coming, and was speechless for a moment.",surprise
"He lost my grandmother last week, and just wanted to be alone and cry.",sadness
"My mom watched the pile of dirty laundry grow mold in the corner, and it was absolutely repulsive.",disgust
"We saw the smoke alarm go off at 3am, terrified of what might happen next.",fear
"We spent the holiday alone this year, and just wanted to be alone and cry.",sadness
"My best friend heard a strange noise in the empty house, and my heart started racing with fear.",fear
"My roommate reunited with an old friend after years apart, grinning from ear to ear.",joy
What a shock — my best friend opened the box to find something completely unexpected.,surprise
My sister watched the news report about the contaminated water supply and immediately felt sick to the stomach.,disgust
What a shock — my boss watched the underdog team win in the final second.,surprise
"The team felt the boat rock violently in the storm, and my heart started racing with fear.",fear
The kids opened the fridge to a smell that made me gag and immediately felt sick to the stomach.,disgust
What a shock — my partner opened the fridge to find it fully stocked by a neighbor.,surprise
My best friend got a text saying we need to talk right away and froze in terror.,fear
"My sister found out the rumor was actually true, and it was the last thing anyone expected.",surprise
"My brother opened the box to find something completely unexpected, and it was the last thing anyone expected.",surprise
"He saw my favorite band live, and my heart felt so light.",joy
"The whole class got the call from the hospital in the middle of the night, and braced for the worst in anxious dread.",fear
"The whole class saw someone litter directly on the beach, and it turned my stomach.",disgust
"We got a call saying I'd won an award I never applied for, totally caught off guard.",surprise
"I watched someone cut the line, and was seething with rage.",anger
"My partner felt the boat rock violently in the storm, and a chill of dread ran down my spine.",fear
What a shock — my best friend watched the underdog team win in the final second.,surprise
My mom watched the kids open their presents on Christmas morning and felt overjoyed about it.,joy
"He found out the rumor was actually true, and gasped in disbelief.",surprise
It broke my heart when we failed the final exam after months of studying.,sadness
"My partner got cut off in traffic again, and it felt completely unfair and enraging.",anger
Our family watched someone spit on the sidewalk and immediately felt sick to the stomach.,disgust
"My coworker smelled the garbage that had been sitting out for days, gagging at the sight of it.",disgust
My neighbor got a surprise visit from family! Best day ever.,joy
The crowd hit a new personal record at the gym and felt overjoyed about it.,joy
"The team got an email saying the project was already approved, and gasped in disbelief.",surprise
"Our family was overcharged and refused a refund, and I could not believe the audacity.",anger
"The whole class had my idea stolen and presented as someone else's, and snapped at everyone afterward.",anger
"I found the milk had gone sour and lumpy, and it was absolutely repulsive.",disgust
What a joy — my partner reunited with an old friend after years apart.,joy
"I felt the elevator jolt to a stop between floors, shaking with fear the whole time.",fear
"My coworker found out the rumor was actually true, out of absolutely nowhere.",surprise
What a joy — i got the promotion I've been working towards.,joy
"My best friend got the promotion I've been working towards, filled with pure happiness.",joy
"My coworker watched my best friend move away, and everything felt empty afterward.",sadness
So frustrated — my best friend got charged twice for the same order.,anger
"The kids waited for the biopsy results, and panic set in immediately.",fear
My coworker watched someone cut the line and was absolutely furious about it.,anger
"The whole class saw maggots in the trash can, and it was utterly revolting.",disgust
"The crowd found the food crawling with ants, and it was utterly revolting.",disgust
"My boss found the food crawling with ants, gagging at the sight of it.",disgust
"My boss read the goodbye letter one more time, and it left a lasting ache.",sadness
"The kids saw fireworks go off out of nowhere, and could hardly believe their eyes.",surprise
"My mom had to say goodbye to my childhood home, and everything felt empty afterward.",sadness
"My partner got the promotion I've been working towards, grinning from ear to ear.",joy
"My brother opened the fridge to a smell that made me gag, and had to look away in disgust.",disgust
"The kids sat through the funeral trying not to cry, and a deep sadness settled in.",sadness
"The whole class saw the entire office decorated for my birthday, and was speechless for a moment.",surprise
"My neighbor got a call saying I'd won an award I never applied for, and jaw dropped in astonishment.",surprise
"My sister heard footsteps behind me on the dark street, and my heart started racing with fear.",fear
"My sister saw the overflowing public restroom, and it turned my stomach.",disgust
"She found out I was accepted a full year early, and it was the last thing anyone expected.",surprise
"The crowd saw the overflowing public restroom, and had to look away in disgust.",disgust
So frustrated — my friend was ignored during the entire meeting.,anger
So gross — the whole class opened the fridge to a smell that made me gag.,disgust
"My partner saw the dirty dishes piled up for a week, and it was absolutely repulsive.",disgust
It broke my heart when my brother packed away the belongings of someone I lost.,sadness
"My mom found the package smashed after waiting all week, and it felt completely unfair and enraging.",anger
"My best friend opened the fridge to find it fully stocked by a neighbor, and was speechless for a moment.",surprise
"My best friend waited for the biopsy results, and was too scared to move.",fear
"My boss noticed the rotten smell coming from under the sink, and had to look away in disgust.",disgust
"My neighbor saw the dirty dishes piled up for a week, gagging at the sight of it.",disgust
So frustrated — my boss was lied to right to my face.,anger
"My friend realized the relationship was over, and everything felt empty afterward.",sadness
"The team noticed the rotten smell coming from under the sink, and had to look away in disgust.",disgust
"My mom sat alone in the empty apartment, and the loneliness was overwhelming.",sadness
It broke my heart when my dad read the goodbye letter one more time.,sadness
"My roommate saw the entire office decorated for my birthday, and it took a while to process the surprise.",surprise
"She heard the power go out during the thunderstorm, and braced for the worst in anxious dread.",fear
"My brother saw the storm clouds rolling in fast, and panic set in immediately.",fear
"My best friend got a text saying we need to talk right away, and panic set in immediately.",fear
"He watched the video of the unsanitary restaurant kitchen, gagging at the sight of it.",disgust
"My sister couldn't say goodbye in time, feeling low for the rest of the day.",sadness
"The kids waited two hours for a refund that never came, and was seething with rage.",anger
What a joy — i planted a garden that's finally blooming.,joy
The crowd spent the whole day laughing with friends and felt overjoyed about it.,joy
"My dad discovered the twist ending nobody saw coming, totally caught off guard.",surprise
"My coworker missed the last train home in the rain, and just wanted to be alone and cry.",sadness
"The whole class saw the storm clouds rolling in fast, and was too scared to move.",fear
"My roommate failed the final exam after months of studying, and a deep sadness settled in.",sadness
"My mom waited for the biopsy results, and braced for the worst in anxious dread.",fear
"My coworker found out I passed the exam, grinning from ear to ear.",joy
"My roommate sat through the funeral trying not to cry, feeling low for the rest of the day.",sadness
"My brother was lied to right to my face, and was seething with rage.",anger
My brother saw fireworks go off out of nowhere and stood there completely stunned.,surprise
"He watched the underdog team win in the final second, and could hardly believe their eyes.",surprise
My mom felt the boat rock violently in the storm and froze in terror.,fear
"My roommate had my idea stolen and presented as someone else's, and snapped at everyone afterward.",anger
"My boss watched my best friend move away, feeling low for the rest of the day.",sadness
"My boss watched someone cut the line, and it felt completely unfair and enraging.",anger
"I watched the kids open their presents on Christmas morning, filled with pure happiness.",joy
So much happiness today because i finally paid off all my debt.,joy
"The kids noticed the rotten smell coming from under the sink, and it turned my stomach.",disgust
"My sister found a cockroach crawling across the counter, wrinkling my nose in disgust.",disgust
"I saw maggots in the trash can, and it turned my stomach.",disgust
"We reunited with an old friend after years apart, grinning from ear to ear.",joy
My sister found the package smashed after waiting all week and was absolutely furious about it.,anger
"My roommate realized we were lost deep in the woods after dark, terrified of what might happen next.",fear
"My partner found hair in the meal at the restaurant, and it was absolutely repulsive.",disgust
"My roommate planted a garden that's finally blooming, and my heart felt so light.",joy
"The whole class watched the pile of dirty laundry grow mold in the corner, wrinkling my nose in disgust.",disgust
"The kids finally paid off all my debt, filled with pure happiness.",joy
"The whole class got accepted into my dream university, grinning from ear to ear.",joy
"My friend was lied to right to my face, and I could not believe the audacity.",anger
"My sister watched my best friend move away, and everything felt empty afterward.",sadness
"I saw the smoke alarm go off at 3am, shaking with fear the whole time.",fear
"I discovered a hidden room in the old house, out of absolutely nowhere.",surprise
My friend heard footsteps behind me on the dark street and froze in terror.,fear
"The team found the milk had gone sour and lumpy, and had to look away in disgust.",disgust
"Our family watched someone cut the line, and it felt completely unfair and enraging.",anger
"My neighbor was yelled at for no reason, and it was the last straw.",anger
"My neighbor got charged twice for the same order, and slammed the door in anger.",anger
He hit a new personal record at the gym and couldn't stop smiling all day.,joy
"The crowd found hair in the meal at the restaurant, and had to look away in disgust.",disgust
So gross — my mom opened the fridge to a smell that made me gag.,disgust
"My roommate remembered the anniversary of the loss, and everything felt empty afterward.",sadness
"He opened the door to find an old friend waiting, and gasped in disbelief.",surprise
My best friend heard footsteps behind me on the dark street and froze in terror.,fear
"Our family was interrupted for the third time in a row, and it made my blood boil.",anger
"My mom found hair in the meal at the restaurant, gagging at the sight of it.",disgust
What a shock — the crowd opened the door to find an old friend waiting.,surprise
So frustrated — i discovered the contractor lied about the work.,anger
"My partner had the neighbor's dog ruin the garden again, and it felt completely unfair and enraging.",anger
"My mom heard the sad news about the layoffs, feeling completely heartbroken.",sadness
He failed the final exam after months of studying and couldn't hold back the tears.,sadness
"Our family saw the kitchen left in a filthy state, and could not stand to be in the room.",disgust
"I opened the fridge to find it fully stocked by a neighbor, totally caught off guard.",surprise
Our family was yelled at for no reason and was absolutely furious about it.,anger
"My coworker heard the sad news about the layoffs, feeling low for the rest of the day.",sadness
"My partner was blamed for a mistake I didn't make, and slammed the door in anger.",anger
"The whole class had my flight cancelled with no explanation, and I could not believe the audacity.",anger
"We watched the shadow move across the wall, terrified of what might happen next.",fear
"My dad saw the dirty dishes piled up for a week, and refused to touch anything after that.",disgust
"We found the bathroom left in a disgusting state after the party, and could not stand to be in the room.",disgust
"The crowd realized the relationship was over, and everything felt empty afterward.",sadness
"My brother got a call saying I'd won an award I never applied for, and it took a while to process the surprise.",surprise
"Our family was lied to right to my face, and it made my blood boil.",anger
"The kids watched the kids open their presents on Christmas morning, and it felt absolutely wonderful.",joy
"My brother packed away the belongings of someone I lost, feeling low for the rest of the day.",sadness
"My friend found a letter from someone I hadn't heard from in years, and was speechless for a moment.",surprise
"The crowd found out my coworker was secretly the author of the book, and gasped in disbelief.",surprise
"My coworker felt the boat rock violently in the storm, and my heart started racing with fear.",fear
"My best friend failed the final exam after months of studying, and a deep sadness settled in.",sadness
"The crowd felt the boat rock violently in the storm, and panic set in immediately.",fear
"The crowd got charged twice for the same order, and was seething with rage.",anger
It broke my heart when my neighbor failed the final exam after months of studying.,sadness
"The kids heard a strange noise in the empty house, and was too scared to move.",fear
What a joy — my neighbor won the small lottery prize.,joy
"My neighbor danced all night at the wedding, grinning from ear to ear.",joy
We got the call from the hospital in the middle of the night and froze in terror.,fear
So much happiness today because the whole class got accepted into my dream university.,joy
"The kids kept getting the same excuse over and over, and was seething with rage.",anger
"Our family found a letter from someone I hadn't heard from in years, and gasped in disbelief.",surprise
What a joy — she danced all night at the wedding.,joy
"My friend learned the whole trip was planned in secret, and it took a while to process the surprise.",surprise
"We had the neighbor's dog ruin the garden again, and I could not believe the audacity.",anger
"The crowd saw maggots in the trash can, and had to look away in disgust.",disgust
So frustrated — the kids sat through another broken promise.,anger
"My friend was overcharged and refused a refund, and I could not believe the audacity.",anger
"The team discovered a hidden room in the old house, and was speechless for a moment.",surprise
"The team heard the announcement that caught everyone off guard, and it took a while to process the surprise.",surprise
"My partner watched someone cut the line, and it was infuriating.",anger
It broke my heart when she watched the rain fall on an empty street.,sadness
The kids danced all night at the wedding and felt overjoyed about it.,joy
"The whole class watched the pile of dirty laundry grow mold in the corner, and had to look away in disgust.",disgust
"My partner discovered a hidden room in the old house, and jaw dropped in astonishment.",surprise
"My brother found a letter from someone I hadn't heard from in years, totally caught off guard.",surprise
"The kids couldn't say goodbye in time, and everything felt empty afterward.",sadness
"My friend missed the last train home in the rain, feeling completely heartbroken.",sadness
She danced all night at the wedding! Best day ever.,joy
My friend saw my favorite band live and felt overjoyed about it.,joy
"The crowd saw the smoke alarm go off at 3am, terrified of what might happen next.",fear
"The crowd watched the referee make an unfair call, and slammed the door in anger.",anger
"My mom saw someone litter directly on the beach, and could not stand to be in the room.",disgust
The whole class got a surprise visit from family and celebrated with everyone around.,joy
"My mom found out we were having twins, and gasped in disbelief.",surprise
The whole class watched the news report about the contaminated water supply and immediately felt sick to the stomach.,disgust
"My mom finished the marathon, and my heart felt so light.",joy
My sister watched someone spit on the sidewalk and immediately felt sick to the stomach.,disgust
"He noticed someone following the car for several blocks, shaking with fear the whole time.",fear
"I found mold growing in the leftover food, and it was absolutely repulsive.",disgust
The team found a cockroach crawling across the counter and immediately felt sick to the stomach.,disgust
I was mocked in front of everyone and was absolutely furious about it.,anger
"Our family realized the relationship was over, and the loneliness was overwhelming.",sadness
"My neighbor saw headlights speeding straight at us, and was too scared to move.",fear
My coworker heard the dog growl at something unseen in the yard and froze in terror.,fear
"My friend found out the trip got cancelled, and a heavy sorrow followed.",sadness
My mom felt the elevator jolt to a stop between floors and froze in terror.,fear
"My brother discovered a hidden room in the old house, and was speechless for a moment.",surprise
"My partner watched someone chew with their mouth wide open, gagging at the sight of it.",disgust
My friend couldn't say goodbye in time and couldn't hold back the tears.,sadness
So much happiness today because my partner saw my favorite band live.,joy
"My best friend hit a new personal record at the gym, and it felt absolutely wonderful.",joy
What a joy — the kids landed the job offer.,joy
"My boss read the goodbye letter one more time, and a heavy sorrow followed.",sadness
"My roommate watched the video of the unsanitary restaurant kitchen, and could not stand to be in the room.",disgust
"Our family spent the holiday alone this year, and the loneliness was overwhelming.",sadness
The whole class finally paid off all my debt and couldn't stop smiling all day.,joy
"My neighbor found out I was accepted a full year early, and it was the last thing anyone expected.",surprise
"We saw the kitchen left in a filthy state, gagging at the sight of it.",disgust
"She found the food crawling with ants, and could not stand to be in the room.",disgust
She saw maggots in the trash can and immediately felt sick to the stomach.,disgust
"My brother walked into a surprise party thrown by my friends, and jaw dropped in astonishment.",surprise
"My sister cancelled the trip we had planned together, and the loneliness was overwhelming.",sadness
"We watched the old photographs and felt the years slip by, and just wanted to be alone and cry.",sadness
"The kids saw the entire office decorated for my birthday, out of absolutely nowhere.",surprise
What a shock — he found out my coworker was secretly the author of the book.,surprise
"The whole class opened the door to find an old friend waiting, and it took a while to process the surprise.",surprise
"The whole class opened the door to find an old friend waiting, out of absolutely nowhere.",surprise
"My roommate saw someone litter directly on the beach, wrinkling my nose in disgust.",disgust
My dad received an unexpected gift and couldn't stop smiling all day.,joy
So much happiness today because he won the small lottery prize.,joy
"My coworker was lied to right to my face, and it made my blood boil.",anger
The kids adopted a puppy today and felt overjoyed about it.,joy
"Our family felt the ground shake during the earthquake, and my heart started racing with fear.",fear
"He saw the storm clouds rolling in fast, terrified of what might happen next.",fear
"I found the bathroom left in a disgusting state after the party, and it was utterly revolting.",disgust
"My friend opened the box to find something completely unexpected, and gasped in disbelief.",surprise
The kids got a call saying I'd won an award I never applied for and stood there completely stunned.,surprise
It broke my heart when our family sat alone in the empty apartment.,sadness
"My friend saw the smoke alarm go off at 3am, and a chill of dread ran down my spine.",fear
"We listened to our old song and felt hollow, and a heavy sorrow followed.",sadness
"The whole class had the neighbor's dog ruin the garden again, and was seething with rage.",anger
"I waited two hours for a refund that never came, and it felt completely unfair and enraging.",anger
"Our family was mocked in front of everyone, and slammed the door in anger.",anger
Our family saw maggots in the trash can and immediately felt sick to the stomach.,disgust
"My best friend saw the dirty dishes piled up for a week, and could not stand to be in the room.",disgust
"My friend landed the job offer, and it felt absolutely wonderful.",joy
"We was lied to right to my face, and I could not believe the audacity.",anger
It broke my heart when the kids read the goodbye letter one more time.,sadness
"My friend waited two hours for a refund that never came, and it was the last straw.",anger
"My coworker saw headlights speeding straight at us, and the fear was paralyzing.",fear
So gross — i found a cockroach crawling across the counter.,disgust
She heard the power go out during the thunderstorm and froze in terror.,fear
"My dad listened to our old song and felt hollow, feeling low for the rest of the day.",sadness
So frustrated — my coworker had my flight cancelled with no explanation.,anger
"My boss watched someone chew with their mouth wide open, wrinkling my nose in disgust.",disgust
"The whole class found the milk had gone sour and lumpy, and could not stand to be in the room.",disgust
"My brother found hair in the meal at the restaurant, wrinkling my nose in disgust.",disgust
"The whole class noticed someone following the car for several blocks, and couldn't shake the sense of danger.",fear
"The whole class waited two hours for a refund that never came, and snapped at everyone afterward.",anger
"My brother reunited with an old friend after years apart, grinning from ear to ear.",joy
"My best friend felt the elevator jolt to a stop between floors, shaking with fear the whole time.",fear
"My brother saw the kitchen left in a filthy state, and it was absolutely repulsive.",disgust
"My coworker sat through another broken promise, and snapped at everyone afterward.",anger
"The whole class found hair in the meal at the restaurant, and refused to touch anything after that.",disgust
"The crowd got a text saying we need to talk right away, and the fear was paralyzing.",fear
"My boss heard the announcement that caught everyone off guard, and gasped in disbelief.",surprise
"My friend got cut off in traffic again, and it was the last straw.",anger
"My sister heard the dog growl at something unseen in the yard, and panic set in immediately.",fear
"My sister couldn't say goodbye in time, and just wanted to be alone and cry.",sadness
"My brother got the call from the hospital in the middle of the night, and the fear was paralyzing.",fear
"My coworker watched the old photographs and felt the years slip by, feeling completely heartbroken.",sadness
"My sister finished the marathon, filled with pure happiness.",joy
"My roommate had my idea stolen and presented as someone else's, and it felt completely unfair and enraging.",anger
"Our family sat through another broken promise, and slammed the door in anger.",anger
"Our family discovered the contractor lied about the work, and it was the last straw.",anger
The crowd reunited with an old friend after years apart! Best day ever.,joy
"My neighbor cooked a meal that turned out perfectly, grinning from ear to ear.",joy
What a joy — the crowd got a surprise visit from family.,joy
"The crowd saw the entire office decorated for my birthday, and it took a while to process the surprise.",surprise
"We watched the kids open their presents on Christmas morning, filled with pure happiness.",joy
Our family ran into my old teacher at the airport and stood there completely stunned.,surprise
My coworker got a surprise visit from family and couldn't stop smiling all day.,joy
"I walked into a surprise party thrown by my friends, and it took a while to process the surprise.",surprise
What a joy — my coworker finally paid off all my debt.,joy
"The team watched the news about the approaching hurricane, and braced for the worst in anxious dread.",fear
"My coworker was lied to right to my face, and it felt completely unfair and enraging.",anger
"My brother watched someone spit on the sidewalk, and had to look away in disgust.",disgust
My partner saw the kitchen left in a filthy state and immediately felt sick to the stomach.,disgust
"The team was yelled at for no reason, and it was the last straw.",anger
"My best friend got an email saying the project was already approved, out of absolutely nowhere.",surprise
"My boss discovered the contractor lied about the work, and it was the last straw.",anger
"Our family sat through the funeral trying not to cry, and a heavy sorrow followed.",sadness
"My roommate noticed the rotten smell coming from under the sink, and it was utterly revolting.",disgust
"My boss heard the dog growl at something unseen in the yard, and couldn't shake the sense of danger.",fear
"My coworker watched the news about the approaching hurricane, and braced for the worst in anxious dread.",fear
"My sister heard the announcement that caught everyone off guard, and could hardly believe their eyes.",surprise
"My boss had to say goodbye to my childhood home, and everything felt empty afterward.",sadness
"She opened the fridge to a smell that made me gag, and it turned my stomach.",disgust
"She watched someone spit on the sidewalk, and had to look away in disgust.",disgust
"My brother sat through another broken promise, and it made my blood boil.",anger
"My neighbor heard the dog growl at something unseen in the yard, shaking with fear the whole time.",fear
"The team found hair in the meal at the restaurant, and could not stand to be in the room.",disgust
"My coworker missed the last train home in the rain, and a deep sadness settled in.",sadness
"My neighbor lost my job unexpectedly, and just wanted to be alone and cry.",sadness
"The kids heard the dog growl at something unseen in the yard, shaking with fear the whole time.",fear
"My best friend realized we were lost deep in the woods after dark, and panic set in immediately.",fear
"The whole class was ignored during the entire meeting, and was seething with rage.",anger
What a shock — the kids saw the entire office decorated for my birthday.,surprise
So much happiness today because my mom landed the job offer.,joy
So frustrated — my roommate was mocked in front of everyone.,anger
"My brother watched the underdog team win in the final second, and gasped in disbelief.",surprise
"My friend reunited with an old friend after years apart, and my heart felt so light.",joy
"My boss cooked a meal that turned out perfectly, and it felt absolutely wonderful.",joy
"I found mold growing in the leftover food, gagging at the sight of it.",disgust
"We got an email saying the project was already approved, totally caught off guard.",surprise
"The kids was lied to right to my face, and I could not believe the audacity.",anger
"My best friend listened to our old song and felt hollow, and it left a lasting ache.",sadness
"My dad discovered the twist ending nobody saw coming, and it took a while to process the surprise.",surprise
So frustrated — my boss watched the referee make an unfair call.,anger
"We watched the referee make an unfair call, and was seething with rage.",anger
So gross — my mom saw someone litter directly on the beach.,disgust
"My roommate heard someone try the locked door handle at night, and a chill of dread ran down my spine.",fear
So much happiness today because we received an unexpected gift.,joy
"My dad was interrupted for the third time in a row, and it was the last straw.",anger
"My sister heard footsteps behind me on the dark street, and the fear was paralyzing.",fear
"My boss watched the referee make an unfair call, and snapped at everyone afterward.",anger
"My partner heard the sad news about the layoffs, and it left a lasting ache.",sadness
My dad found mold growing in the leftover food and immediately felt sick to the stomach.,disgust
"My roommate was blamed for a mistake I didn't make, and it made my blood boil.",anger
"My roommate missed the last train home in the rain, feeling low for the rest of the day.",sadness
"The crowd watched the rain fall on an empty street, and it left a lasting ache.",sadness
"My brother finally paid off all my debt, and it felt absolutely wonderful.",joy
What a shock — my neighbor got an email saying the project was already approved.,surprise
"The team watched the video of the unsanitary restaurant kitchen, and it was utterly revolting.",disgust
"My partner felt the boat rock violently in the storm, and was too scared to move.",fear
"Our family discovered the contractor lied about the work, and it made my blood boil.",anger
"My partner felt the elevator jolt to a stop between floors, and a chill of dread ran down my spine.",fear
"My brother felt the ground shake during the earthquake, and the fear was paralyzing.",fear
"He found the bathroom left in a disgusting state after the party, and had to look away in disgust.",disgust
"My roommate opened a birthday present early, and my heart felt so light.",joy
"The team cancelled the trip we had planned together, and a deep sadness settled in.",sadness
"My sister lost my grandmother last week, feeling completely heartbroken.",sadness
"My boss watched the news about the approaching hurricane, and a chill of dread ran down my spine.",fear
"My roommate watched the old photographs and felt the years slip by, and the loneliness was overwhelming.",sadness
"My roommate got cut off in traffic again, and it made my blood boil.",anger
"My mom watched the shadow move across the wall, and my heart started racing with fear.",fear
"My roommate got charged twice for the same order, and it was infuriating.",anger
"My partner ran into my old teacher at the airport, and was speechless for a moment.",surprise
"Our family kept getting the same excuse over and over, and it was infuriating.",anger
"My partner watched the news about the approaching hurricane, and my heart started racing with fear.",fear
So much happiness today because he cooked a meal that turned out perfectly.,joy
"The kids noticed someone following the car for several blocks, and couldn't shake the sense of danger.",fear
"My friend felt the boat rock violently in the storm, and my heart started racing with fear.",fear
"My boss discovered the contractor lied about the work, and was seething with rage.",anger
"My partner was overcharged and refused a refund, and it was the last straw.",anger
"My partner opened the door to find an old friend waiting, and it was the last thing anyone expected.",surprise
"The kids noticed someone following the car for several blocks, and panic set in immediately.",fear
"My best friend saw the kitchen left in a filthy state, and could not stand to be in the room.",disgust
"The crowd saw the dirty dishes piled up for a week, gagging at the sight of it.",disgust
"The kids realized the relationship was over, and the loneliness was overwhelming.",sadness
"My coworker heard the dog growl at something unseen in the yard, and my heart started racing with fear.",fear
"My roommate saw the storm clouds rolling in fast, and a chill of dread ran down my spine.",fear
"My mom watched someone chew with their mouth wide open, and could not stand to be in the room.",disgust
"My mom listened to our old song and felt hollow, and a deep sadness settled in.",sadness
My boss opened the box to find something completely unexpected and stood there completely stunned.,surprise
"My roommate found the bathroom left in a disgusting state after the party, and it was utterly revolting.",disgust
"My partner walked into a surprise party thrown by my friends, and jaw dropped in astonishment.",surprise
"My dad landed the job offer, filled with pure happiness.",joy
It broke my heart when my dad listened to our old song and felt hollow.,sadness
"My sister hit a new personal record at the gym, and my heart felt so light.",joy
"She felt the ground shake during the earthquake, and was too scared to move.",fear
"My neighbor smelled the garbage that had been sitting out for days, and refused to touch anything after that.",disgust
"Our family heard the announcement that caught everyone off guard, and jaw dropped in astonishment.",surprise
"My dad planted a garden that's finally blooming, grinning from ear to ear.",joy
"She got the call from the hospital in the middle of the night, and was too scared to move.",fear
"Our family was yelled at for no reason, and it was the last straw.",anger
"He saw my favorite band live, grinning from ear to ear.",joy
"My boss got the promotion I've been working towards, grinning from ear to ear.",joy
My partner learned the whole trip was planned in secret and stood there completely stunned.,surprise
What a shock — the whole class found out the rumor was actually true.,surprise
"My friend felt the boat rock violently in the storm, and panic set in immediately.",fear
My neighbor got an email saying the project was already approved and stood there completely stunned.,surprise
"My boss got a text saying we need to talk right away, and my heart started racing with fear.",fear
"My partner found the package smashed after waiting all week, and it felt completely unfair and enraging.",anger
"My dad waited for the biopsy results, and the fear was paralyzing.",fear
So gross — my dad saw the overflowing public restroom.,disgust
"Our family ran into my old teacher at the airport, and it was the last thing anyone expected.",surprise
"My dad cancelled the trip we had planned together, and a heavy sorrow followed.",sadness
"My mom discovered the twist ending nobody saw coming, totally caught off guard.",surprise
So gross — my partner found mold growing in the leftover food.,disgust
My mom hit a new personal record at the gym and felt overjoyed about it.,joy
"My neighbor noticed the rotten smell coming from under the sink, and had to look away in disgust.",disgust
"My boss felt the elevator jolt to a stop between floors, and was too scared to move.",fear
"My best friend found out the rumor was actually true, and was speechless for a moment.",surprise
"He realized we were lost deep in the woods after dark, and was too scared to move.",fear
"He spent the holiday alone this year, and a heavy sorrow followed.",sadness
"My best friend got accepted into my dream university, and it felt absolutely wonderful.",joy
The whole class adopted a puppy today and celebrated with everyone around.,joy
"My brother opened the fridge to a smell that made me gag, and it turned my stomach.",disgust
"The whole class reunited with an old friend after years apart, and it felt absolutely wonderful.",joy
"My mom found out my trust was betrayed, and it was infuriating.",anger
"My sister saw the storm clouds rolling in fast, and the fear was paralyzing.",fear
"She found out we were having twins, and gasped in disbelief.",surprise
"My dad saw the overflowing public restroom, gagging at the sight of it.",disgust
"The whole class discovered the contractor lied about the work, and it made my blood boil.",anger
"The whole class got charged twice for the same order, and it was the last straw.",anger
"My best friend felt the boat rock violently in the storm, and braced for the worst in anxious dread.",fear
"The team watched my best friend move away, and just wanted to be alone and cry.",sadness
"My partner discovered the twist ending nobody saw coming, and jaw dropped in astonishment.",surprise
"My dad found out the rumor was actually true, and gasped in disbelief.",surprise
"My brother got a call saying I'd won an award I never applied for, and could hardly believe their eyes.",surprise
My partner watched the kids open their presents on Christmas morning and couldn't stop smiling all day.,joy
"My roommate found mold growing in the leftover food, gagging at the sight of it.",disgust
"The crowd found the milk had gone sour and lumpy, wrinkling my nose in disgust.",disgust
"My neighbor sat through the funeral trying not to cry, feeling low for the rest of the day.",sadness
"My boss found out my trust was betrayed, and it was infuriating.",anger
"My dad packed away the belongings of someone I lost, and everything felt empty afterward.",sadness
"My best friend landed the job offer, and my heart felt so light.",joy
"My partner got a surprise visit from family, grinning from ear to ear.",joy
"My dad watched the shadow move across the wall, and couldn't shake the sense of danger.",fear
My sister opened the fridge to a smell that made me gag and immediately felt sick to the stomach.,disgust
What a shock — our family got a call saying I'd won an award I never applied for.,surprise
"My best friend sat alone in the empty apartment, and a heavy sorrow followed.",sadness
"He felt the elevator jolt to a stop between floors, and the fear was paralyzing.",fear
"My roommate found a cockroach crawling across the counter, and had to look away in disgust.",disgust
It broke my heart when my best friend lost my grandmother last week.,sadness
"My coworker found out my trust was betrayed, and slammed the door in anger.",anger
"Our family discovered the twist ending nobody saw coming, totally caught off guard.",surprise
The kids found the package smashed after waiting all week and was absolutely furious about it.,anger
"My dad heard footsteps behind me on the dark street, and the fear was paralyzing.",fear
"My partner smelled the garbage that had been sitting out for days, and it was utterly revolting.",disgust
I saw someone litter directly on the beach and immediately felt sick to the stomach.,disgust
"My roommate felt the plane shake violently in turbulence, and braced for the worst in anxious dread.",fear
"My coworker saw the overflowing public restroom, and refused to touch anything after that.",disgust
"My friend hit a new personal record at the gym, and it felt absolutely wonderful.",joy
"My mom saw headlights speeding straight at us, and was too scared to move.",fear
"My dad read the goodbye letter one more time, and everything felt empty afterward.",sadness
"The crowd waited two hours for a refund that never came, and it felt completely unfair and enraging.",anger
"We heard someone try the locked door handle at night, and the fear was paralyzing.",fear
"My boss watched the old photographs and felt the years slip by, feeling low for the rest of the day.",sadness
I discovered a hidden room in the old house and stood there completely stunned.,surprise
"I watched the news about the approaching hurricane, shaking with fear the whole time.",fear
So much happiness today because my friend watched the kids open their presents on Christmas morning.,joy
"My neighbor found hair in the meal at the restaurant, and could not stand to be in the room.",disgust
"Our family heard the power go out during the thunderstorm, and was too scared to move.",fear
"My neighbor received an unexpected gift, filled with pure happiness.",joy
"My friend found out my trust was betrayed, and I could not believe the audacity.",anger
"My coworker watched the referee make an unfair call, and I could not believe the audacity.",anger
"We lost my grandmother last week, feeling completely heartbroken.",sadness
"She watched the old photographs and felt the years slip by, and a deep sadness settled in.",sadness
"My dad ran into my old teacher at the airport, and jaw dropped in astonishment.",surprise
"My sister found mold growing in the leftover food, wrinkling my nose in disgust.",disgust
"She got a surprise visit from family, grinning from ear to ear.",joy
It broke my heart when my sister had to say goodbye to my childhood home.,sadness
"She finished the marathon, and it felt absolutely wonderful.",joy
"My mom found the food crawling with ants, and it turned my stomach.",disgust
"Our family adopted a puppy today, filled with pure happiness.",joy
"My partner landed the job offer, and it felt absolutely wonderful.",joy
"My neighbor opened the door to find an old friend waiting, out of absolutely nowhere.",surprise
"I heard the announcement that caught everyone off guard, totally caught off guard.",surprise
"My mom watched the rain fall on an empty street, and just wanted to be alone and cry.",sadness
"My roommate had to say goodbye to my childhood home, feeling low for the rest of the day.",sadness
"The team found the food crawling with ants, and it was absolutely repulsive.",disgust
"She reunited with an old friend after years apart, and my heart felt so light.",joy
"The team opened the fridge to find it fully stocked by a neighbor, and it took a while to process the surprise.",surprise
"My roommate watched the sunrise on the beach, filled with pure happiness.",joy
"She failed the final exam after months of studying, feeling completely heartbroken.",sadness
"My friend saw headlights speeding straight at us, and couldn't shake the sense of danger.",fear
"My coworker sat through another broken promise, and it made my blood boil.",anger
What a joy — we spent the whole day laughing with friends.,joy
"The team watched the referee make an unfair call, and it was the last straw.",anger
"She ran into my old teacher at the airport, and it took a while to process the surprise.",surprise
My partner reunited with an old friend after years apart and couldn't stop smiling all day.,joy
What a joy — the team received an unexpected gift.,joy
My dad finished the marathon and celebrated with everyone around.,joy
"The crowd watched the shadow move across the wall, and the fear was paralyzing.",fear
"My best friend walked into a surprise party thrown by my friends, and gasped in disbelief.",surprise
"She saw the overflowing public restroom, and could not stand to be in the room.",disgust
"My dad heard the dog growl at something unseen in the yard, and was too scared to move.",fear
"The crowd saw the check engine light flash on the highway, and my heart started racing with fear.",fear
My boss watched the video of the unsanitary restaurant kitchen and immediately felt sick to the stomach.,disgust
"Our family got a text saying we need to talk right away, and couldn't shake the sense of danger.",fear
"My mom watched someone cut the line, and was seething with rage.",anger
My mom landed the job offer and celebrated with everyone around.,joy
"My best friend listened to our old song and felt hollow, feeling completely heartbroken.",sadness
"My coworker found a cockroach crawling across the counter, and it was absolutely repulsive.",disgust
The whole class opened the fridge to find it fully stocked by a neighbor and stood there completely stunned.,surprise
"The kids heard the sad news about the layoffs, and a heavy sorrow followed.",sadness
"The crowd saw fireworks go off out of nowhere, and jaw dropped in astonishment.",surprise
"My best friend found the milk had gone sour and lumpy, and had to look away in disgust.",disgust
"The team had my idea stolen and presented as someone else's, and slammed the door in anger.",anger
So gross — my brother saw someone litter directly on the beach.,disgust
"I watched the sunrise on the beach, grinning from ear to ear.",joy
"My mom opened a birthday present early, and it felt absolutely wonderful.",joy
"My mom discovered a hidden room in the old house, and gasped in disbelief.",surprise
My dad sat through the funeral trying not to cry and couldn't hold back the tears.,sadness
"We saw the check engine light flash on the highway, and braced for the worst in anxious dread.",fear
My dad found a letter from someone I hadn't heard from in years and stood there completely stunned.,surprise
"My roommate heard the power go out during the thunderstorm, and couldn't shake the sense of danger.",fear
"Our family saw the kitchen left in a filthy state, gagging at the sight of it.",disgust
"Our family remembered the anniversary of the loss, feeling low for the rest of the day.",sadness
"My best friend saw maggots in the trash can, and could not stand to be in the room.",disgust
"The team planted a garden that's finally blooming, and it felt absolutely wonderful.",joy
"My partner watched the rain fall on an empty street, and a deep sadness settled in.",sadness
"My coworker saw the overflowing public restroom, and it was absolutely repulsive.",disgust
"I found the food crawling with ants, and could not stand to be in the room.",disgust
My best friend couldn't say goodbye in time and couldn't hold back the tears.,sadness
My mom saw my favorite band live and celebrated with everyone around.,joy
"I watched someone chew with their mouth wide open, wrinkling my nose in disgust.",disgust
"My brother watched the rain fall on an empty street, feeling completely heartbroken.",sadness
"The kids was blamed for a mistake I didn't make, and slammed the door in anger.",anger
"My neighbor got a surprise visit from family, and it felt absolutely wonderful.",joy
"My sister sat through the funeral trying not to cry, feeling low for the rest of the day.",sadness
"Our family learned the whole trip was planned in secret, out of absolutely nowhere.",surprise
"My friend saw someone litter directly on the beach, and it was utterly revolting.",disgust
What a shock — my coworker found a stranger had paid for our whole meal.,surprise
"The kids felt the boat rock violently in the storm, and was too scared to move.",fear
"The whole class noticed the rotten smell coming from under the sink, wrinkling my nose in disgust.",disgust
The kids cooked a meal that turned out perfectly! Best day ever.,joy
My dad discovered the contractor lied about the work and was absolutely furious about it.,anger
"Our family saw headlights speeding straight at us, shaking with fear the whole time.",fear
"The kids found out I was accepted a full year early, and gasped in disbelief.",surprise
The kids spent the whole day laughing with friends and felt overjoyed about it.,joy
What a joy — the team opened a birthday present early.,joy
"My coworker found the package smashed after waiting all week, and it was the last straw.",anger
"My coworker noticed someone following the car for several blocks, and was too scared to move.",fear
"My best friend walked into a surprise party thrown by my friends, out of absolutely nowhere.",surprise
"My best friend discovered the twist ending nobody saw coming, and could hardly believe their eyes.",surprise
"He found out the rumor was actually true, and it took a while to process the surprise.",surprise
The team got cut off in traffic again and was absolutely furious about it.,anger
"My neighbor danced all night at the wedding, and it felt absolutely wonderful.",joy
What a shock — my sister found a letter from someone I hadn't heard from in years.,surprise
My brother felt the boat rock violently in the storm and froze in terror.,fear
"My boss felt the plane shake violently in turbulence, shaking with fear the whole time.",fear
"My mom watched the old photographs and felt the years slip by, and a heavy sorrow followed.",sadness
"My friend got cut off in traffic again, and snapped at everyone afterward.",anger
"My sister ran into my old teacher at the airport, and jaw dropped in astonishment.",surprise
"My best friend heard the announcement that caught everyone off guard, and could hardly believe their eyes.",surprise
"My neighbor watched someone spit on the sidewalk, and it was utterly revolting.",disgust
"My roommate smelled the garbage that had been sitting out for days, and could not stand to be in the room.",disgust
My boss spent the whole day laughing with friends! Best day ever.,joy
"My neighbor saw the overflowing public restroom, and could not stand to be in the room.",disgust
"The whole class heard the dog growl at something unseen in the yard, and a chill of dread ran down my spine.",fear
"My dad watched someone cut the line, and snapped at everyone afterward.",anger
"My roommate heard someone try the locked door handle at night, and panic set in immediately.",fear
"My coworker got the call from the hospital in the middle of the night, and couldn't shake the sense of danger.",fear
"The team had to say goodbye to my childhood home, and everything felt empty afterward.",sadness
The team was lied to right to my face and was absolutely furious about it.,anger
I realized we were lost deep in the woods after dark and froze in terror.,fear
"The kids noticed the mildew smell coming from the carpet, and it turned my stomach.",disgust
"My sister watched the news report about the contaminated water supply, gagging at the sight of it.",disgust
"He watched someone spit on the sidewalk, and refused to touch anything after that.",disgust
"He was lied to right to my face, and slammed the door in anger.",anger
My sister saw the dirty dishes piled up for a week and immediately felt sick to the stomach.,disgust
"My partner was ignored during the entire meeting, and slammed the door in anger.",anger
"My sister found a stranger had paid for our whole meal, and jaw dropped in astonishment.",surprise
"My neighbor got charged twice for the same order, and was seething with rage.",anger
"I saw the storm clouds rolling in fast, and couldn't shake the sense of danger.",fear
It broke my heart when he sat through the funeral trying not to cry.,sadness
"The crowd couldn't say goodbye in time, and it left a lasting ache.",sadness
So much happiness today because my boss landed the job offer.,joy
"She hit a new personal record at the gym, and it felt absolutely wonderful.",joy
My partner found the food crawling with ants and immediately felt sick to the stomach.,disgust
The crowd finally paid off all my debt and celebrated with everyone around.,joy
"The kids saw someone litter directly on the beach, and it was utterly revolting.",disgust
"My dad found out the trip got cancelled, feeling low for the rest of the day.",sadness
"My brother saw fireworks go off out of nowhere, and gasped in disbelief.",surprise
"She listened to our old song and felt hollow, and a heavy sorrow followed.",sadness
"My coworker saw the dirty dishes piled up for a week, and could not stand to be in the room.",disgust
"We packed away the belongings of someone I lost, and everything felt empty afterward.",sadness
"My coworker got the promotion I've been working towards, grinning from ear to ear.",joy
"The kids sat through the funeral trying not to cry, feeling completely heartbroken.",sadness
"My coworker felt the plane shake violently in turbulence, and the fear was paralyzing.",fear
I received an unexpected gift and couldn't stop smiling all day.,joy
My friend danced all night at the wedding and felt overjoyed about it.,joy
"My dad watched the shadow move across the wall, and panic set in immediately.",fear
"My best friend found out the rumor was actually true, out of absolutely nowhere.",surprise
"My partner heard the announcement that caught everyone off guard, totally caught off guard.",surprise
"We opened the door to find an old friend waiting, and gasped in disbelief.",surprise
"My friend remembered the anniversary of the loss, and it left a lasting ache.",sadness
"He watched the news about the approaching hurricane, shaking with fear the whole time.",fear
So gross — the kids found hair in the meal at the restaurant.,disgust
"My neighbor opened the box to find something completely unexpected, and jaw dropped in astonishment.",surprise
My boss noticed the mildew smell coming from the carpet and immediately felt sick to the stomach.,disgust
"My dad watched the rain fall on an empty street, and just wanted to be alone and cry.",sadness
My brother hit a new personal record at the gym! Best day ever.,joy
"Our family found a stranger had paid for our whole meal, and was speechless for a moment.",surprise
My coworker watched the sunrise on the beach and celebrated with everyone around.,joy
It broke my heart when my neighbor missed the last train home in the rain.,sadness
"My boss sat through another broken promise, and it was the last straw.",anger
"The kids had my idea stolen and presented as someone else's, and it was infuriating.",anger
What a shock — our family found a letter from someone I hadn't heard from in years.,surprise
My dad lost my grandmother last week and couldn't hold back the tears.,sadness
"The whole class saw the kitchen left in a filthy state, wrinkling my nose in disgust.",disgust
"The crowd found out I passed the exam, and it felt absolutely wonderful.",joy
"My partner remembered the anniversary of the loss, and a deep sadness settled in.",sadness
"My friend found the milk had gone sour and lumpy, and refused to touch anything after that.",disgust
"The team sat through the funeral trying not to cry, feeling completely heartbroken.",sadness
"She found the milk had gone sour and lumpy, and refused to touch anything after that.",disgust
"The kids felt the plane shake violently in turbulence, and was too scared to move.",fear
"My neighbor sat through the funeral trying not to cry, feeling completely heartbroken.",sadness
"My dad watched the kids open their presents on Christmas morning, filled with pure happiness.",joy
My boss found the food crawling with ants and immediately felt sick to the stomach.,disgust
"My roommate was ignored during the entire meeting, and slammed the door in anger.",anger
"My mom failed the final exam after months of studying, and it left a lasting ache.",sadness
"My mom opened the fridge to find it fully stocked by a neighbor, and it was the last thing anyone expected.",surprise
"My dad watched someone chew with their mouth wide open, and could not stand to be in the room.",disgust
So much happiness today because the kids opened a birthday present early.,joy
"The kids found the bathroom left in a disgusting state after the party, and could not stand to be in the room.",disgust
"My neighbor found the food crawling with ants, and had to look away in disgust.",disgust
"My dad was ignored during the entire meeting, and slammed the door in anger.",anger
"The whole class found out my coworker was secretly the author of the book, and was speechless for a moment.",surprise
"My mom ran into my old teacher at the airport, and it was the last thing anyone expected.",surprise
"The whole class danced all night at the wedding, and my heart felt so light.",joy
"Our family heard a strange noise in the empty house, and a chill of dread ran down my spine.",fear
"The team found out we were having twins, and it was the last thing anyone expected.",surprise
We sat through the funeral trying not to cry and couldn't hold back the tears.,sadness
"The team found a letter from someone I hadn't heard from in years, and it took a while to process the surprise.",surprise
So frustrated — my boss got cut off in traffic again.,anger
"My mom found a stranger had paid for our whole meal, out of absolutely nowhere.",surprise
"Our family found out I was accepted a full year early, and could hardly believe their eyes.",surprise
So frustrated — my brother was ignored during the entire meeting.,anger
"We got an email saying the project was already approved, and could hardly believe their eyes.",surprise
"My neighbor noticed the mildew smell coming from the carpet, and refused to touch anything after that.",disgust
My partner got an email saying the project was already approved and stood there completely stunned.,surprise
"My boss spent the holiday alone this year, and a deep sadness settled in.",sadness
"Our family waited two hours for a refund that never came, and it was the last straw.",anger
It broke my heart when the crowd spent the holiday alone this year.,sadness
"My partner hit a new personal record at the gym, and it felt absolutely wonderful.",joy
He listened to our old song and felt hollow and couldn't hold back the tears.,sadness
"My dad found the package smashed after waiting all week, and I could not believe the audacity.",anger
"My roommate heard the dog growl at something unseen in the yard, and braced for the worst in anxious dread.",fear
"My brother noticed the mildew smell coming from the carpet, and had to look away in disgust.",disgust
"My roommate watched the pile of dirty laundry grow mold in the corner, and it was absolutely repulsive.",disgust
"We got a text saying we need to talk right away, shaking with fear the whole time.",fear
"My neighbor read the goodbye letter one more time, and just wanted to be alone and cry.",sadness
So gross — my brother noticed the rotten smell coming from under the sink.,disgust
"The team realized the relationship was over, and a heavy sorrow followed.",sadness
"I found the milk had gone sour and lumpy, and could not stand to be in the room.",disgust
"My mom heard footsteps behind me on the dark street, and braced for the worst in anxious dread.",fear
So gross — my roommate watched someone spit on the sidewalk.,disgust
"My best friend planted a garden that's finally blooming, grinning from ear to ear.",joy
"The crowd found the milk had gone sour and lumpy, and could not stand to be in the room.",disgust
"The crowd heard the announcement that caught everyone off guard, and was speechless for a moment.",surprise
"My neighbor cooked a meal that turned out perfectly, and it felt absolutely wonderful.",joy
"The team saw the overflowing public restroom, and had to look away in disgust.",disgust
"My sister sat through the funeral trying not to cry, and everything felt empty afterward.",sadness
"The team watched the news about the approaching hurricane, and my heart started racing with fear.",fear
My coworker watched the news report about the contaminated water supply and immediately felt sick to the stomach.,disgust
What a shock — my dad opened the fridge to find it fully stocked by a neighbor.,surprise
"Our family smelled the garbage that had been sitting out for days, and had to look away in disgust.",disgust
"My coworker saw my favorite band live, filled with pure happiness.",joy
"The team watched the news about the approaching hurricane, and was too scared to move.",fear
"He planted a garden that's finally blooming, and my heart felt so light.",joy
So frustrated — my mom watched the referee make an unfair call.,anger
"My best friend failed the final exam after months of studying, and it left a lasting ache.",sadness
"She watched someone cut the line, and I could not believe the audacity.",anger
"The team realized we were lost deep in the woods after dark, terrified of what might happen next.",fear
We discovered the twist ending nobody saw coming and stood there completely stunned.,surprise
"My dad saw the kitchen left in a filthy state, and refused to touch anything after that.",disgust
"My best friend found out we were having twins, and gasped in disbelief.",surprise
It broke my heart when the team missed the last train home in the rain.,sadness
My dad watched the old photographs and felt the years slip by and couldn't hold back the tears.,sadness
"My best friend saw the check engine light flash on the highway, and couldn't shake the sense of danger.",fear
"My mom watched the rain fall on an empty street, and everything felt empty afterward.",sadness
My partner was yelled at for no reason and was absolutely furious about it.,anger
"I packed away the belongings of someone I lost, and it left a lasting ache.",sadness
"My best friend cancelled the trip we had planned together, and a deep sadness settled in.",sadness
The whole class finally paid off all my debt and celebrated with everyone around.,joy
We found hair in the meal at the restaurant and immediately felt sick to the stomach.,disgust
It broke my heart when the team found out the trip got cancelled.,sadness
My roommate watched the kids open their presents on Christmas morning and felt overjoyed about it.,joy
The team got a surprise visit from family and felt overjoyed about it.,joy
"We felt the elevator jolt to a stop between floors, terrified of what might happen next.",fear
"She got the call from the hospital in the middle of the night, and braced for the worst in anxious dread.",fear
"My friend watched the news report about the contaminated water supply, and refused to touch anything after that.",disgust
"My best friend was blamed for a mistake I didn't make, and snapped at everyone afterward.",anger
"We felt the elevator jolt to a stop between floors, and panic set in immediately.",fear
What a shock — the team found a stranger had paid for our whole meal.,surprise
"My brother cancelled the trip we had planned together, feeling low for the rest of the day.",sadness
"My dad lost my grandmother last week, feeling completely heartbroken.",sadness
She opened the fridge to a smell that made me gag and immediately felt sick to the stomach.,disgust
"My boss saw the smoke alarm go off at 3am, and my heart started racing with fear.",fear
"My mom heard footsteps behind me on the dark street, and panic set in immediately.",fear
"My partner watched the pile of dirty laundry grow mold in the corner, gagging at the sight of it.",disgust
"She watched the rain fall on an empty street, and just wanted to be alone and cry.",sadness
What a joy — i got a surprise visit from family.,joy
"She spent the holiday alone this year, and a heavy sorrow followed.",sadness
"My best friend was overcharged and refused a refund, and snapped at everyone afterward.",anger
My roommate saw the storm clouds rolling in fast and froze in terror.,fear
"My coworker opened the fridge to find it fully stocked by a neighbor, and it took a while to process the surprise.",surprise
"I remembered the anniversary of the loss, feeling completely heartbroken.",sadness
"We watched the rain fall on an empty street, and a heavy sorrow followed.",sadness
So gross — my friend found mold growing in the leftover food.,disgust
What a joy — my brother got a surprise visit from family.,joy
"She watched the news about the approaching hurricane, and a chill of dread ran down my spine.",fear
"The whole class sat through another broken promise, and it felt completely unfair and enraging.",anger
My sister saw maggots in the trash can and immediately felt sick to the stomach.,disgust
"My boss saw the dirty dishes piled up for a week, and it turned my stomach.",disgust
"Our family watched the video of the unsanitary restaurant kitchen, and refused to touch anything after that.",disgust
"We heard the dog growl at something unseen in the yard, and couldn't shake the sense of danger.",fear
What a joy — she watched the kids open their presents on Christmas morning.,joy
My neighbor got a surprise visit from family and celebrated with everyone around.,joy
"My sister ran into my old teacher at the airport, and it took a while to process the surprise.",surprise
"The crowd sat through another broken promise, and it felt completely unfair and enraging.",anger
"The crowd got the call from the hospital in the middle of the night, shaking with fear the whole time.",fear
What a shock — the whole class saw fireworks go off out of nowhere.,surprise
What a shock — my sister found out my coworker was secretly the author of the book.,surprise
"My coworker got accepted into my dream university, and my heart felt so light.",joy
What a shock — my partner watched the underdog team win in the final second.,surprise
My brother reunited with an old friend after years apart and felt overjoyed about it.,joy
My partner danced all night at the wedding and felt overjoyed about it.,joy
"Our family watched the rain fall on an empty street, and a heavy sorrow followed.",sadness
What a joy — the whole class opened a birthday present early.,joy
"The whole class found out the rumor was actually true, and it took a while to process the surprise.",surprise
"The kids watched the rain fall on an empty street, and just wanted to be alone and cry.",sadness
"The team found out my coworker was secretly the author of the book, and it was the last thing anyone expected.",surprise
It broke my heart when he lost my job unexpectedly.,sadness
"My sister heard the power go out during the thunderstorm, and a chill of dread ran down my spine.",fear
"The kids discovered the contractor lied about the work, and was seething with rage.",anger
Our family landed the job offer and felt overjoyed about it.,joy
"My sister kept getting the same excuse over and over, and snapped at everyone afterward.",anger
"My dad packed away the belongings of someone I lost, and a deep sadness settled in.",sadness
"My friend heard the sad news about the layoffs, feeling low for the rest of the day.",sadness
"My dad got the promotion I've been working towards, and my heart felt so light.",joy
"The crowd was mocked in front of everyone, and it was infuriating.",anger
"The crowd watched someone spit on the sidewalk, and had to look away in disgust.",disgust
"My sister was ignored during the entire meeting, and slammed the door in anger.",anger
The team was interrupted for the third time in a row and was absolutely furious about it.,anger
"My neighbor was blamed for a mistake I didn't make, and was seething with rage.",anger
"My friend watched the underdog team win in the final second, totally caught off guard.",surprise
"I saw the entire office decorated for my birthday, and was speechless for a moment.",surprise
We was interrupted for the third time in a row and was absolutely furious about it.,anger
My coworker watched the referee make an unfair call and was absolutely furious about it.,anger
"My friend had my idea stolen and presented as someone else's, and slammed the door in anger.",anger
"My dad realized we were lost deep in the woods after dark, and my heart started racing with fear.",fear
It broke my heart when my roommate watched my best friend move away.,sadness
"The team had my flight cancelled with no explanation, and it was infuriating.",anger
Our family found the food crawling with ants and immediately felt sick to the stomach.,disgust
"My roommate was yelled at for no reason, and it was infuriating.",anger
"She saw someone litter directly on the beach, and it was utterly revolting.",disgust
"My roommate noticed the mildew smell coming from the carpet, and refused to touch anything after that.",disgust
"The kids got charged twice for the same order, and slammed the door in anger.",anger
"Our family watched the video of the unsanitary restaurant kitchen, wrinkling my nose in disgust.",disgust
"My boss got the call from the hospital in the middle of the night, and couldn't shake the sense of danger.",fear
So gross — the kids watched the pile of dirty laundry grow mold in the corner.,disgust
"My brother saw maggots in the trash can, and it was absolutely repulsive.",disgust
My boss opened the door to find an old friend waiting and stood there completely stunned.,surprise
So gross — my boss saw maggots in the trash can.,disgust
My coworker watched someone chew with their mouth wide open and immediately felt sick to the stomach.,disgust
"The whole class heard someone try the locked door handle at night, and couldn't shake the sense of danger.",fear
"The whole class watched someone chew with their mouth wide open, and had to look away in disgust.",disgust
"My friend felt the elevator jolt to a stop between floors, and was too scared to move.",fear
"He kept getting the same excuse over and over, and was seething with rage.",anger
"We found the package smashed after waiting all week, and slammed the door in anger.",anger
"She got a surprise visit from family, and it felt absolutely wonderful.",joy
"My neighbor found out my trust was betrayed, and it was the last straw.",anger
Our family was blamed for a mistake I didn't make and was absolutely furious about it.,anger
"My friend found out we were having twins, out of absolutely nowhere.",surprise
"My sister watched my best friend move away, and a deep sadness settled in.",sadness
"He saw the smoke alarm go off at 3am, and couldn't shake the sense of danger.",fear
"She watched the underdog team win in the final second, and gasped in disbelief.",surprise
"She sat alone in the empty apartment, and a deep sadness settled in.",sadness
"My neighbor cancelled the trip we had planned together, and everything felt empty afterward.",sadness
It broke my heart when the whole class sat through the funeral trying not to cry.,sadness
"I heard footsteps behind me on the dark street, terrified of what might happen next.",fear
"My coworker watched the news report about the contaminated water supply, and refused to touch anything after that.",disgust
"My partner watched the old photographs and felt the years slip by, and just wanted to be alone and cry.",sadness
"We watched the video of the unsanitary restaurant kitchen, wrinkling my nose in disgust.",disgust
"We saw fireworks go off out of nowhere, and it was the last thing anyone expected.",surprise
"My neighbor saw the overflowing public restroom, and it was utterly revolting.",disgust
"The team saw the overflowing public restroom, and could not stand to be in the room.",disgust
"The crowd lost my grandmother last week, and just wanted to be alone and cry.",sadness
"My boss sat through another broken promise, and was seething with rage.",anger
"My coworker waited two hours for a refund that never came, and I could not believe the audacity.",anger
"I saw the storm clouds rolling in fast, and was too scared to move.",fear
"The whole class saw the overflowing public restroom, and it was utterly revolting.",disgust
"He saw the check engine light flash on the highway, and couldn't shake the sense of danger.",fear
"My mom lost my grandmother last week, and a deep sadness settled in.",sadness
My partner found hair in the meal at the restaurant and immediately felt sick to the stomach.,disgust
"The kids opened the fridge to find it fully stocked by a neighbor, totally caught off guard.",surprise
What a shock — my neighbor opened the box to find something completely unexpected.,surprise
My roommate learned the whole trip was planned in secret and stood there completely stunned.,surprise
"We learned the whole trip was planned in secret, out of absolutely nowhere.",surprise
"The kids had my flight cancelled with no explanation, and was seething with rage.",anger
"He walked into a surprise party thrown by my friends, and it was the last thing anyone expected.",surprise
So much happiness today because he reunited with an old friend after years apart.,joy
It broke my heart when we watched the rain fall on an empty street.,sadness
"He walked into a surprise party thrown by my friends, and gasped in disbelief.",surprise
She watched the pile of dirty laundry grow mold in the corner and immediately felt sick to the stomach.,disgust
"My mom was overcharged and refused a refund, and it felt completely unfair and enraging.",anger
"Our family noticed someone following the car for several blocks, and was too scared to move.",fear
"The team smelled the garbage that had been sitting out for days, and could not stand to be in the room.",disgust
"The whole class saw fireworks go off out of nowhere, and gasped in disbelief.",surprise
"The team landed the job offer, filled with pure happiness.",joy
"The team saw my favorite band live, filled with pure happiness.",joy
"My best friend saw the storm clouds rolling in fast, terrified of what might happen next.",fear
"My brother waited two hours for a refund that never came, and it was the last straw.",anger
My roommate received an unexpected gift and celebrated with everyone around.,joy
My brother heard someone try the locked door handle at night and froze in terror.,fear
"The crowd watched the news about the approaching hurricane, and a chill of dread ran down my spine.",fear
"I heard footsteps behind me on the dark street, and my heart started racing with fear.",fear
"She cancelled the trip we had planned together, and it left a lasting ache.",sadness
"He saw the overflowing public restroom, gagging at the sight of it.",disgust
So much happiness today because the team finished the marathon.,joy
We found mold growing in the leftover food and immediately felt sick to the stomach.,disgust
"The whole class saw the entire office decorated for my birthday, and gasped in disbelief.",surprise
"She noticed the mildew smell coming from the carpet, and it was absolutely repulsive.",disgust
"The team waited two hours for a refund that never came, and it felt completely unfair and enraging.",anger
"My coworker heard the power go out during the thunderstorm, terrified of what might happen next.",fear
"Our family found a letter from someone I hadn't heard from in years, and jaw dropped in astonishment.",surprise
"He felt the ground shake during the earthquake, and my heart started racing with fear.",fear
"The crowd opened the door to find an old friend waiting, and it took a while to process the surprise.",surprise
So gross — my roommate saw the dirty dishes piled up for a week.,disgust
"My partner watched the news about the approaching hurricane, and a chill of dread ran down my spine.",fear
What a shock — my best friend learned the whole trip was planned in secret.,surprise
"He waited for the biopsy results, and couldn't shake the sense of danger.",fear
It broke my heart when she lost my grandmother last week.,sadness
So gross — my boss saw someone litter directly on the beach.,disgust
"I adopted a puppy today, grinning from ear to ear.",joy
The kids danced all night at the wedding and celebrated with everyone around.,joy
"He opened the box to find something completely unexpected, and could hardly believe their eyes.",surprise
"My dad was blamed for a mistake I didn't make, and slammed the door in anger.",anger
"My friend got a call saying I'd won an award I never applied for, totally caught off guard.",surprise
"My friend had my idea stolen and presented as someone else's, and snapped at everyone afterward.",anger
"Our family discovered the contractor lied about the work, and I could not believe the audacity.",anger
"My boss saw someone litter directly on the beach, and it turned my stomach.",disgust
"My boss discovered the twist ending nobody saw coming, and was speechless for a moment.",surprise
My brother heard the power go out during the thunderstorm and froze in terror.,fear
We watched the kids open their presents on Christmas morning! Best day ever.,joy
"She felt the ground shake during the earthquake, and the fear was paralyzing.",fear
"He cooked a meal that turned out perfectly, grinning from ear to ear.",joy
"My brother remembered the anniversary of the loss, feeling low for the rest of the day.",sadness
"I read the goodbye letter one more time, and everything felt empty afterward.",sadness
"We saw someone litter directly on the beach, and could not stand to be in the room.",disgust
"My roommate spent the holiday alone this year, and the loneliness was overwhelming.",sadness
My sister found the bathroom left in a disgusting state after the party and immediately felt sick to the stomach.,disgust
"My brother was ignored during the entire meeting, and was seething with rage.",anger
"My brother saw the kitchen left in a filthy state, wrinkling my nose in disgust.",disgust
Our family felt the plane shake violently in turbulence and froze in terror.,fear
"I found a letter from someone I hadn't heard from in years, and jaw dropped in astonishment.",surprise
My dad spent the whole day laughing with friends and celebrated with everyone around.,joy
My coworker watched my best friend move away and couldn't hold back the tears.,sadness
What a shock — my boss heard the announcement that caught everyone off guard.,surprise
So frustrated — my best friend had my idea stolen and presented as someone else's.,anger
"My friend watched the pile of dirty laundry grow mold in the corner, and it was utterly revolting.",disgust
What a joy — my sister got accepted into my dream university.,joy
"The team remembered the anniversary of the loss, and just wanted to be alone and cry.",sadness
"The kids found mold growing in the leftover food, gagging at the sight of it.",disgust
"My partner was ignored during the entire meeting, and snapped at everyone afterward.",anger
"My coworker heard the sad news about the layoffs, feeling completely heartbroken.",sadness
"We got charged twice for the same order, and it was infuriating.",anger
"The whole class saw headlights speeding straight at us, terrified of what might happen next.",fear
"My partner saw headlights speeding straight at us, and was too scared to move.",fear
"The team found out we were having twins, totally caught off guard.",surprise
"My partner felt the ground shake during the earthquake, and a chill of dread ran down my spine.",fear
"My brother learned the whole trip was planned in secret, and was speechless for a moment.",surprise
"My dad found out I passed the exam, and my heart felt so light.",joy
"My mom got the call from the hospital in the middle of the night, and my heart started racing with fear.",fear
"The team saw the kitchen left in a filthy state, and had to look away in disgust.",disgust
"My friend saw the overflowing public restroom, and could not stand to be in the room.",disgust
So gross — my partner found hair in the meal at the restaurant.,disgust
I spent the whole day laughing with friends and couldn't stop smiling all day.,joy
"My friend was overcharged and refused a refund, and it was infuriating.",anger
"My neighbor learned the whole trip was planned in secret, and could hardly believe their eyes.",surprise
"My dad watched the underdog team win in the final second, and it took a while to process the surprise.",surprise
"My roommate saw headlights speeding straight at us, and was too scared to move.",fear
"The team listened to our old song and felt hollow, feeling completely heartbroken.",sadness
"The crowd received an unexpected gift, and it felt absolutely wonderful.",joy
"My roommate lost my job unexpectedly, and a heavy sorrow followed.",sadness
"The whole class found out my coworker was secretly the author of the book, totally caught off guard.",surprise
"My dad saw fireworks go off out of nowhere, and it was the last thing anyone expected.",surprise
My mom found mold growing in the leftover food and immediately felt sick to the stomach.,disgust
"He got a call saying I'd won an award I never applied for, and it took a while to process the surprise.",surprise
"My brother watched the news report about the contaminated water supply, and had to look away in disgust.",disgust
The crowd got a text saying we need to talk right away and froze in terror.,fear
What a shock — my friend discovered a hidden room in the old house.,surprise
"My boss saw the overflowing public restroom, and it was absolutely repulsive.",disgust
"He listened to our old song and felt hollow, and just wanted to be alone and cry.",sadness
"My dad spent the whole day laughing with friends, and it felt absolutely wonderful.",joy
"The crowd was overcharged and refused a refund, and snapped at everyone afterward.",anger
We read the goodbye letter one more time and couldn't hold back the tears.,sadness
My coworker adopted a puppy today and couldn't stop smiling all day.,joy
"She spent the holiday alone this year, and it left a lasting ache.",sadness
"The kids received an unexpected gift, and it felt absolutely wonderful.",joy
"I discovered the twist ending nobody saw coming, and was speechless for a moment.",surprise
My neighbor received an unexpected gift and felt overjoyed about it.,joy
"I planted a garden that's finally blooming, and my heart felt so light.",joy
It broke my heart when she listened to our old song and felt hollow.,sadness
"My friend felt the ground shake during the earthquake, and couldn't shake the sense of danger.",fear
"The whole class watched my best friend move away, feeling low for the rest of the day.",sadness
"My partner got cut off in traffic again, and was seething with rage.",anger
"The team saw the kitchen left in a filthy state, and it was absolutely repulsive.",disgust
"My roommate lost my job unexpectedly, and just wanted to be alone and cry.",sadness
So much happiness today because my boss saw my favorite band live.,joy
"My mom found out my coworker was secretly the author of the book, and it was the last thing anyone expected.",surprise
"My sister received an unexpected gift, grinning from ear to ear.",joy
My coworker listened to our old song and felt hollow and couldn't hold back the tears.,sadness
"We felt the ground shake during the earthquake, and braced for the worst in anxious dread.",fear
"My sister opened the fridge to find it fully stocked by a neighbor, and could hardly believe their eyes.",surprise
"My mom discovered a hidden room in the old house, totally caught off guard.",surprise
"My brother was mocked in front of everyone, and was seething with rage.",anger
"The team noticed the rotten smell coming from under the sink, and it was utterly revolting.",disgust
"The kids felt the plane shake violently in turbulence, and braced for the worst in anxious dread.",fear
What a joy — she received an unexpected gift.,joy
"My coworker ran into my old teacher at the airport, and could hardly believe their eyes.",surprise
"We discovered the contractor lied about the work, and it felt completely unfair and enraging.",anger
"The team heard the dog growl at something unseen in the yard, and a chill of dread ran down my spine.",fear
"She felt the elevator jolt to a stop between floors, shaking with fear the whole time.",fear
"My boss watched the pile of dirty laundry grow mold in the corner, and had to look away in disgust.",disgust
She got the promotion I've been working towards and couldn't stop smiling all day.,joy
"I smelled the garbage that had been sitting out for days, and refused to touch anything after that.",disgust
So frustrated — my best friend had my flight cancelled with no explanation.,anger
"My friend saw the check engine light flash on the highway, and my heart started racing with fear.",fear
"My boss got accepted into my dream university, grinning from ear to ear.",joy
"My friend noticed the rotten smell coming from under the sink, and it was utterly revolting.",disgust
I saw my favorite band live and couldn't stop smiling all day.,joy
"My friend ran into my old teacher at the airport, and was speechless for a moment.",surprise
"The whole class hit a new personal record at the gym, and it felt absolutely wonderful.",joy
"The team smelled the garbage that had been sitting out for days, wrinkling my nose in disgust.",disgust
So frustrated — my roommate found out my trust was betrayed.,anger
"He felt the plane shake violently in turbulence, and a chill of dread ran down my spine.",fear
My best friend watched the sunrise on the beach and couldn't stop smiling all day.,joy
My brother saw the entire office decorated for my birthday and stood there completely stunned.,surprise
"The crowd had my idea stolen and presented as someone else's, and it felt completely unfair and enraging.",anger
So gross — the team noticed the rotten smell coming from under the sink.,disgust
"My brother finished the marathon, grinning from ear to ear.",joy
"He felt the ground shake during the earthquake, and panic set in immediately.",fear
"My friend got a text saying we need to talk right away, and a chill of dread ran down my spine.",fear
"My boss found a letter from someone I hadn't heard from in years, and was speechless for a moment.",surprise
"My dad discovered the contractor lied about the work, and it was the last straw.",anger
"My neighbor noticed the mildew smell coming from the carpet, and it turned my stomach.",disgust
"My mom found the package smashed after waiting all week, and it made my blood boil.",anger
The team got an email saying the project was already approved and stood there completely stunned.,surprise
We received an unexpected gift and felt overjoyed about it.,joy
"My friend saw the check engine light flash on the highway, and panic set in immediately.",fear
"The kids listened to our old song and felt hollow, feeling completely heartbroken.",sadness
"The whole class noticed the rotten smell coming from under the sink, gagging at the sight of it.",disgust
"My boss had my idea stolen and presented as someone else's, and it was the last straw.",anger
So much happiness today because my mom won the small lottery prize.,joy
My neighbor opened a birthday present early and couldn't stop smiling all day.,joy
It broke my heart when i missed the last train home in the rain.,sadness
"My mom discovered a hidden room in the old house, out of absolutely nowhere.",surprise
"My sister saw the overflowing public restroom, gagging at the sight of it.",disgust
"My best friend was mocked in front of everyone, and was seething with rage.",anger
"He was mocked in front of everyone, and it made my blood boil.",anger
"My sister found out my trust was betrayed, and it was the last straw.",anger
"She noticed the rotten smell coming from under the sink, and could not stand to be in the room.",disgust
"My dad smelled the garbage that had been sitting out for days, and it turned my stomach.",disgust
"My dad was lied to right to my face, and slammed the door in anger.",anger
"My sister spent the whole day laughing with friends, and my heart felt so light.",joy
"The crowd had my idea stolen and presented as someone else's, and slammed the door in anger.",anger
"My neighbor watched the underdog team win in the final second, and could hardly believe their eyes.",surprise
"The kids saw the check engine light flash on the highway, and my heart started racing with fear.",fear
"The whole class watched the referee make an unfair call, and I could not believe the audacity.",anger
"She finished the marathon, grinning from ear to ear.",joy
"We sat through the funeral trying not to cry, feeling completely heartbroken.",sadness
"My brother got the promotion I've been working towards, and my heart felt so light.",joy
"My sister got cut off in traffic again, and I could not believe the audacity.",anger
"My neighbor watched the underdog team win in the final second, out of absolutely nowhere.",surprise
"My mom kept getting the same excuse over and over, and I could not believe the audacity.",anger
"I heard footsteps behind me on the dark street, and was too scared to move.",fear
My best friend won the small lottery prize and couldn't stop smiling all day.,joy
"The kids heard the dog growl at something unseen in the yard, and my heart started racing with fear.",fear
"My neighbor sat alone in the empty apartment, and everything felt empty afterward.",sadness
"We felt the boat rock violently in the storm, and couldn't shake the sense of danger.",fear
"My mom watched the pile of dirty laundry grow mold in the corner, and had to look away in disgust.",disgust
My best friend saw the kitchen left in a filthy state and immediately felt sick to the stomach.,disgust
The whole class reunited with an old friend after years apart! Best day ever.,joy
"The crowd heard footsteps behind me on the dark street, and a chill of dread ran down my spine.",fear
"He noticed the mildew smell coming from the carpet, and refused to touch anything after that.",disgust
It broke my heart when my friend found out the trip got cancelled.,sadness
"My mom couldn't say goodbye in time, feeling low for the rest of the day.",sadness
"The team cancelled the trip we had planned together, and a heavy sorrow followed.",sadness
"We saw someone litter directly on the beach, and it was utterly revolting.",disgust
"My coworker realized the relationship was over, and the loneliness was overwhelming.",sadness
"My partner was lied to right to my face, and slammed the door in anger.",anger
"Our family got cut off in traffic again, and it was infuriating.",anger
So much happiness today because my best friend hit a new personal record at the gym.,joy
I cooked a meal that turned out perfectly and felt overjoyed about it.,joy
"My brother learned the whole trip was planned in secret, totally caught off guard.",surprise
It broke my heart when the team watched the old photographs and felt the years slip by.,sadness
He heard the sad news about the layoffs and couldn't hold back the tears.,sadness
"The crowd couldn't say goodbye in time, and a deep sadness settled in.",sadness
"My roommate couldn't say goodbye in time, and just wanted to be alone and cry.",sadness
"He found out the trip got cancelled, and a heavy sorrow followed.",sadness
"My mom couldn't say goodbye in time, and everything felt empty afterward.",sadness
It broke my heart when my coworker found out the trip got cancelled.,sadness
"I had the neighbor's dog ruin the garden again, and it was infuriating.",anger
"My friend ran into my old teacher at the airport, totally caught off guard.",surprise
So frustrated — my roommate was interrupted for the third time in a row.,anger
"He watched the old photographs and felt the years slip by, feeling completely heartbroken.",sadness
"She heard the announcement that caught everyone off guard, and could hardly believe their eyes.",surprise
"Our family realized we were lost deep in the woods after dark, and braced for the worst in anxious dread.",fear
"My dad watched the referee make an unfair call, and it was infuriating.",anger
"Our family saw the kitchen left in a filthy state, and it was utterly revolting.",disgust
She was ignored during the entire meeting and was absolutely furious about it.,anger
"The kids felt the plane shake violently in turbulence, and my heart started racing with fear.",fear
"Our family saw the kitchen left in a filthy state, and refused to touch anything after that.",disgust
"The team found the milk had gone sour and lumpy, and could not stand to be in the room.",disgust
"Our family packed away the belongings of someone I lost, and everything felt empty afterward.",sadness
"She was lied to right to my face, and I could not believe the audacity.",anger
"My roommate noticed someone following the car for several blocks, and the fear was paralyzing.",fear
"The crowd hit a new personal record at the gym, filled with pure happiness.",joy
"The crowd realized we were lost deep in the woods after dark, and couldn't shake the sense of danger.",fear
"He had to say goodbye to my childhood home, and the loneliness was overwhelming.",sadness
"She found out the trip got cancelled, and just wanted to be alone and cry.",sadness
"My coworker watched the underdog team win in the final second, out of absolutely nowhere.",surprise
"The team received an unexpected gift, and my heart felt so light.",joy
"My dad adopted a puppy today, and it felt absolutely wonderful.",joy
"Our family adopted a puppy today, and it felt absolutely wonderful.",joy
"My neighbor saw the storm clouds rolling in fast, and braced for the worst in anxious dread.",fear
"The kids spent the holiday alone this year, and a heavy sorrow followed.",sadness
"My brother packed away the belongings of someone I lost, and a heavy sorrow followed.",sadness
"Our family saw fireworks go off out of nowhere, and it was the last thing anyone expected.",surprise
"Our family remembered the anniversary of the loss, and it left a lasting ache.",sadness
"The whole class found out I was accepted a full year early, out of absolutely nowhere.",surprise
Our family found a cockroach crawling across the counter and immediately felt sick to the stomach.,disgust
My boss sat alone in the empty apartment and couldn't hold back the tears.,sadness
My boss got a call saying I'd won an award I never applied for and stood there completely stunned.,surprise
"The kids got a call saying I'd won an award I never applied for, and was speechless for a moment.",surprise
"He found out the rumor was actually true, totally caught off guard.",surprise
So much happiness today because she hit a new personal record at the gym.,joy
So much happiness today because the kids watched the sunrise on the beach.,joy
"The team felt the elevator jolt to a stop between floors, and couldn't shake the sense of danger.",fear
The team ran into my old teacher at the airport and stood there completely stunned.,surprise
"She saw the overflowing public restroom, gagging at the sight of it.",disgust
"My mom saw the smoke alarm go off at 3am, and braced for the worst in anxious dread.",fear
"We saw fireworks go off out of nowhere, and jaw dropped in astonishment.",surprise
My brother planted a garden that's finally blooming and celebrated with everyone around.,joy
"My neighbor waited for the biopsy results, and panic set in immediately.",fear
"She saw headlights speeding straight at us, shaking with fear the whole time.",fear
"The team was lied to right to my face, and I could not believe the audacity.",anger
"I lost my grandmother last week, and just wanted to be alone and cry.",sadness
"My boss found out my trust was betrayed, and I could not believe the audacity.",anger
"Our family saw the storm clouds rolling in fast, and braced for the worst in anxious dread.",fear
"My dad was blamed for a mistake I didn't make, and it made my blood boil.",anger
"He learned the whole trip was planned in secret, and jaw dropped in astonishment.",surprise
She felt the elevator jolt to a stop between floors and froze in terror.,fear
"My partner had my idea stolen and presented as someone else's, and it felt completely unfair and enraging.",anger
"My roommate got accepted into my dream university, and my heart felt so light.",joy
"My dad saw someone litter directly on the beach, wrinkling my nose in disgust.",disgust
What a shock — my sister found out we were having twins.,surprise
"My coworker lost my job unexpectedly, and everything felt empty afterward.",sadness
"The whole class was lied to right to my face, and it made my blood boil.",anger
"My neighbor found out we were having twins, and it took a while to process the surprise.",surprise
"My boss opened the fridge to a smell that made me gag, and it was absolutely repulsive.",disgust
"Our family failed the final exam after months of studying, and the loneliness was overwhelming.",sadness
It broke my heart when my friend watched the old photographs and felt the years slip by.,sadness
"My dad waited two hours for a refund that never came, and it made my blood boil.",anger
"The whole class saw someone litter directly on the beach, and refused to touch anything after that.",disgust
"My friend got the call from the hospital in the middle of the night, and a chill of dread ran down my spine.",fear
"The kids felt the boat rock violently in the storm, and my heart started racing with fear.",fear
"My neighbor read the goodbye letter one more time, and a deep sadness settled in.",sadness
"My best friend saw the smoke alarm go off at 3am, shaking with fear the whole time.",fear
"We discovered the contractor lied about the work, and snapped at everyone afterward.",anger
"My mom found out I was accepted a full year early, out of absolutely nowhere.",surprise
"I remembered the anniversary of the loss, and everything felt empty afterward.",sadness
"The team watched the sunrise on the beach, and my heart felt so light.",joy
"He sat alone in the empty apartment, and a deep sadness settled in.",sadness
"My neighbor heard footsteps behind me on the dark street, and panic set in immediately.",fear
The kids discovered a hidden room in the old house and stood there completely stunned.,surprise
"My partner sat alone in the empty apartment, feeling completely heartbroken.",sadness
"My brother felt the boat rock violently in the storm, and was too scared to move.",fear
"My sister saw headlights speeding straight at us, and panic set in immediately.",fear
"The kids found the food crawling with ants, wrinkling my nose in disgust.",disgust
"He sat through the funeral trying not to cry, and the loneliness was overwhelming.",sadness
"The kids remembered the anniversary of the loss, and everything felt empty afterward.",sadness
"I listened to our old song and felt hollow, feeling completely heartbroken.",sadness
So much happiness today because my friend danced all night at the wedding.,joy
"My partner watched my best friend move away, and it left a lasting ache.",sadness
"My sister opened the box to find something completely unexpected, and it took a while to process the surprise.",surprise
"My friend saw my favorite band live, and it felt absolutely wonderful.",joy
"I discovered a hidden room in the old house, totally caught off guard.",surprise
"The kids felt the boat rock violently in the storm, and panic set in immediately.",fear
"My neighbor sat through the funeral trying not to cry, and the loneliness was overwhelming.",sadness
"We couldn't say goodbye in time, feeling completely heartbroken.",sadness
Our family was mocked in front of everyone and was absolutely furious about it.,anger
My neighbor kept getting the same excuse over and over and was absolutely furious about it.,anger
"The crowd opened a birthday present early, and it felt absolutely wonderful.",joy
"My boss saw the check engine light flash on the highway, and braced for the worst in anxious dread.",fear
"He had to say goodbye to my childhood home, feeling low for the rest of the day.",sadness
It broke my heart when i listened to our old song and felt hollow.,sadness
"My neighbor ran into my old teacher at the airport, and jaw dropped in astonishment.",surprise
"The team found out my trust was betrayed, and it was infuriating.",anger
"My sister listened to our old song and felt hollow, and just wanted to be alone and cry.",sadness
"We found the package smashed after waiting all week, and it felt completely unfair and enraging.",anger
"My partner noticed the rotten smell coming from under the sink, and it was absolutely repulsive.",disgust
My neighbor had to say goodbye to my childhood home and couldn't hold back the tears.,sadness
"The team packed away the belongings of someone I lost, and just wanted to be alone and cry.",sadness
"My partner opened the fridge to a smell that made me gag, and could not stand to be in the room.",disgust
"My mom lost my job unexpectedly, and everything felt empty afterward.",sadness
"She noticed the rotten smell coming from under the sink, gagging at the sight of it.",disgust
"My dad landed the job offer, grinning from ear to ear.",joy
So gross — my sister found the milk had gone sour and lumpy.,disgust
"My roommate saw the entire office decorated for my birthday, and was speechless for a moment.",surprise
"My roommate sat through another broken promise, and it was infuriating.",anger
The whole class felt the elevator jolt to a stop between floors and froze in terror.,fear
"My roommate spent the whole day laughing with friends, and it felt absolutely wonderful.",joy
My brother got a surprise visit from family and felt overjoyed about it.,joy
"My coworker found a stranger had paid for our whole meal, and gasped in disbelief.",surprise
So gross — my neighbor saw someone litter directly on the beach.,disgust
"I read the goodbye letter one more time, and just wanted to be alone and cry.",sadness
I waited for the biopsy results and froze in terror.,fear
The whole class spent the whole day laughing with friends and celebrated with everyone around.,joy
My roommate adopted a puppy today and couldn't stop smiling all day.,joy
"My best friend was lied to right to my face, and I could not believe the audacity.",anger
"We watched my best friend move away, and just wanted to be alone and cry.",sadness
"My friend spent the whole day laughing with friends, and it felt absolutely wonderful.",joy
"My dad got an email saying the project was already approved, out of absolutely nowhere.",surprise
"I watched the rain fall on an empty street, and a heavy sorrow followed.",sadness
"My neighbor read the goodbye letter one more time, and a heavy sorrow followed.",sadness
My brother got the call from the hospital in the middle of the night and froze in terror.,fear
"I discovered the contractor lied about the work, and was seething with rage.",anger
My mom felt the ground shake during the earthquake and froze in terror.,fear
My coworker felt the plane shake violently in turbulence and froze in terror.,fear
"The kids found mold growing in the leftover food, and refused to touch anything after that.",disgust
My mom heard the announcement that caught everyone off guard and stood there completely stunned.,surprise
"My friend found a stranger had paid for our whole meal, and jaw dropped in astonishment.",surprise
"My mom opened the door to find an old friend waiting, totally caught off guard.",surprise
"My brother was mocked in front of everyone, and it was the last straw.",anger
"My friend failed the final exam after months of studying, and the loneliness was overwhelming.",sadness
"My friend saw the check engine light flash on the highway, shaking with fear the whole time.",fear
"My neighbor saw the kitchen left in a filthy state, and refused to touch anything after that.",disgust
"My mom saw the dirty dishes piled up for a week, and it was utterly revolting.",disgust
My brother adopted a puppy today and felt overjoyed about it.,joy
"He missed the last train home in the rain, feeling completely heartbroken.",sadness
"My sister found out the trip got cancelled, and everything felt empty afterward.",sadness
"My friend found out I was accepted a full year early, and it was the last thing anyone expected.",surprise
"My partner read the goodbye letter one more time, feeling low for the rest of the day.",sadness
"The kids won the small lottery prize, grinning from ear to ear.",joy
"My brother walked into a surprise party thrown by my friends, and could hardly believe their eyes.",surprise
So gross — my partner saw the kitchen left in a filthy state.,disgust
"The team had the neighbor's dog ruin the garden again, and slammed the door in anger.",anger
"I opened the door to find an old friend waiting, and could hardly believe their eyes.",surprise
"My dad watched the underdog team win in the final second, out of absolutely nowhere.",surprise
Our family felt the elevator jolt to a stop between floors and froze in terror.,fear
"My sister realized the relationship was over, and it left a lasting ache.",sadness
"My roommate sat through another broken promise, and slammed the door in anger.",anger
My dad smelled the garbage that had been sitting out for days and immediately felt sick to the stomach.,disgust
"My friend had to say goodbye to my childhood home, and it left a lasting ache.",sadness
It broke my heart when my mom heard the sad news about the layoffs.,sadness
"My partner was mocked in front of everyone, and it was the last straw.",anger
"My neighbor discovered the contractor lied about the work, and slammed the door in anger.",anger
I planted a garden that's finally blooming! Best day ever.,joy
"The team opened the door to find an old friend waiting, and gasped in disbelief.",surprise
"My roommate ran into my old teacher at the airport, out of absolutely nowhere.",surprise
"My roommate noticed someone following the car for several blocks, and was too scared to move.",fear
The kids opened a birthday present early and couldn't stop smiling all day.,joy
"She packed away the belongings of someone I lost, and a heavy sorrow followed.",sadness
"My neighbor lost my grandmother last week, feeling completely heartbroken.",sadness
"My dad cancelled the trip we had planned together, feeling completely heartbroken.",sadness
"My mom felt the plane shake violently in turbulence, and a chill of dread ran down my spine.",fear
"My roommate watched the underdog team win in the final second, totally caught off guard.",surprise
"My dad found out the rumor was actually true, totally caught off guard.",surprise
"My best friend read the goodbye letter one more time, and just wanted to be alone and cry.",sadness
What a shock — i found out the rumor was actually true.,surprise
My best friend adopted a puppy today and felt overjoyed about it.,joy
My brother found out I passed the exam and felt overjoyed about it.,joy
"My sister found out I passed the exam, grinning from ear to ear.",joy
"Our family was overcharged and refused a refund, and slammed the door in anger.",anger
"My roommate got an email saying the project was already approved, and gasped in disbelief.",surprise
"My friend was interrupted for the third time in a row, and snapped at everyone afterward.",anger
"The crowd heard the dog growl at something unseen in the yard, terrified of what might happen next.",fear
"My dad opened the box to find something completely unexpected, out of absolutely nowhere.",surprise
He found the milk had gone sour and lumpy and immediately felt sick to the stomach.,disgust
"The kids failed the final exam after months of studying, and a heavy sorrow followed.",sadness
So frustrated — i kept getting the same excuse over and over.,anger
"My brother kept getting the same excuse over and over, and was seething with rage.",anger
"My best friend was interrupted for the third time in a row, and I could not believe the audacity.",anger
"Our family remembered the anniversary of the loss, and a deep sadness settled in.",sadness
"The crowd saw the check engine light flash on the highway, terrified of what might happen next.",fear
"My brother sat through the funeral trying not to cry, and a heavy sorrow followed.",sadness
So frustrated — my best friend sat through another broken promise.,anger
It broke my heart when my neighbor couldn't say goodbye in time.,sadness
"The whole class found out I was accepted a full year early, and was speechless for a moment.",surprise
My coworker was yelled at for no reason and was absolutely furious about it.,anger
"My dad saw my favorite band live, grinning from ear to ear.",joy
"I was yelled at for no reason, and it was infuriating.",anger
It broke my heart when my boss had to say goodbye to my childhood home.,sadness
"My best friend realized we were lost deep in the woods after dark, terrified of what might happen next.",fear
"She couldn't say goodbye in time, and just wanted to be alone and cry.",sadness
"My best friend was ignored during the entire meeting, and it was the last straw.",anger
"We missed the last train home in the rain, feeling low for the rest of the day.",sadness
"My boss saw the smoke alarm go off at 3am, and braced for the worst in anxious dread.",fear
"My best friend found mold growing in the leftover food, and it was utterly revolting.",disgust
"My brother heard the sad news about the layoffs, feeling low for the rest of the day.",sadness
"She watched someone cut the line, and slammed the door in anger.",anger
"The kids found out my coworker was secretly the author of the book, and was speechless for a moment.",surprise
"My brother reunited with an old friend after years apart, and it felt absolutely wonderful.",joy
"The crowd watched the referee make an unfair call, and it made my blood boil.",anger
"My partner lost my grandmother last week, feeling low for the rest of the day.",sadness
It broke my heart when my sister lost my grandmother last week.,sadness
"The crowd ran into my old teacher at the airport, and it was the last thing anyone expected.",surprise
"My sister was mocked in front of everyone, and slammed the door in anger.",anger
"My brother watched the news report about the contaminated water supply, and could not stand to be in the room.",disgust
"The kids got a text saying we need to talk right away, and panic set in immediately.",fear
"My mom heard footsteps behind me on the dark street, and the fear was paralyzing.",fear
My brother was mocked in front of everyone and was absolutely furious about it.,anger
"The team listened to our old song and felt hollow, and a heavy sorrow followed.",sadness
"My neighbor got the call from the hospital in the middle of the night, and my heart started racing with fear.",fear
"My partner watched the old photographs and felt the years slip by, and it left a lasting ache.",sadness
"My coworker felt the elevator jolt to a stop between floors, and couldn't shake the sense of danger.",fear
My brother found out I passed the exam and couldn't stop smiling all day.,joy
"The crowd found out the rumor was actually true, totally caught off guard.",surprise
My friend found the package smashed after waiting all week and was absolutely furious about it.,anger
"He got the call from the hospital in the middle of the night, and panic set in immediately.",fear
"The crowd reunited with an old friend after years apart, grinning from ear to ear.",joy
The team found out my coworker was secretly the author of the book and stood there completely stunned.,surprise
Our family got accepted into my dream university and felt overjoyed about it.,joy
"The team saw the smoke alarm go off at 3am, and the fear was paralyzing.",fear
"My friend got charged twice for the same order, and I could not believe the audacity.",anger
"My friend saw the check engine light flash on the highway, and was too scared to move.",fear
So gross — my brother saw the dirty dishes piled up for a week.,disgust
What a joy — my partner spent the whole day laughing with friends.,joy
"The crowd watched the news report about the contaminated water supply, and could not stand to be in the room.",disgust
"We found a cockroach crawling across the counter, wrinkling my nose in disgust.",disgust
"The team watched the old photographs and felt the years slip by, and everything felt empty afterward.",sadness
"My partner got a text saying we need to talk right away, and the fear was paralyzing.",fear
What a joy — the whole class spent the whole day laughing with friends.,joy
My dad heard a strange noise in the empty house and froze in terror.,fear
"The crowd ran into my old teacher at the airport, and was speechless for a moment.",surprise
"My dad realized we were lost deep in the woods after dark, shaking with fear the whole time.",fear
"The team heard the power go out during the thunderstorm, and a chill of dread ran down my spine.",fear
"My partner found the package smashed after waiting all week, and it was the last straw.",anger
"She watched the news report about the contaminated water supply, and refused to touch anything after that.",disgust
"She watched the shadow move across the wall, and was too scared to move.",fear
"My brother saw maggots in the trash can, wrinkling my nose in disgust.",disgust
"My dad was lied to right to my face, and was seething with rage.",anger
The kids saw the storm clouds rolling in fast and froze in terror.,fear
"My friend read the goodbye letter one more time, and a heavy sorrow followed.",sadness
"My sister saw the kitchen left in a filthy state, and refused to touch anything after that.",disgust
"I had my flight cancelled with no explanation, and it felt completely unfair and enraging.",anger
"The whole class got the call from the hospital in the middle of the night, terrified of what might happen next.",fear
"He ran into my old teacher at the airport, and was speechless for a moment.",surprise
"The team noticed the rotten smell coming from under the sink, gagging at the sight of it.",disgust
The team discovered the twist ending nobody saw coming and stood there completely stunned.,surprise
"My coworker kept getting the same excuse over and over, and snapped at everyone afterward.",anger
"He found the food crawling with ants, and it was absolutely repulsive.",disgust
"My boss watched the shadow move across the wall, terrified of what might happen next.",fear
"The whole class found out I was accepted a full year early, and it took a while to process the surprise.",surprise
"My neighbor saw headlights speeding straight at us, and my heart started racing with fear.",fear
"The team watched someone chew with their mouth wide open, gagging at the sight of it.",disgust
"My boss opened the fridge to a smell that made me gag, and it was utterly revolting.",disgust
"I found the food crawling with ants, gagging at the sight of it.",disgust
"The crowd got a text saying we need to talk right away, and was too scared to move.",fear
"My friend found a stranger had paid for our whole meal, totally caught off guard.",surprise
"My dad found out I was accepted a full year early, and it took a while to process the surprise.",surprise
"My roommate got the call from the hospital in the middle of the night, and panic set in immediately.",fear
What a joy — the crowd adopted a puppy today.,joy
"My roommate got a surprise visit from family, and it felt absolutely wonderful.",joy
"The team found out my trust was betrayed, and it felt completely unfair and enraging.",anger
She watched the sunrise on the beach and felt overjoyed about it.,joy
"She missed the last train home in the rain, feeling completely heartbroken.",sadness
So frustrated — my neighbor watched someone cut the line.,anger
"The team discovered the contractor lied about the work, and slammed the door in anger.",anger
"My roommate had my flight cancelled with no explanation, and it made my blood boil.",anger
"My friend got cut off in traffic again, and slammed the door in anger.",anger
"We discovered a hidden room in the old house, out of absolutely nowhere.",surprise
"The crowd felt the plane shake violently in turbulence, and the fear was paralyzing.",fear
So much happiness today because my brother reunited with an old friend after years apart.,joy
"My partner waited for the biopsy results, and couldn't shake the sense of danger.",fear
"My dad missed the last train home in the rain, and a deep sadness settled in.",sadness
"I found a letter from someone I hadn't heard from in years, and it was the last thing anyone expected.",surprise
"My sister was blamed for a mistake I didn't make, and slammed the door in anger.",anger
My coworker missed the last train home in the rain and couldn't hold back the tears.,sadness
"My friend had the neighbor's dog ruin the garden again, and it made my blood boil.",anger
"He saw the smoke alarm go off at 3am, terrified of what might happen next.",fear
"He watched someone spit on the sidewalk, and had to look away in disgust.",disgust
It broke my heart when my sister lost my job unexpectedly.,sadness
"Our family waited two hours for a refund that never came, and it made my blood boil.",anger
My dad found the food crawling with ants and immediately felt sick to the stomach.,disgust
"The whole class heard the power go out during the thunderstorm, and was too scared to move.",fear
My brother danced all night at the wedding and felt overjoyed about it.,joy
The kids was yelled at for no reason and was absolutely furious about it.,anger
"My coworker watched someone cut the line, and I could not believe the audacity.",anger
It broke my heart when our family cancelled the trip we had planned together.,sadness
"My neighbor found the milk had gone sour and lumpy, and had to look away in disgust.",disgust
What a joy — the crowd opened a birthday present early.,joy
"My coworker found out my coworker was secretly the author of the book, out of absolutely nowhere.",surprise
"My friend found a letter from someone I hadn't heard from in years, and gasped in disbelief.",surprise
"My dad watched the kids open their presents on Christmas morning, and it felt absolutely wonderful.",joy
"My partner watched the underdog team win in the final second, and it took a while to process the surprise.",surprise
"She saw the kitchen left in a filthy state, and it turned my stomach.",disgust
We got the promotion I've been working towards! Best day ever.,joy
It broke my heart when my coworker lost my grandmother last week.,sadness
We was lied to right to my face and was absolutely furious about it.,anger
"My friend watched the referee make an unfair call, and was seething with rage.",anger
"I noticed the mildew smell coming from the carpet, and it was utterly revolting.",disgust
"My sister noticed someone following the car for several blocks, shaking with fear the whole time.",fear
My partner had to say goodbye to my childhood home and couldn't hold back the tears.,sadness
"The kids heard someone try the locked door handle at night, and panic set in immediately.",fear
"I couldn't say goodbye in time, and the loneliness was overwhelming.",sadness
"I found out my trust was betrayed, and it felt completely unfair and enraging.",anger
"The crowd missed the last train home in the rain, and everything felt empty afterward.",sadness
"Our family watched the referee make an unfair call, and it was the last straw.",anger
"Our family found the bathroom left in a disgusting state after the party, and could not stand to be in the room.",disgust
"My sister missed the last train home in the rain, and the loneliness was overwhelming.",sadness
"My neighbor heard a strange noise in the empty house, and the fear was paralyzing.",fear
"My mom watched the old photographs and felt the years slip by, and the loneliness was overwhelming.",sadness
"My coworker waited for the biopsy results, and a chill of dread ran down my spine.",fear
"My mom sat through the funeral trying not to cry, feeling low for the rest of the day.",sadness
"We had to say goodbye to my childhood home, and a heavy sorrow followed.",sadness
It broke my heart when my partner remembered the anniversary of the loss.,sadness
"Our family discovered the twist ending nobody saw coming, and jaw dropped in astonishment.",surprise
It broke my heart when my coworker realized the relationship was over.,sadness
"We got a text saying we need to talk right away, and braced for the worst in anxious dread.",fear
So frustrated — she got charged twice for the same order.,anger
"She saw the kitchen left in a filthy state, and had to look away in disgust.",disgust
"The crowd saw the storm clouds rolling in fast, shaking with fear the whole time.",fear
"My best friend felt the elevator jolt to a stop between floors, and braced for the worst in anxious dread.",fear
"My dad saw maggots in the trash can, gagging at the sight of it.",disgust
"My partner had my flight cancelled with no explanation, and slammed the door in anger.",anger
It broke my heart when my sister sat through the funeral trying not to cry.,sadness
"Our family was yelled at for no reason, and snapped at everyone afterward.",anger
He cancelled the trip we had planned together and couldn't hold back the tears.,sadness
"My best friend noticed someone following the car for several blocks, terrified of what might happen next.",fear
"Our family found the food crawling with ants, and it was absolutely repulsive.",disgust
"I heard the announcement that caught everyone off guard, and gasped in disbelief.",surprise
My mom landed the job offer and felt overjoyed about it.,joy
"My boss watched someone cut the line, and slammed the door in anger.",anger
The whole class watched someone cut the line and was absolutely furious about it.,anger
"He had my flight cancelled with no explanation, and slammed the door in anger.",anger
"My boss was blamed for a mistake I didn't make, and it was the last straw.",anger
"My coworker found the bathroom left in a disgusting state after the party, and it was absolutely repulsive.",disgust
"My sister heard a strange noise in the empty house, terrified of what might happen next.",fear
"My neighbor saw the storm clouds rolling in fast, and was too scared to move.",fear
"My sister saw the storm clouds rolling in fast, and was too scared to move.",fear
"The crowd found out my coworker was secretly the author of the book, out of absolutely nowhere.",surprise
"We watched the news report about the contaminated water supply, and it was utterly revolting.",disgust
"My best friend spent the whole day laughing with friends, grinning from ear to ear.",joy
"The whole class packed away the belongings of someone I lost, and the loneliness was overwhelming.",sadness
"The whole class saw the check engine light flash on the highway, and couldn't shake the sense of danger.",fear
He noticed the rotten smell coming from under the sink and immediately felt sick to the stomach.,disgust
"My sister saw headlights speeding straight at us, and couldn't shake the sense of danger.",fear
He cooked a meal that turned out perfectly! Best day ever.,joy
"The kids discovered a hidden room in the old house, and gasped in disbelief.",surprise
"My coworker saw the storm clouds rolling in fast, and panic set in immediately.",fear
"We saw the dirty dishes piled up for a week, and it was utterly revolting.",disgust
"The team felt the plane shake violently in turbulence, and my heart started racing with fear.",fear
So gross — i saw maggots in the trash can.,disgust
"The team felt the boat rock violently in the storm, and panic set in immediately.",fear
My boss felt the ground shake during the earthquake and froze in terror.,fear
"We finally paid off all my debt, grinning from ear to ear.",joy
What a shock — we found out I was accepted a full year early.,surprise
"My sister watched someone chew with their mouth wide open, and had to look away in disgust.",disgust
"My mom watched the video of the unsanitary restaurant kitchen, wrinkling my nose in disgust.",disgust
"We found a cockroach crawling across the counter, and it was absolutely repulsive.",disgust
"My neighbor noticed the rotten smell coming from under the sink, and it was absolutely repulsive.",disgust
"We watched the rain fall on an empty street, feeling completely heartbroken.",sadness
My partner found out I passed the exam and celebrated with everyone around.,joy
"My sister watched the video of the unsanitary restaurant kitchen, and could not stand to be in the room.",disgust
"My coworker couldn't say goodbye in time, feeling completely heartbroken.",sadness
"My best friend sat alone in the empty apartment, and everything felt empty afterward.",sadness
"My friend saw headlights speeding straight at us, shaking with fear the whole time.",fear
"My boss noticed someone following the car for several blocks, and panic set in immediately.",fear
My partner finally paid off all my debt and celebrated with everyone around.,joy
"She sat through another broken promise, and slammed the door in anger.",anger
"My roommate saw fireworks go off out of nowhere, and could hardly believe their eyes.",surprise
"He was lied to right to my face, and it was infuriating.",anger
I waited two hours for a refund that never came and was absolutely furious about it.,anger
The team won the small lottery prize and couldn't stop smiling all day.,joy
I couldn't say goodbye in time and couldn't hold back the tears.,sadness
"He failed the final exam after months of studying, and the loneliness was overwhelming.",sadness
What a shock — my best friend heard the announcement that caught everyone off guard.,surprise
"My roommate realized the relationship was over, and it left a lasting ache.",sadness
"My coworker received an unexpected gift, grinning from ear to ear.",joy
"My brother heard the power go out during the thunderstorm, and a chill of dread ran down my spine.",fear
"Our family had the neighbor's dog ruin the garden again, and slammed the door in anger.",anger
"My sister discovered the twist ending nobody saw coming, and it took a while to process the surprise.",surprise
Our family got accepted into my dream university and couldn't stop smiling all day.,joy
"My partner felt the plane shake violently in turbulence, and was too scared to move.",fear
What a joy — my roommate hit a new personal record at the gym.,joy
"We watched the rain fall on an empty street, and the loneliness was overwhelming.",sadness
He hit a new personal record at the gym! Best day ever.,joy
"My coworker hit a new personal record at the gym, grinning from ear to ear.",joy
"We failed the final exam after months of studying, and everything felt empty afterward.",sadness
So frustrated — my dad got charged twice for the same order.,anger
"He found the food crawling with ants, and it was utterly revolting.",disgust
"My coworker found mold growing in the leftover food, and could not stand to be in the room.",disgust
"My roommate saw the storm clouds rolling in fast, and was too scared to move.",fear
"My dad heard a strange noise in the empty house, and my heart started racing with fear.",fear
"My sister discovered the twist ending nobody saw coming, and was speechless for a moment.",surprise
"She ran into my old teacher at the airport, and was speechless for a moment.",surprise
"My boss saw the entire office decorated for my birthday, and was speechless for a moment.",surprise
So frustrated — i found out my trust was betrayed.,anger
"My dad felt the boat rock violently in the storm, and couldn't shake the sense of danger.",fear
"My neighbor watched the kids open their presents on Christmas morning, filled with pure happiness.",joy
"My best friend saw maggots in the trash can, and had to look away in disgust.",disgust
"My coworker missed the last train home in the rain, feeling completely heartbroken.",sadness
"My mom watched the shadow move across the wall, and the fear was paralyzing.",fear
"She was blamed for a mistake I didn't make, and it was infuriating.",anger
"Our family waited for the biopsy results, and panic set in immediately.",fear
Our family cooked a meal that turned out perfectly and couldn't stop smiling all day.,joy
"My sister found the milk had gone sour and lumpy, gagging at the sight of it.",disgust
"The kids noticed someone following the car for several blocks, terrified of what might happen next.",fear
So much happiness today because my partner planted a garden that's finally blooming.,joy
"The team found the milk had gone sour and lumpy, gagging at the sight of it.",disgust
"We watched my best friend move away, and a deep sadness settled in.",sadness
My brother landed the job offer and celebrated with everyone around.,joy
"My neighbor heard the sad news about the layoffs, and just wanted to be alone and cry.",sadness
"My neighbor heard a strange noise in the empty house, terrified of what might happen next.",fear
"We sat through another broken promise, and it felt completely unfair and enraging.",anger
"My best friend got accepted into my dream university, filled with pure happiness.",joy
"I couldn't say goodbye in time, and it left a lasting ache.",sadness
"My brother found hair in the meal at the restaurant, and it was absolutely repulsive.",disgust
"My friend heard the announcement that caught everyone off guard, and gasped in disbelief.",surprise
He watched the shadow move across the wall and froze in terror.,fear
"My roommate heard the sad news about the layoffs, and everything felt empty afterward.",sadness
"He couldn't say goodbye in time, and a heavy sorrow followed.",sadness
My neighbor saw the dirty dishes piled up for a week and immediately felt sick to the stomach.,disgust
"My friend read the goodbye letter one more time, and the loneliness was overwhelming.",sadness
"Our family discovered the contractor lied about the work, and it felt completely unfair and enraging.",anger
"My friend saw the kitchen left in a filthy state, and had to look away in disgust.",disgust
The whole class couldn't say goodbye in time and couldn't hold back the tears.,sadness
"My mom reunited with an old friend after years apart, grinning from ear to ear.",joy
"She watched my best friend move away, feeling low for the rest of the day.",sadness
"My partner noticed the mildew smell coming from the carpet, and had to look away in disgust.",disgust
"The team watched my best friend move away, and the loneliness was overwhelming.",sadness
What a joy — she planted a garden that's finally blooming.,joy
"Our family lost my job unexpectedly, and it left a lasting ache.",sadness
My mom found the bathroom left in a disgusting state after the party and immediately felt sick to the stomach.,disgust
"The crowd watched someone chew with their mouth wide open, and it turned my stomach.",disgust
"My sister noticed someone following the car for several blocks, and braced for the worst in anxious dread.",fear
My friend watched the kids open their presents on Christmas morning! Best day ever.,joy
So much happiness today because my roommate watched the kids open their presents on Christmas morning.,joy
"My neighbor discovered a hidden room in the old house, and gasped in disbelief.",surprise
"My best friend sat through the funeral trying not to cry, and just wanted to be alone and cry.",sadness
"My neighbor watched my best friend move away, feeling completely heartbroken.",sadness
"My friend saw someone litter directly on the beach, and refused to touch anything after that.",disgust
"The kids discovered a hidden room in the old house, and it was the last thing anyone expected.",surprise
"My neighbor discovered the contractor lied about the work, and it made my blood boil.",anger
"The whole class watched the pile of dirty laundry grow mold in the corner, and it was absolutely repulsive.",disgust
Our family watched the kids open their presents on Christmas morning and couldn't stop smiling all day.,joy
"The whole class kept getting the same excuse over and over, and I could not believe the audacity.",anger
"The whole class won the small lottery prize, filled with pure happiness.",joy
"The kids missed the last train home in the rain, feeling low for the rest of the day.",sadness
"She lost my job unexpectedly, and just wanted to be alone and cry.",sadness
"My roommate was yelled at for no reason, and it was the last straw.",anger
"My partner couldn't say goodbye in time, and the loneliness was overwhelming.",sadness
"The team discovered the twist ending nobody saw coming, and jaw dropped in astonishment.",surprise
So frustrated — my boss was overcharged and refused a refund.,anger
"My roommate listened to our old song and felt hollow, feeling low for the rest of the day.",sadness
"My dad saw the overflowing public restroom, and it turned my stomach.",disgust
"The whole class watched someone spit on the sidewalk, and it turned my stomach.",disgust
"The whole class saw the overflowing public restroom, and could not stand to be in the room.",disgust
My boss watched the kids open their presents on Christmas morning and celebrated with everyone around.,joy
"My coworker couldn't say goodbye in time, and just wanted to be alone and cry.",sadness
"We found a letter from someone I hadn't heard from in years, and it was the last thing anyone expected.",surprise
"The team watched the video of the unsanitary restaurant kitchen, wrinkling my nose in disgust.",disgust
"We heard the sad news about the layoffs, and a deep sadness settled in.",sadness
"My dad found a stranger had paid for our whole meal, and was speechless for a moment.",surprise
"My roommate cooked a meal that turned out perfectly, and it felt absolutely wonderful.",joy
"Our family saw the overflowing public restroom, and could not stand to be in the room.",disgust
"He found the package smashed after waiting all week, and I could not believe the audacity.",anger
"He felt the ground shake during the earthquake, and braced for the worst in anxious dread.",fear
"My sister was mocked in front of everyone, and it made my blood boil.",anger
"The crowd found a letter from someone I hadn't heard from in years, and could hardly believe their eyes.",surprise
"The crowd lost my job unexpectedly, and the loneliness was overwhelming.",sadness
"My sister opened the box to find something completely unexpected, and jaw dropped in astonishment.",surprise
"My best friend found hair in the meal at the restaurant, wrinkling my nose in disgust.",disgust
"My boss found out the rumor was actually true, out of absolutely nowhere.",surprise
"My boss found out the trip got cancelled, feeling completely heartbroken.",sadness
"My friend watched the shadow move across the wall, and braced for the worst in anxious dread.",fear
"My neighbor found the bathroom left in a disgusting state after the party, gagging at the sight of it.",disgust
So much happiness today because the whole class reunited with an old friend after years apart.,joy
"My boss found out the trip got cancelled, and a heavy sorrow followed.",sadness
"My brother saw fireworks go off out of nowhere, and jaw dropped in astonishment.",surprise
What a shock — my boss got a call saying I'd won an award I never applied for.,surprise
"My brother discovered the contractor lied about the work, and it was the last straw.",anger
My neighbor got a text saying we need to talk right away and froze in terror.,fear
"My neighbor finally paid off all my debt, filled with pure happiness.",joy
"My roommate watched the kids open their presents on Christmas morning, and it felt absolutely wonderful.",joy
"My mom got an email saying the project was already approved, totally caught off guard.",surprise
So gross — my coworker saw the dirty dishes piled up for a week.,disgust
"We felt the ground shake during the earthquake, and was too scared to move.",fear
"My boss got accepted into my dream university, filled with pure happiness.",joy
She had to say goodbye to my childhood home and couldn't hold back the tears.,sadness
"I found out my coworker was secretly the author of the book, and gasped in disbelief.",surprise
"He watched the news report about the contaminated water supply, and it was absolutely repulsive.",disgust
My brother noticed the mildew smell coming from the carpet and immediately felt sick to the stomach.,disgust
"My boss got charged twice for the same order, and I could not believe the audacity.",anger
Our family opened the fridge to a smell that made me gag and immediately felt sick to the stomach.,disgust
She found out I passed the exam and couldn't stop smiling all day.,joy
"He saw maggots in the trash can, and had to look away in disgust.",disgust
"My boss saw someone litter directly on the beach, and refused to touch anything after that.",disgust
"Our family watched the pile of dirty laundry grow mold in the corner, and refused to touch anything after that.",disgust
"My neighbor felt the ground shake during the earthquake, and the fear was paralyzing.",fear
"My partner saw the entire office decorated for my birthday, and was speechless for a moment.",surprise
My coworker lost my job unexpectedly and couldn't hold back the tears.,sadness
"He noticed someone following the car for several blocks, and couldn't shake the sense of danger.",fear
"My best friend watched the pile of dirty laundry grow mold in the corner, and it turned my stomach.",disgust
"My neighbor sat alone in the empty apartment, and it left a lasting ache.",sadness
So much happiness today because he saw my favorite band live.,joy
My mom heard a strange noise in the empty house and froze in terror.,fear
My dad saw my favorite band live and couldn't stop smiling all day.,joy
"He found the milk had gone sour and lumpy, and refused to touch anything after that.",disgust
"The team heard someone try the locked door handle at night, and couldn't shake the sense of danger.",fear
"My partner saw my favorite band live, grinning from ear to ear.",joy
What a shock — she heard the announcement that caught everyone off guard.,surprise
So gross — the team opened the fridge to a smell that made me gag.,disgust
"My best friend found out I was accepted a full year early, and it took a while to process the surprise.",surprise
"The whole class failed the final exam after months of studying, and just wanted to be alone and cry.",sadness
My friend found a stranger had paid for our whole meal and stood there completely stunned.,surprise
"The team heard the dog growl at something unseen in the yard, and was too scared to move.",fear
My dad finally paid off all my debt and felt overjoyed about it.,joy
"My neighbor noticed the rotten smell coming from under the sink, and it turned my stomach.",disgust
So much happiness today because my partner finished the marathon.,joy
"The crowd spent the holiday alone this year, and everything felt empty afterward.",sadness
My partner heard someone try the locked door handle at night and froze in terror.,fear
"My sister sat through the funeral trying not to cry, and the loneliness was overwhelming.",sadness
"My partner missed the last train home in the rain, feeling completely heartbroken.",sadness
"Our family got the promotion I've been working towards, and it felt absolutely wonderful.",joy
"My friend noticed the mildew smell coming from the carpet, wrinkling my nose in disgust.",disgust
"My coworker was interrupted for the third time in a row, and snapped at everyone afterward.",anger
"My dad read the goodbye letter one more time, and the loneliness was overwhelming.",sadness
"The team heard the power go out during the thunderstorm, terrified of what might happen next.",fear
"My neighbor planted a garden that's finally blooming, filled with pure happiness.",joy
"The whole class failed the final exam after months of studying, and a deep sadness settled in.",sadness
What a shock — my friend got an email saying the project was already approved.,surprise
"My friend watched the pile of dirty laundry grow mold in the corner, and had to look away in disgust.",disgust
So gross — my boss noticed the rotten smell coming from under the sink.,disgust
"The kids watched the video of the unsanitary restaurant kitchen, and had to look away in disgust.",disgust
My dad danced all night at the wedding and celebrated with everyone around.,joy
"My boss got an email saying the project was already approved, and it was the last thing anyone expected.",surprise
"My brother found out we were having twins, and was speechless for a moment.",surprise
So frustrated — my brother sat through another broken promise.,anger
The whole class finally paid off all my debt and felt overjoyed about it.,joy
"I spent the holiday alone this year, feeling completely heartbroken.",sadness
"My dad saw the entire office decorated for my birthday, and it took a while to process the surprise.",surprise
"My best friend watched the shadow move across the wall, and couldn't shake the sense of danger.",fear
"The crowd noticed someone following the car for several blocks, and braced for the worst in anxious dread.",fear
The team watched the underdog team win in the final second and stood there completely stunned.,surprise
"My roommate had to say goodbye to my childhood home, and just wanted to be alone and cry.",sadness
My partner adopted a puppy today and celebrated with everyone around.,joy
"My roommate failed the final exam after months of studying, and it left a lasting ache.",sadness
"The kids felt the boat rock violently in the storm, and a chill of dread ran down my spine.",fear
"The whole class found the package smashed after waiting all week, and it felt completely unfair and enraging.",anger
"My neighbor had my flight cancelled with no explanation, and was seething with rage.",anger
"We found the bathroom left in a disgusting state after the party, and it was utterly revolting.",disgust
"My mom saw the smoke alarm go off at 3am, and the fear was paralyzing.",fear
"My sister lost my grandmother last week, and a deep sadness settled in.",sadness
"The whole class found out my trust was betrayed, and I could not believe the audacity.",anger
"He got the call from the hospital in the middle of the night, and my heart started racing with fear.",fear
"My neighbor smelled the garbage that had been sitting out for days, and it was absolutely repulsive.",disgust
So gross — we found the bathroom left in a disgusting state after the party.,disgust
"The team read the goodbye letter one more time, and everything felt empty afterward.",sadness
So much happiness today because i got a surprise visit from family.,joy
"He failed the final exam after months of studying, and it left a lasting ache.",sadness
"My mom noticed the rotten smell coming from under the sink, and it was utterly revolting.",disgust
"The team waited two hours for a refund that never came, and slammed the door in anger.",anger
"My sister opened the box to find something completely unexpected, totally caught off guard.",surprise
"My boss heard the announcement that caught everyone off guard, and it was the last thing anyone expected.",surprise
My dad opened the fridge to a smell that made me gag and immediately felt sick to the stomach.,disgust
"Our family noticed the mildew smell coming from the carpet, and it turned my stomach.",disgust
"My mom found the milk had gone sour and lumpy, and refused to touch anything after that.",disgust
"My friend got a call saying I'd won an award I never applied for, out of absolutely nowhere.",surprise
"My partner waited for the biopsy results, and braced for the worst in anxious dread.",fear
So frustrated — my roommate got charged twice for the same order.,anger
Our family watched the sunrise on the beach and felt overjoyed about it.,joy
"My coworker watched someone chew with their mouth wide open, and it turned my stomach.",disgust
"My neighbor found out my trust was betrayed, and it was infuriating.",anger
"My partner heard the announcement that caught everyone off guard, and it was the last thing anyone expected.",surprise
"She opened the fridge to a smell that made me gag, and could not stand to be in the room.",disgust
"I noticed someone following the car for several blocks, shaking with fear the whole time.",fear
What a joy — my coworker got accepted into my dream university.,joy
"Our family read the goodbye letter one more time, and the loneliness was overwhelming.",sadness
"My brother found a cockroach crawling across the counter, gagging at the sight of it.",disgust
"The whole class adopted a puppy today, and my heart felt so light.",joy
"The team had the neighbor's dog ruin the garden again, and it was the last straw.",anger
So frustrated — my neighbor was lied to right to my face.,anger
The kids ran into my old teacher at the airport and stood there completely stunned.,surprise
"My partner saw headlights speeding straight at us, and my heart started racing with fear.",fear
"My brother saw the dirty dishes piled up for a week, gagging at the sight of it.",disgust
"I found out my coworker was secretly the author of the book, and it took a while to process the surprise.",surprise
Our family hit a new personal record at the gym and celebrated with everyone around.,joy
"The team waited two hours for a refund that never came, and it was infuriating.",anger
"My sister noticed someone following the car for several blocks, and panic set in immediately.",fear
My roommate danced all night at the wedding! Best day ever.,joy
"My roommate felt the plane shake violently in turbulence, shaking with fear the whole time.",fear
"She opened a birthday present early, filled with pure happiness.",joy
"The crowd watched the pile of dirty laundry grow mold in the corner, wrinkling my nose in disgust.",disgust
What a joy — my sister hit a new personal record at the gym.,joy
My boss finally paid off all my debt! Best day ever.,joy
"My partner got accepted into my dream university, and my heart felt so light.",joy
So much happiness today because my sister got accepted into my dream university.,joy
"My partner watched the shadow move across the wall, and my heart started racing with fear.",fear
"My sister had my flight cancelled with no explanation, and snapped at everyone afterward.",anger
"The kids saw the dirty dishes piled up for a week, and it was utterly revolting.",disgust
"My coworker watched my best friend move away, and a deep sadness settled in.",sadness
"My brother packed away the belongings of someone I lost, and it left a lasting ache.",sadness
"My mom watched someone chew with their mouth wide open, and it turned my stomach.",disgust
"She watched the rain fall on an empty street, and everything felt empty afterward.",sadness
My friend opened a birthday present early and couldn't stop smiling all day.,joy
"My brother found mold growing in the leftover food, and it was absolutely repulsive.",disgust
We watched the rain fall on an empty street and couldn't hold back the tears.,sadness
"My neighbor was ignored during the entire meeting, and snapped at everyone afterward.",anger
"We found a letter from someone I hadn't heard from in years, totally caught off guard.",surprise
"My roommate saw the kitchen left in a filthy state, and could not stand to be in the room.",disgust
So much happiness today because my partner received an unexpected gift.,joy
"I waited two hours for a refund that never came, and it was the last straw.",anger
"My dad remembered the anniversary of the loss, and a heavy sorrow followed.",sadness
"My neighbor saw the smoke alarm go off at 3am, shaking with fear the whole time.",fear
"He had to say goodbye to my childhood home, feeling completely heartbroken.",sadness
So frustrated — my roommate had my flight cancelled with no explanation.,anger
"Our family had my flight cancelled with no explanation, and slammed the door in anger.",anger
"Our family heard the dog growl at something unseen in the yard, and the fear was paralyzing.",fear
"The kids had to say goodbye to my childhood home, and a heavy sorrow followed.",sadness
"She learned the whole trip was planned in secret, and gasped in disbelief.",surprise
What a joy — my dad cooked a meal that turned out perfectly.,joy
My partner received an unexpected gift and couldn't stop smiling all day.,joy
"The team saw the smoke alarm go off at 3am, terrified of what might happen next.",fear
"The whole class sat through the funeral trying not to cry, and it left a lasting ache.",sadness
"My sister missed the last train home in the rain, and just wanted to be alone and cry.",sadness
"The crowd got the promotion I've been working towards, and my heart felt so light.",joy
"She watched someone chew with their mouth wide open, and refused to touch anything after that.",disgust
"The crowd heard the dog growl at something unseen in the yard, and my heart started racing with fear.",fear
My mom found out the trip got cancelled and couldn't hold back the tears.,sadness
"We noticed someone following the car for several blocks, and the fear was paralyzing.",fear
"My neighbor got an email saying the project was already approved, and jaw dropped in astonishment.",surprise
"My brother opened the door to find an old friend waiting, and it took a while to process the surprise.",surprise
"My partner found the milk had gone sour and lumpy, and could not stand to be in the room.",disgust
"My coworker saw my favorite band live, and it felt absolutely wonderful.",joy
He watched the sunrise on the beach and celebrated with everyone around.,joy
"I found out my trust was betrayed, and was seething with rage.",anger
"My roommate heard footsteps behind me on the dark street, and was too scared to move.",fear
"The team saw maggots in the trash can, and it was utterly revolting.",disgust
"My roommate was yelled at for no reason, and I could not believe the audacity.",anger
"The team discovered the contractor lied about the work, and it felt completely unfair and enraging.",anger
"My roommate found the milk had gone sour and lumpy, and it turned my stomach.",disgust
"My coworker saw the dirty dishes piled up for a week, wrinkling my nose in disgust.",disgust
"The team watched the old photographs and felt the years slip by, and a deep sadness settled in.",sadness
"He watched my best friend move away, feeling low for the rest of the day.",sadness
So frustrated — our family was mocked in front of everyone.,anger
"My neighbor got a call saying I'd won an award I never applied for, and it took a while to process the surprise.",surprise
My dad found out I was accepted a full year early and stood there completely stunned.,surprise
"My dad was overcharged and refused a refund, and it was infuriating.",anger
"The team reunited with an old friend after years apart, and my heart felt so light.",joy
"My boss kept getting the same excuse over and over, and I could not believe the audacity.",anger
"My sister found a cockroach crawling across the counter, and had to look away in disgust.",disgust
"The team got the call from the hospital in the middle of the night, and my heart started racing with fear.",fear
"My dad waited for the biopsy results, and my heart started racing with fear.",fear
"The kids got a call saying I'd won an award I never applied for, and could hardly believe their eyes.",surprise
"My best friend opened a birthday present early, filled with pure happiness.",joy
The kids planted a garden that's finally blooming and couldn't stop smiling all day.,joy
"Our family watched the underdog team win in the final second, out of absolutely nowhere.",surprise
"My partner realized we were lost deep in the woods after dark, and was too scared to move.",fear
"The crowd saw the dirty dishes piled up for a week, and it was utterly revolting.",disgust
"My sister heard a strange noise in the empty house, and my heart started racing with fear.",fear
What a joy — he spent the whole day laughing with friends.,joy
I watched the kids open their presents on Christmas morning and felt overjoyed about it.,joy
"My neighbor watched the pile of dirty laundry grow mold in the corner, and could not stand to be in the room.",disgust
"My coworker saw someone litter directly on the beach, and had to look away in disgust.",disgust
"My coworker discovered the twist ending nobody saw coming, and jaw dropped in astonishment.",surprise
"My sister heard a strange noise in the empty house, and the fear was paralyzing.",fear
The crowd adopted a puppy today! Best day ever.,joy
She got a surprise visit from family and couldn't stop smiling all day.,joy
"The crowd received an unexpected gift, filled with pure happiness.",joy
"Our family saw the dirty dishes piled up for a week, and had to look away in disgust.",disgust
"My neighbor felt the boat rock violently in the storm, and a chill of dread ran down my spine.",fear
My neighbor reunited with an old friend after years apart and celebrated with everyone around.,joy
"My dad remembered the anniversary of the loss, and everything felt empty afterward.",sadness
"We saw the check engine light flash on the highway, and panic set in immediately.",fear
The team saw the overflowing public restroom and immediately felt sick to the stomach.,disgust
"My friend watched the news about the approaching hurricane, and a chill of dread ran down my spine.",fear
"He was mocked in front of everyone, and it was infuriating.",anger
"My mom waited for the biopsy results, and a chill of dread ran down my spine.",fear
"We felt the ground shake during the earthquake, and the fear was paralyzing.",fear
"My best friend found a letter from someone I hadn't heard from in years, and was speechless for a moment.",surprise
It broke my heart when my sister missed the last train home in the rain.,sadness
"The crowd smelled the garbage that had been sitting out for days, and it was absolutely repulsive.",disgust
"He waited for the biopsy results, and my heart started racing with fear.",fear
"My neighbor had the neighbor's dog ruin the garden again, and it was the last straw.",anger
My dad hit a new personal record at the gym! Best day ever.,joy
"My dad saw someone litter directly on the beach, and could not stand to be in the room.",disgust
"The kids was overcharged and refused a refund, and I could not believe the audacity.",anger
"The team saw fireworks go off out of nowhere, out of absolutely nowhere.",surprise
The crowd watched the kids open their presents on Christmas morning and celebrated with everyone around.,joy
"My friend hit a new personal record at the gym, grinning from ear to ear.",joy
"The kids got cut off in traffic again, and snapped at everyone afterward.",anger
"My roommate watched the video of the unsanitary restaurant kitchen, and it was utterly revolting.",disgust
"I saw fireworks go off out of nowhere, and it took a while to process the surprise.",surprise
What a joy — my friend saw my favorite band live.,joy
My roommate felt the elevator jolt to a stop between floors and froze in terror.,fear
"My brother saw the dirty dishes piled up for a week, and it turned my stomach.",disgust
So much happiness today because my boss got accepted into my dream university.,joy
"My sister lost my job unexpectedly, feeling low for the rest of the day.",sadness
"The kids saw the storm clouds rolling in fast, and braced for the worst in anxious dread.",fear
"My roommate found out my trust was betrayed, and was seething with rage.",anger
"The crowd adopted a puppy today, and it felt absolutely wonderful.",joy
It broke my heart when my friend failed the final exam after months of studying.,sadness
"My partner saw the overflowing public restroom, and it was absolutely repulsive.",disgust
"My coworker watched the old photographs and felt the years slip by, and it left a lasting ache.",sadness
So much happiness today because she reunited with an old friend after years apart.,joy
"My best friend had the neighbor's dog ruin the garden again, and snapped at everyone afterward.",anger
"The crowd heard the sad news about the layoffs, and it left a lasting ache.",sadness
So frustrated — the team was lied to right to my face.,anger
"My roommate heard the power go out during the thunderstorm, terrified of what might happen next.",fear
"She smelled the garbage that had been sitting out for days, gagging at the sight of it.",disgust
My best friend received an unexpected gift and celebrated with everyone around.,joy
"The whole class watched the kids open their presents on Christmas morning, and my heart felt so light.",joy
"My best friend was overcharged and refused a refund, and I could not believe the audacity.",anger
"I watched the kids open their presents on Christmas morning, grinning from ear to ear.",joy
"My brother heard someone try the locked door handle at night, and was too scared to move.",fear
The team noticed the rotten smell coming from under the sink and immediately felt sick to the stomach.,disgust
"My mom felt the plane shake violently in turbulence, shaking with fear the whole time.",fear
What a joy — my dad planted a garden that's finally blooming.,joy
My best friend found the food crawling with ants and immediately felt sick to the stomach.,disgust
"The team saw maggots in the trash can, and could not stand to be in the room.",disgust
"My mom walked into a surprise party thrown by my friends, and could hardly believe their eyes.",surprise
"My friend couldn't say goodbye in time, and a deep sadness settled in.",sadness
It broke my heart when he spent the holiday alone this year.,sadness
"We discovered a hidden room in the old house, and could hardly believe their eyes.",surprise
"My sister adopted a puppy today, and my heart felt so light.",joy
"The crowd found a stranger had paid for our whole meal, and was speechless for a moment.",surprise
"The whole class found a cockroach crawling across the counter, and could not stand to be in the room.",disgust
"I waited two hours for a refund that never came, and it was infuriating.",anger
"My brother felt the plane shake violently in turbulence, and the fear was paralyzing.",fear
"My dad planted a garden that's finally blooming, filled with pure happiness.",joy
"The crowd saw headlights speeding straight at us, and the fear was paralyzing.",fear
"The whole class watched the video of the unsanitary restaurant kitchen, gagging at the sight of it.",disgust
"My partner got an email saying the project was already approved, and it was the last thing anyone expected.",surprise
"My friend was yelled at for no reason, and it felt completely unfair and enraging.",anger
"She watched someone chew with their mouth wide open, wrinkling my nose in disgust.",disgust
The kids heard the power go out during the thunderstorm and froze in terror.,fear
"Our family had to say goodbye to my childhood home, and the loneliness was overwhelming.",sadness
"The crowd had to say goodbye to my childhood home, and it left a lasting ache.",sadness
"My roommate heard the power go out during the thunderstorm, shaking with fear the whole time.",fear
"My boss missed the last train home in the rain, and it left a lasting ache.",sadness
"My coworker was ignored during the entire meeting, and it was infuriating.",anger
"My brother planted a garden that's finally blooming, and my heart felt so light.",joy
"We reunited with an old friend after years apart, and it felt absolutely wonderful.",joy
"We heard the power go out during the thunderstorm, terrified of what might happen next.",fear
"Our family found out the trip got cancelled, and just wanted to be alone and cry.",sadness
My sister opened a birthday present early and celebrated with everyone around.,joy
"He adopted a puppy today, grinning from ear to ear.",joy
"The crowd heard the dog growl at something unseen in the yard, and was too scared to move.",fear
My roommate watched someone chew with their mouth wide open and immediately felt sick to the stomach.,disgust
"My mom had the neighbor's dog ruin the garden again, and it felt completely unfair and enraging.",anger
"The crowd felt the boat rock violently in the storm, and a chill of dread ran down my spine.",fear
My roommate listened to our old song and felt hollow and couldn't hold back the tears.,sadness
"My partner found out the trip got cancelled, and it left a lasting ache.",sadness
"My brother found the milk had gone sour and lumpy, and refused to touch anything after that.",disgust
My boss opened a birthday present early and felt overjoyed about it.,joy
"My coworker found mold growing in the leftover food, and it was utterly revolting.",disgust
"My brother opened a birthday present early, and it felt absolutely wonderful.",joy
"She was mocked in front of everyone, and slammed the door in anger.",anger
"My friend was yelled at for no reason, and it was infuriating.",anger
"He was blamed for a mistake I didn't make, and was seething with rage.",anger
"My coworker got a text saying we need to talk right away, shaking with fear the whole time.",fear
"My dad saw someone litter directly on the beach, and it turned my stomach.",disgust
"My partner saw the storm clouds rolling in fast, and my heart started racing with fear.",fear
My best friend cooked a meal that turned out perfectly and couldn't stop smiling all day.,joy
My coworker cancelled the trip we had planned together and couldn't hold back the tears.,sadness
"My friend found out the trip got cancelled, feeling completely heartbroken.",sadness
"The kids won the small lottery prize, and my heart felt so light.",joy
"The team realized we were lost deep in the woods after dark, and was too scared to move.",fear
"My friend discovered the twist ending nobody saw coming, and could hardly believe their eyes.",surprise
"My best friend got cut off in traffic again, and it felt completely unfair and enraging.",anger
"My best friend was overcharged and refused a refund, and it was the last straw.",anger
It broke my heart when my boss packed away the belongings of someone I lost.,sadness
So much happiness today because the whole class found out I passed the exam.,joy
"She found the milk had gone sour and lumpy, and could not stand to be in the room.",disgust
"She hit a new personal record at the gym, grinning from ear to ear.",joy
"My sister saw the check engine light flash on the highway, and the fear was paralyzing.",fear
"My boss heard the announcement that caught everyone off guard, and it took a while to process the surprise.",surprise
"Our family found a stranger had paid for our whole meal, and jaw dropped in astonishment.",surprise
So much happiness today because my boss won the small lottery prize.,joy
"He landed the job offer, and my heart felt so light.",joy
He watched the kids open their presents on Christmas morning and couldn't stop smiling all day.,joy
So frustrated — we was mocked in front of everyone.,anger
I watched the sunrise on the beach and couldn't stop smiling all day.,joy
"My partner found a cockroach crawling across the counter, and had to look away in disgust.",disgust
What a joy — my dad reunited with an old friend after years apart.,joy
So frustrated — my brother was overcharged and refused a refund.,anger
So gross — my mom saw maggots in the trash can.,disgust
"My sister learned the whole trip was planned in secret, and jaw dropped in astonishment.",surprise
She landed the job offer! Best day ever.,joy
My coworker danced all night at the wedding and celebrated with everyone around.,joy
"My boss had my flight cancelled with no explanation, and I could not believe the audacity.",anger
"He saw the check engine light flash on the highway, shaking with fear the whole time.",fear
"She opened the fridge to find it fully stocked by a neighbor, and could hardly believe their eyes.",surprise
So much happiness today because the team found out I passed the exam.,joy
"He noticed the rotten smell coming from under the sink, gagging at the sight of it.",disgust
My partner won the small lottery prize and felt overjoyed about it.,joy
So gross — the team found the milk had gone sour and lumpy.,disgust
"Our family saw someone litter directly on the beach, and it was utterly revolting.",disgust
My friend realized the relationship was over and couldn't hold back the tears.,sadness
"My friend watched the rain fall on an empty street, and everything felt empty afterward.",sadness
"My partner felt the elevator jolt to a stop between floors, and braced for the worst in anxious dread.",fear
"My partner saw the storm clouds rolling in fast, terrified of what might happen next.",fear
"My friend hit a new personal record at the gym, filled with pure happiness.",joy
"My brother saw the smoke alarm go off at 3am, and was too scared to move.",fear
"My best friend watched the shadow move across the wall, and was too scared to move.",fear
"Our family found the bathroom left in a disgusting state after the party, gagging at the sight of it.",disgust
"He opened the door to find an old friend waiting, and was speechless for a moment.",surprise
"The kids waited for the biopsy results, and a chill of dread ran down my spine.",fear
"The kids saw the smoke alarm go off at 3am, terrified of what might happen next.",fear
"My brother cooked a meal that turned out perfectly, and it felt absolutely wonderful.",joy
"I had my flight cancelled with no explanation, and it made my blood boil.",anger
"My coworker opened the door to find an old friend waiting, and jaw dropped in astonishment.",surprise
My best friend found a letter from someone I hadn't heard from in years and stood there completely stunned.,surprise
"He saw my favorite band live, filled with pure happiness.",joy
"My boss realized we were lost deep in the woods after dark, shaking with fear the whole time.",fear
"The crowd waited for the biopsy results, shaking with fear the whole time.",fear
"The kids saw my favorite band live, grinning from ear to ear.",joy
"My friend discovered a hidden room in the old house, and was speechless for a moment.",surprise
"My roommate watched the old photographs and felt the years slip by, and it left a lasting ache.",sadness
The whole class heard the power go out during the thunderstorm and froze in terror.,fear
"She had my flight cancelled with no explanation, and it felt completely unfair and enraging.",anger
"The team watched the pile of dirty laundry grow mold in the corner, and had to look away in disgust.",disgust
"We watched the shadow move across the wall, and my heart started racing with fear.",fear
"My partner found the package smashed after waiting all week, and I could not believe the audacity.",anger
"My neighbor was ignored during the entire meeting, and it was the last straw.",anger
"She couldn't say goodbye in time, and it left a lasting ache.",sadness
"Our family discovered the contractor lied about the work, and slammed the door in anger.",anger
The crowd discovered the twist ending nobody saw coming and stood there completely stunned.,surprise
"My partner realized the relationship was over, and everything felt empty afterward.",sadness
"My partner saw fireworks go off out of nowhere, and it took a while to process the surprise.",surprise
"My roommate found out I was accepted a full year early, and it took a while to process the surprise.",surprise
"My brother was blamed for a mistake I didn't make, and it was infuriating.",anger
"My neighbor had the neighbor's dog ruin the garden again, and slammed the door in anger.",anger
"My coworker sat through the funeral trying not to cry, and the loneliness was overwhelming.",sadness
What a shock — my dad discovered the twist ending nobody saw coming.,surprise
My boss watched someone spit on the sidewalk and immediately felt sick to the stomach.,disgust
"My partner packed away the belongings of someone I lost, and the loneliness was overwhelming.",sadness
"My friend saw fireworks go off out of nowhere, totally caught off guard.",surprise
My roommate got a text saying we need to talk right away and froze in terror.,fear
He got a surprise visit from family! Best day ever.,joy
"The kids felt the plane shake violently in turbulence, and a chill of dread ran down my spine.",fear
"My boss saw fireworks go off out of nowhere, and it took a while to process the surprise.",surprise
So frustrated — my mom got cut off in traffic again.,anger
"My neighbor saw the smoke alarm go off at 3am, and braced for the worst in anxious dread.",fear
"My friend adopted a puppy today, and it felt absolutely wonderful.",joy
"He opened the door to find an old friend waiting, and it was the last thing anyone expected.",surprise
"My friend felt the plane shake violently in turbulence, and panic set in immediately.",fear
"My neighbor realized the relationship was over, and it left a lasting ache.",sadness
"My sister heard the power go out during the thunderstorm, terrified of what might happen next.",fear
"I sat through another broken promise, and it was the last straw.",anger
"We found out my coworker was secretly the author of the book, and could hardly believe their eyes.",surprise
"My boss sat through another broken promise, and snapped at everyone afterward.",anger
"My neighbor watched the news about the approaching hurricane, and couldn't shake the sense of danger.",fear
"My neighbor saw the smoke alarm go off at 3am, and couldn't shake the sense of danger.",fear
"I found a cockroach crawling across the counter, and had to look away in disgust.",disgust
"My roommate waited two hours for a refund that never came, and it was infuriating.",anger
"My boss watched the pile of dirty laundry grow mold in the corner, and could not stand to be in the room.",disgust
"He hit a new personal record at the gym, grinning from ear to ear.",joy
"My neighbor spent the holiday alone this year, and everything felt empty afterward.",sadness
So frustrated — the kids was lied to right to my face.,anger
"My brother saw the smoke alarm go off at 3am, shaking with fear the whole time.",fear
"My coworker saw someone litter directly on the beach, and refused to touch anything after that.",disgust
"My brother found the milk had gone sour and lumpy, and could not stand to be in the room.",disgust
"My coworker heard the dog growl at something unseen in the yard, shaking with fear the whole time.",fear
"The kids cancelled the trip we had planned together, and the loneliness was overwhelming.",sadness
"My dad found hair in the meal at the restaurant, and it was utterly revolting.",disgust
"My neighbor felt the boat rock violently in the storm, and the fear was paralyzing.",fear
"My roommate was mocked in front of everyone, and it felt completely unfair and enraging.",anger
What a joy — i watched the sunrise on the beach.,joy
The crowd adopted a puppy today and couldn't stop smiling all day.,joy
"I spent the holiday alone this year, and just wanted to be alone and cry.",sadness
"The crowd found out I passed the exam, filled with pure happiness.",joy
"We watched the underdog team win in the final second, totally caught off guard.",surprise
"He had my idea stolen and presented as someone else's, and it felt completely unfair and enraging.",anger
"She read the goodbye letter one more time, and just wanted to be alone and cry.",sadness
"The kids heard the announcement that caught everyone off guard, totally caught off guard.",surprise
"My neighbor sat through the funeral trying not to cry, and a deep sadness settled in.",sadness
"He discovered a hidden room in the old house, and it took a while to process the surprise.",surprise
"My coworker watched the pile of dirty laundry grow mold in the corner, and refused to touch anything after that.",disgust
The team opened a birthday present early and celebrated with everyone around.,joy
"We heard the dog growl at something unseen in the yard, shaking with fear the whole time.",fear
It broke my heart when i spent the holiday alone this year.,sadness
"My roommate found out we were having twins, and gasped in disbelief.",surprise
So frustrated — my coworker had my idea stolen and presented as someone else's.,anger
So frustrated — he discovered the contractor lied about the work.,anger
"My roommate found the bathroom left in a disgusting state after the party, and it turned my stomach.",disgust
"My boss spent the holiday alone this year, and it left a lasting ache.",sadness
"The crowd realized we were lost deep in the woods after dark, and my heart started racing with fear.",fear
"My mom watched the shadow move across the wall, and panic set in immediately.",fear
"My partner listened to our old song and felt hollow, and the loneliness was overwhelming.",sadness
"He smelled the garbage that had been sitting out for days, and had to look away in disgust.",disgust
"The whole class found the food crawling with ants, and it turned my stomach.",disgust
"My sister smelled the garbage that had been sitting out for days, and it was utterly revolting.",disgust
"My dad heard footsteps behind me on the dark street, and a chill of dread ran down my spine.",fear
"My roommate found out we were having twins, and was speechless for a moment.",surprise
"The kids opened the box to find something completely unexpected, and it was the last thing anyone expected.",surprise
"My best friend watched the news report about the contaminated water supply, gagging at the sight of it.",disgust
It broke my heart when my partner couldn't say goodbye in time.,sadness
"My boss got charged twice for the same order, and slammed the door in anger.",anger
"We had my idea stolen and presented as someone else's, and slammed the door in anger.",anger
"We found out my trust was betrayed, and slammed the door in anger.",anger
"My neighbor found mold growing in the leftover food, and had to look away in disgust.",disgust
"My roommate watched someone cut the line, and it was infuriating.",anger
"The kids saw the kitchen left in a filthy state, and it was absolutely repulsive.",disgust
"My mom saw the entire office decorated for my birthday, and could hardly believe their eyes.",surprise
"My mom adopted a puppy today, and it felt absolutely wonderful.",joy
"The whole class sat through another broken promise, and it was infuriating.",anger
"My dad walked into a surprise party thrown by my friends, and jaw dropped in astonishment.",surprise
My boss landed the job offer! Best day ever.,joy
Our family adopted a puppy today and couldn't stop smiling all day.,joy
So frustrated — the crowd had my flight cancelled with no explanation.,anger
"My best friend watched someone chew with their mouth wide open, and refused to touch anything after that.",disgust
"We saw the smoke alarm go off at 3am, and my heart started racing with fear.",fear
"We got the promotion I've been working towards, and it felt absolutely wonderful.",joy
"The team opened the door to find an old friend waiting, and jaw dropped in astonishment.",surprise
So much happiness today because my brother hit a new personal record at the gym.,joy
"Our family won the small lottery prize, filled with pure happiness.",joy
"My friend heard the sad news about the layoffs, and a heavy sorrow followed.",sadness
"I missed the last train home in the rain, and the loneliness was overwhelming.",sadness
The kids found the bathroom left in a disgusting state after the party and immediately felt sick to the stomach.,disgust
"My brother spent the whole day laughing with friends, filled with pure happiness.",joy
"My dad saw fireworks go off out of nowhere, and gasped in disbelief.",surprise
"My mom had my idea stolen and presented as someone else's, and I could not believe the audacity.",anger
"My coworker saw the smoke alarm go off at 3am, and couldn't shake the sense of danger.",fear
"We adopted a puppy today, filled with pure happiness.",joy
"He watched the kids open their presents on Christmas morning, filled with pure happiness.",joy
"He heard someone try the locked door handle at night, and my heart started racing with fear.",fear
"The whole class spent the holiday alone this year, and everything felt empty afterward.",sadness
"My mom found out my trust was betrayed, and slammed the door in anger.",anger
We reunited with an old friend after years apart and celebrated with everyone around.,joy
"My friend found out I passed the exam, and my heart felt so light.",joy
"My boss opened the fridge to find it fully stocked by a neighbor, and could hardly believe their eyes.",surprise
"The crowd watched the rain fall on an empty street, feeling completely heartbroken.",sadness
"Our family saw maggots in the trash can, and had to look away in disgust.",disgust
"The crowd cooked a meal that turned out perfectly, filled with pure happiness.",joy
I saw the check engine light flash on the highway and froze in terror.,fear
So gross — my best friend found the bathroom left in a disgusting state after the party.,disgust
It broke my heart when my best friend packed away the belongings of someone I lost.,sadness
"My partner got a surprise visit from family, filled with pure happiness.",joy
"I reunited with an old friend after years apart, and it felt absolutely wonderful.",joy
"My best friend saw the kitchen left in a filthy state, wrinkling my nose in disgust.",disgust
"My best friend watched someone chew with their mouth wide open, and it turned my stomach.",disgust
"My neighbor waited for the biopsy results, and braced for the worst in anxious dread.",fear
So much happiness today because the whole class hit a new personal record at the gym.,joy
"My brother planted a garden that's finally blooming, and it felt absolutely wonderful.",joy
What a shock — my roommate heard the announcement that caught everyone off guard.,surprise
My dad finished the marathon and felt overjoyed about it.,joy
"My sister watched the news about the approaching hurricane, and my heart started racing with fear.",fear
"My neighbor heard the announcement that caught everyone off guard, totally caught off guard.",surprise
"The kids felt the boat rock violently in the storm, shaking with fear the whole time.",fear
"She spent the whole day laughing with friends, filled with pure happiness.",joy
"My coworker waited for the biopsy results, and the fear was paralyzing.",fear
"My best friend watched my best friend move away, feeling low for the rest of the day.",sadness
Our family planted a garden that's finally blooming and celebrated with everyone around.,joy
"The team was overcharged and refused a refund, and snapped at everyone afterward.",anger
"My brother found a stranger had paid for our whole meal, and gasped in disbelief.",surprise
"The kids waited two hours for a refund that never came, and snapped at everyone afterward.",anger
"My partner watched the rain fall on an empty street, and a heavy sorrow followed.",sadness
My neighbor remembered the anniversary of the loss and couldn't hold back the tears.,sadness
"My dad got an email saying the project was already approved, and gasped in disbelief.",surprise
"She found a stranger had paid for our whole meal, and jaw dropped in astonishment.",surprise
What a shock — my brother ran into my old teacher at the airport.,surprise
"Our family cooked a meal that turned out perfectly, filled with pure happiness.",joy
The kids planted a garden that's finally blooming and felt overjoyed about it.,joy
"My friend cooked a meal that turned out perfectly, and my heart felt so light.",joy
So frustrated — the whole class was overcharged and refused a refund.,anger
"My coworker had my idea stolen and presented as someone else's, and snapped at everyone afterward.",anger
"My coworker found the bathroom left in a disgusting state after the party, wrinkling my nose in disgust.",disgust
"The crowd watched the news report about the contaminated water supply, wrinkling my nose in disgust.",disgust
"My coworker cancelled the trip we had planned together, and just wanted to be alone and cry.",sadness
"We found out the rumor was actually true, and could hardly believe their eyes.",surprise
"My brother found out the trip got cancelled, and a deep sadness settled in.",sadness
"My partner found out my coworker was secretly the author of the book, and jaw dropped in astonishment.",surprise
"The kids was overcharged and refused a refund, and it made my blood boil.",anger
"She lost my job unexpectedly, and a heavy sorrow followed.",sadness
"My coworker lost my grandmother last week, feeling low for the rest of the day.",sadness
"The kids cancelled the trip we had planned together, and everything felt empty afterward.",sadness
"My mom discovered the twist ending nobody saw coming, and gasped in disbelief.",surprise
The kids landed the job offer! Best day ever.,joy
"We kept getting the same excuse over and over, and it felt completely unfair and enraging.",anger
"My mom felt the ground shake during the earthquake, and my heart started racing with fear.",fear
We heard the power go out during the thunderstorm and froze in terror.,fear
"My neighbor read the goodbye letter one more time, and it left a lasting ache.",sadness
My best friend saw the storm clouds rolling in fast and froze in terror.,fear
"My coworker found the bathroom left in a disgusting state after the party, gagging at the sight of it.",disgust
"My best friend finished the marathon, and my heart felt so light.",joy
The crowd received an unexpected gift and couldn't stop smiling all day.,joy
My boss got the promotion I've been working towards and felt overjoyed about it.,joy
"My dad watched the news report about the contaminated water supply, and it was utterly revolting.",disgust
"My mom reunited with an old friend after years apart, filled with pure happiness.",joy
"The whole class got a call saying I'd won an award I never applied for, and it was the last thing anyone expected.",surprise
"My sister saw the check engine light flash on the highway, and braced for the worst in anxious dread.",fear
"I watched the old photographs and felt the years slip by, and a deep sadness settled in.",sadness
"My best friend heard the sad news about the layoffs, and a deep sadness settled in.",sadness
So gross — my coworker watched someone spit on the sidewalk.,disgust
The crowd watched the sunrise on the beach and felt overjoyed about it.,joy
She spent the holiday alone this year and couldn't hold back the tears.,sadness
"My brother saw the entire office decorated for my birthday, and was speechless for a moment.",surprise
"My coworker saw the storm clouds rolling in fast, and a chill of dread ran down my spine.",fear
The kids had the neighbor's dog ruin the garden again and was absolutely furious about it.,anger
"My friend landed the job offer, grinning from ear to ear.",joy
What a shock — the kids heard the announcement that caught everyone off guard.,surprise
"My mom saw the smoke alarm go off at 3am, and a chill of dread ran down my spine.",fear
"I had the neighbor's dog ruin the garden again, and it was the last straw.",anger
"My best friend heard someone try the locked door handle at night, and couldn't shake the sense of danger.",fear
"The whole class opened the fridge to a smell that made me gag, gagging at the sight of it.",disgust
We finished the marathon and felt overjoyed about it.,joy
"The whole class realized the relationship was over, and everything felt empty afterward.",sadness
"My coworker was interrupted for the third time in a row, and it made my blood boil.",anger
My boss felt the boat rock violently in the storm and froze in terror.,fear
"My friend watched someone cut the line, and it was infuriating.",anger
My mom finally paid off all my debt and couldn't stop smiling all day.,joy
"The team opened the box to find something completely unexpected, totally caught off guard.",surprise
"She adopted a puppy today, filled with pure happiness.",joy
"My partner watched the pile of dirty laundry grow mold in the corner, and it turned my stomach.",disgust
"My mom learned the whole trip was planned in secret, and gasped in disbelief.",surprise
"He heard someone try the locked door handle at night, and the fear was paralyzing.",fear
"The whole class watched the underdog team win in the final second, and could hardly believe their eyes.",surprise
The kids smelled the garbage that had been sitting out for days and immediately felt sick to the stomach.,disgust
My mom watched my best friend move away and couldn't hold back the tears.,sadness
"My partner couldn't say goodbye in time, and a deep sadness settled in.",sadness
My roommate couldn't say goodbye in time and couldn't hold back the tears.,sadness
"My dad had the neighbor's dog ruin the garden again, and it made my blood boil.",anger
"My coworker watched the shadow move across the wall, terrified of what might happen next.",fear
It broke my heart when my brother sat alone in the empty apartment.,sadness
"Our family watched the shadow move across the wall, and braced for the worst in anxious dread.",fear
So gross — my partner saw the overflowing public restroom.,disgust
"My neighbor found hair in the meal at the restaurant, and it was absolutely repulsive.",disgust
"The team got the promotion I've been working towards, and it felt absolutely wonderful.",joy
The crowd got cut off in traffic again and was absolutely furious about it.,anger
